,EURUSD,euro_zone_growth,euro_zone_ibr,por_av_wage,por_bank_lending,por_income_tax,por_infl,por_personal_saving,por_unemployment
2010-12-30,1.3283,,,,,,,,
2010-12-29,1.3224,,,,,,,,
2010-12-28,1.312,,,,,,,,
2010-12-27,1.3161,,,,,,,,
2010-12-24,1.3118,,,,,,,,
2010-12-23,1.312,,,,,,,,
2010-12-22,1.31,,,,,,,,
2010-12-21,1.3096,,,,,,,,
2010-12-20,1.3121,,,,,,,,
2010-12-17,1.3182,,,,,,,,
2010-12-16,1.3239,,,,,,,,
2010-12-15,1.3213,,,,,,,,
2010-12-14,1.3384,,,,,,,,
2010-12-13,1.3391,,,,,,,,
2010-12-10,1.3234,,,,,,,,
2010-12-09,1.3245,,,,,,,,
2010-12-08,1.3259,,,,,,,,
2010-12-07,1.3264,,,,,,,,
2010-12-06,1.3306,,,,,,,,
2010-12-03,1.3415,,,,,,,,
2010-12-02,1.3227,,,,,,,,
2010-12-01,1.3143,,,,,,,,
2010-11-30,1.298,,,,,,,,
2010-11-29,1.3121,,,,,,,,
2010-11-26,1.3243,,,,,,,,
2010-11-25,1.3363,,,,,,,,
2010-11-24,1.3332,,,,,,,,
2010-11-23,1.3373,,,,,,,,
2010-11-22,1.3626,,,,,,,,
2010-11-19,1.3687,,,,,,,,
2010-11-18,1.3645,,,,,,,,
2010-11-17,1.3519,,,,,,,,
2010-11-16,1.3493,,,,,,,,
2010-11-15,1.3586,,,,,,,,
2010-11-12,1.3693,,,,,,,,
2010-11-11,1.3658,,,,,,,,
2010-11-10,1.3784,,,,,,,,
2010-11-09,1.3779,,,,,,,,
2010-11-08,1.3921,,,,,,,,
2010-11-05,1.4034,,,,,,,,
2010-11-04,1.42,,,,,,,,
2010-11-03,1.4145,,,,,,,,
2010-11-02,1.404,,,,,,,,
2010-11-01,1.3891,,,,,,,,
2010-10-29,1.395,,,,,,,,
2010-10-28,1.3932,,,,,,,,
2010-10-27,1.3769,,,,,,,,
2010-10-26,1.3861,,,,,,,,
2010-10-25,1.3966,,,,,,,,
2010-10-22,1.3952,,,,,,,,
2010-10-21,1.392,,,,,,,,
2010-10-20,1.3967,,,,,,,,
2010-10-19,1.3735,,,,,,,,
2010-10-18,1.3948,,,,,,,,
2010-10-15,1.3979,,,,,,,,
2010-10-14,1.4081,,,,,,,,
2010-10-13,1.3963,,,,,,,,
2010-10-12,1.3925,,,,,,,,
2010-10-11,1.3874,,,,,,,,
2010-10-08,1.3943,,,,,,,,
2010-10-07,1.3927,,,,,,,,
2010-10-06,1.3937,,,,,,,,
2010-10-05,1.3834,,,,,,,,
2010-10-04,1.3682,,,,,,,,
2010-10-01,1.3792,,,,,,,,
2010-09-30,1.3633,,,,,,,,
2010-09-29,1.3629,,,,,,,,
2010-09-28,1.3582,,,,,,,,
2010-09-27,1.3457,,,,,,,,
2010-09-24,1.3491,,,,,,,,
2010-09-23,1.3312,,,,,,,,
2010-09-22,1.34,,,,,,,,
2010-09-21,1.3252,,,,,,,,
2010-09-20,1.3066,,,,,,,,
2010-09-17,1.3048,,,,,,,,
2010-09-16,1.3076,,,,,,,,
2010-09-15,1.3005,,,,,,,,
2010-09-14,1.2996,,,,,,,,
2010-09-13,1.288,,,,,,,,
2010-09-10,1.268,,,,,,,,
2010-09-09,1.2694,,,,,,,,
2010-09-08,1.2723,,,,,,,,
2010-09-07,1.2683,,,,,,,,
2010-09-06,1.2873,,,,,,,,
2010-09-03,1.2896,,,,,,,,
2010-09-02,1.2826,,,,,,,,
2010-09-01,1.2812,,,,,,,,
2010-08-31,1.2687,,,,,,,,
2010-08-30,1.2664,,,,,,,,
2010-08-27,1.2765,,,,,,,,
2010-08-26,1.272,,,,,,,,
2010-08-25,1.2658,,,,,,,,
2010-08-24,1.2625,,,,,,,,
2010-08-23,1.2658,,,,,,,,
2010-08-20,1.2708,,,,,,,,
2010-08-19,1.2821,,,,,,,,
2010-08-18,1.2857,,,,,,,,
2010-08-17,1.2881,,,,,,,,
2010-08-16,1.2826,,,,,,,,
2010-08-13,1.2752,,,,,,,,
2010-08-12,1.2824,,,,,,,,
2010-08-11,1.2833,,,,,,,,
2010-08-10,1.3178,,,,,,,,
2010-08-09,1.3235,,,,,,,,
2010-08-06,1.3285,,,,,,,,
2010-08-05,1.3192,,,,,,,,
2010-08-04,1.316,,,,,,,,
2010-08-03,1.3228,,,,,,,,
2010-08-02,1.3182,,,,,,,,
2010-07-30,1.3048,,,,,,,,
2010-07-29,1.3079,,,,,,,,
2010-07-28,1.2993,,,,,,,,
2010-07-27,1.2995,,,,,,,,
2010-07-26,1.2995,,,,,,,,
2010-07-23,1.2907,,,,,,,,
2010-07-22,1.2891,,,,,,,,
2010-07-21,1.2757,,,,,,,,
2010-07-20,1.2886,,,,,,,,
2010-07-19,1.294,,,,,,,,
2010-07-16,1.2933,,,,,,,,
2010-07-15,1.2939,,,,,,,,
2010-07-14,1.2741,,,,,,,,
2010-07-13,1.2728,,,,,,,,
2010-07-12,1.259,,,,,,,,
2010-07-09,1.2637,,,,,,,,
2010-07-08,1.2694,,,,,,,,
2010-07-07,1.2635,,,,,,,,
2010-07-06,1.2624,,,,,,,,
2010-07-05,1.254,,,,,,,,
2010-07-02,1.2563,,,,,,,,
2010-07-01,1.2519,,,,,,,,
2010-06-30,1.2236,,,,,,,,
2010-06-29,1.2182,,,,,,,,
2010-06-28,1.2279,,,,,,,,
2010-06-25,1.2377,,,,,,,,
2010-06-24,1.2334,,,,,,,,
2010-06-23,1.2315,,,,,,,,
2010-06-22,1.2268,,,,,,,,
2010-06-21,1.2308,,,,,,,,
2010-06-18,1.2387,,,,,,,,
2010-06-17,1.238,,,,,,,,
2010-06-16,1.2308,,,,,,,,
2010-06-15,1.2324,,,,,,,,
2010-06-14,1.2218,,,,,,,,
2010-06-11,1.2113,,,,,,,,
2010-06-10,1.2109,,,,,,,,
2010-06-09,1.1986,,,,,,,,
2010-06-08,1.1975,,,,,,,,
2010-06-07,1.1915,,,,,,,,
2010-06-04,1.1976,,,,,,,,
2010-06-03,1.2157,,,,,,,,
2010-06-02,1.2251,,,,,,,,
2010-06-01,1.2227,,,,,,,,
2010-05-31,1.2306,,,,,,,,
2010-05-28,1.227,,,,,,,,
2010-05-27,1.2369,,,,,,,,
2010-05-26,1.2168,,,,,,,,
2010-05-25,1.2365,,,,,,,,
2010-05-24,1.2353,,,,,,,,
2010-05-21,1.2573,,,,,,,,
2010-05-20,1.2468,,,,,,,,
2010-05-19,1.2429,,,,,,,,
2010-05-18,1.2183,,,,,,,,
2010-05-17,1.2395,,,,,,,,
2010-05-14,1.2363,,,,,,,,
2010-05-13,1.253,,,,,,,,
2010-05-12,1.2622,,,,,,,,
2010-05-11,1.2655,,,,,,,,
2010-05-10,1.2782,,,,,,,,
2010-05-07,1.2762,,,,,,,,
2010-05-06,1.2656,,,,,,,,
2010-05-05,1.2814,,,,,,,,
2010-05-04,1.2982,,,,,,,,
2010-05-03,1.3194,,,,,,,,
2010-04-30,1.3298,,,,,,,,
2010-04-29,1.3225,,,,,,,,
2010-04-28,1.3214,,,,,,,,
2010-04-27,1.3165,,,,,,,,
2010-04-26,1.3397,,,,,,,,
2010-04-23,1.3386,,,,,,,,
2010-04-22,1.3293,,,,,,,,
2010-04-21,1.3387,,,,,,,,
2010-04-20,1.3438,,,,,,,,
2010-04-19,1.3485,,,,,,,,
2010-04-16,1.3499,,,,,,,,
2010-04-15,1.358,,,,,,,,
2010-04-14,1.3653,,,,,,,,
2010-04-13,1.3607,,,,,,,,
2010-04-12,1.3586,,,,,,,,
2010-04-09,1.3499,,,,,,,,
2010-04-08,1.336,,,,,,,,
2010-04-07,1.334,,,,,,,,
2010-04-06,1.3399,,,,,,,,
2010-04-05,1.3486,,,,,,,,
2010-04-02,1.3504,,,,,,,,
2010-04-01,1.3582,,,,,,,,
2010-03-31,1.3512,,,,,,,,
2010-03-30,1.3413,,,,,,,,
2010-03-29,1.3478,,,,,,,,
2010-03-26,1.3413,,,,,,,,
2010-03-25,1.3279,,,,,,,,
2010-03-24,1.3314,,,,,,,,
2010-03-23,1.35,,,,,,,,
2010-03-22,1.3556,,,,,,,,
2010-03-19,1.3534,,,,,,,,
2010-03-18,1.3607,,,,,,,,
2010-03-17,1.3738,,,,,,,,
2010-03-16,1.3772,,,,,,,,
2010-03-15,1.3676,,,,,,,,
2010-03-12,1.3763,,,,,,,,
2010-03-11,1.3679,,,,,,,,
2010-03-10,1.366,,,,,,,,
2010-03-09,1.3601,,,,,,,,
2010-03-08,1.363,,,,,,,,
2010-03-05,1.3622,,,,,,,,
2010-03-04,1.358,,,,,,,,
2010-03-03,1.37,,,,,,,,
2010-03-02,1.3605,,,,,,,,
2010-03-01,1.3561,,,,,,,,
2010-02-26,1.3626,,,,,,,,
2010-02-25,1.3556,,,,,,,,
2010-02-24,1.3531,,,,,,,,
2010-02-23,1.3506,,,,,,,,
2010-02-22,1.3598,,,,,,,,
2010-02-19,1.3615,,,,,,,,
2010-02-18,1.3617,,,,,,,,
2010-02-17,1.3606,,,,,,,,
2010-02-16,1.3769,,,,,,,,
2010-02-15,1.3599,,,,,,,,
2010-02-12,1.3618,,,,,,,,
2010-02-11,1.3682,,,,,,,,
2010-02-10,1.3727,,,,,,,,
2010-02-09,1.379,,,,,,,,
2010-02-08,1.3653,,,,,,,,
2010-02-05,1.3664,,,,,,,,
2010-02-04,1.3736,,,,,,,,
2010-02-03,1.3899,,,,,,,,
2010-02-02,1.3963,,,,,,,,
2010-02-01,1.3929,,,,,,,,
2010-01-29,1.3864,,,,,,,,
2010-01-28,1.3963,,,,,,,,
2010-01-27,1.4019,,,,,,,,
2010-01-26,1.4076,,,,,,,,
2010-01-25,1.4152,,,,,,,,
2010-01-22,1.4138,,,,,,,,
2010-01-21,1.4091,,,,,,,,
2010-01-20,1.4101,,,,,,,,
2010-01-19,1.4301,,,,,,,,
2010-01-18,1.4386,,,,,,,,
2010-01-15,1.4385,,,,,,,,
2010-01-14,1.4503,,,,,,,,
2010-01-13,1.4512,,,,,,,,
2010-01-12,1.4495,,,,,,,,
2010-01-11,1.4514,,,,,,,,
2010-01-08,1.4413,,,,,,,,
2010-01-07,1.4318,,,,,,,,
2010-01-06,1.4413,,,,,,,,
2010-01-05,1.4369,,,,,,,,
2010-01-04,1.4413,,,,,,,,
2010-01-01,1.4326,,,,,,,,
2009-12-31,1.4318,,,,,,,,
2009-12-30,1.4335,,,,,,,,
2009-12-29,1.4354,,,,,,,,
2009-12-28,1.4383,,,,,,,,
2009-12-25,1.4397,,,,,,,,
2009-12-24,1.4375,,,,,,,,
2009-12-23,1.4327,,,,,,,,
2009-12-22,1.425,,,,,,,,
2009-12-21,1.4284,,,,,,,,
2009-12-18,1.4343,,,,,,,,
2009-12-17,1.4345,,,,,,,,
2009-12-16,1.4537,,,,,,,,
2009-12-15,1.4536,,,,,,,,
2009-12-14,1.4656,,,,,,,,
2009-12-11,1.4623,,,,,,,,
2009-12-10,1.4735,,,,,,,,
2009-12-09,1.4727,,,,,,,,
2009-12-08,1.4699,,,,,,,,
2009-12-07,1.4819,,,,,,,,
2009-12-04,1.4851,,,,,,,,
2009-12-03,1.507,,,,,,,,
2009-12-02,1.5046,,,,,,,,
2009-12-01,1.5088,,,,,,,,
2009-11-30,1.5009,,,,,,,,
2009-11-27,1.4967,,,,,,,,
2009-11-26,1.5013,,,,,,,,
2009-11-25,1.514,,,,,,,,
2009-11-24,1.4961,,,,,,,,
2009-11-23,1.4966,,,,,,,,
2009-11-20,1.4861,,,,,,,,
2009-11-19,1.4918,,,,,,,,
2009-11-18,1.4965,,,,,,,,
2009-11-17,1.4867,,,,,,,,
2009-11-16,1.4973,,,,,,,,
2009-11-13,1.4917,,,,,,,,
2009-11-12,1.4843,,,,,,,,
2009-11-11,1.4983,,,,,,,,
2009-11-10,1.4983,,,,,,,,
2009-11-09,1.4994,,,,,,,,
2009-11-06,1.4849,,,,,,,,
2009-11-05,1.4881,,,,,,,,
2009-11-04,1.4878,,,,,,,,
2009-11-03,1.4715,,,,,,,,
2009-11-02,1.4769,,,,,,,,
2009-10-30,1.4718,,,,,,,,
2009-10-29,1.4834,,,,,,,,
2009-10-28,1.4712,,,,,,,,
2009-10-27,1.4809,,,,,,,,
2009-10-26,1.487,,,,,,,,
2009-10-23,1.5003,,,,,,,,
2009-10-22,1.5023,,,,,,,,
2009-10-21,1.501,,,,,,,,
2009-10-20,1.4939,,,,,,,,
2009-10-19,1.4964,,,,,,,,
2009-10-16,1.4906,,,,,,,,
2009-10-15,1.4945,,,,,,,,
2009-10-14,1.4926,,,,,,,,
2009-10-13,1.4859,,,,,,,,
2009-10-12,1.4773,,,,,,,,
2009-10-09,1.473,,,,,,,,
2009-10-08,1.479,,,,,,,,
2009-10-07,1.4688,,,,,,,,
2009-10-06,1.4718,,,,,,,,
2009-10-05,1.465,,,,,,,,
2009-10-02,1.4572,,,,,,,,
2009-10-01,1.4533,,,,,,,,
2009-09-30,1.4636,,,,,,,,
2009-09-29,1.4585,,,,,,,,
2009-09-28,1.4621,,,,,,,,
2009-09-25,1.4688,,,,,,,,
2009-09-24,1.4661,,,,,,,,
2009-09-23,1.4731,,,,,,,,
2009-09-22,1.479,,,,,,,,
2009-09-21,1.4675,,,,,,,,
2009-09-18,1.471,,,,,,,,
2009-09-17,1.4739,,,,,,,,
2009-09-16,1.4712,,,,,,,,
2009-09-15,1.4661,,,,,,,,
2009-09-14,1.4624,,,,,,,,
2009-09-11,1.457,,,,,,,,
2009-09-10,1.4579,,,,,,,,
2009-09-09,1.4561,,,,,,,,
2009-09-08,1.4485,,,,,,,,
2009-09-07,1.4335,,,,,,,,
2009-09-04,1.4293,,,,,,,,
2009-09-03,1.4254,,,,,,,,
2009-09-02,1.4264,,,,,,,,
2009-09-01,1.4221,,,,,,,,
2009-08-31,1.4331,,,,,,,,
2009-08-28,1.4299,,,,,,,,
2009-08-27,1.4351,,,,,,,,
2009-08-26,1.425,,,,,,,,
2009-08-25,1.4298,,,,,,,,
2009-08-24,1.4303,,,,,,,,
2009-08-21,1.4323,,,,,,,,
2009-08-20,1.425,,,,,,,,
2009-08-19,1.4236,,,,,,,,
2009-08-18,1.4133,,,,,,,,
2009-08-17,1.4078,,,,,,,,
2009-08-14,1.4205,,,,,,,,
2009-08-13,1.4289,,,,,,,,
2009-08-12,1.4203,,,,,,,,
2009-08-11,1.4146,,,,,,,,
2009-08-10,1.4146,,,,,,,,
2009-08-07,1.4188,,,,,,,,
2009-08-06,1.4348,,,,,,,,
2009-08-05,1.4412,,,,,,,,
2009-08-04,1.44,,,,,,,,
2009-08-03,1.4418,,,,,,,,
2009-07-31,1.425,,,,,,,,
2009-07-30,1.4074,,,,,,,,
2009-07-29,1.4037,,,,,,,,
2009-07-28,1.4177,,,,,,,,
2009-07-27,1.4245,,,,,,,,
2009-07-24,1.4205,,,,,,,,
2009-07-23,1.416,,,,,,,,
2009-07-22,1.4211,,,,,,,,
2009-07-21,1.4213,,,,,,,,
2009-07-20,1.4228,,,,,,,,
2009-07-17,1.4099,,,,,,,,
2009-07-16,1.4148,,,,,,,,
2009-07-15,1.4106,,,,,,,,
2009-07-14,1.397,,,,,,,,
2009-07-13,1.3979,,,,,,,,
2009-07-10,1.3933,,,,,,,,
2009-07-09,1.4026,,,,,,,,
2009-07-08,1.3877,,,,,,,,
2009-07-07,1.3922,,,,,,,,
2009-07-06,1.3975,,,,,,,,
2009-07-03,1.3964,,,,,,,,
2009-07-02,1.3941,,,,,,,,
2009-07-01,1.4152,,,,,,,,
2009-06-30,1.4036,,,,,,,,
2009-06-29,1.4076,,,,,,,,
2009-06-26,1.4053,,,,,,,,
2009-06-25,1.3988,,,,,,,,
2009-06-24,1.3926,,,,,,,,
2009-06-23,1.4079,,,,,,,,
2009-06-22,1.3862,,,,,,,,
2009-06-19,1.3943,,,,,,,,
2009-06-18,1.3906,,,,,,,,
2009-06-17,1.3942,,,,,,,,
2009-06-16,1.3836,,,,,,,,
2009-06-15,1.3792,,,,,,,,
2009-06-12,1.4024,,,,,,,,
2009-06-11,1.4106,,,,,,,,
2009-06-10,1.3967,,,,,,,,
2009-06-09,1.4066,,,,,,,,
2009-06-08,1.3898,,,,,,,,
2009-06-05,1.3975,,,,,,,,
2009-06-04,1.4188,,,,,,,,
2009-06-03,1.4152,,,,,,,,
2009-06-02,1.4305,,,,,,,,
2009-06-01,1.4165,,,,,,,,
2009-05-29,1.4154,,,,,,,,
2009-05-28,1.3937,,,,,,,,
2009-05-27,1.3836,,,,,,,,
2009-05-26,1.3991,,,,,,,,
2009-05-25,1.4009,,,,,,,,
2009-05-22,1.3994,,,,,,,,
2009-05-21,1.3893,,,,,,,,
2009-05-20,1.3771,,,,,,,,
2009-05-19,1.3625,,,,,,,,
2009-05-18,1.3557,,,,,,,,
2009-05-15,1.3496,,,,,,,,
2009-05-14,1.3634,,,,,,,,
2009-05-13,1.3599,,,,,,,,
2009-05-12,1.3644,,,,,,,,
2009-05-11,1.3575,,,,,,,,
2009-05-08,1.3647,,,,,,,,
2009-05-07,1.3399,,,,,,,,
2009-05-06,1.3319,,,,,,,,
2009-05-05,1.3323,,,,,,,,
2009-05-04,1.3405,,,,,,,,
2009-05-01,1.3266,,,,,,,,
2009-04-30,1.3226,,,,,,,,
2009-04-29,1.3266,,,,,,,,
2009-04-28,1.3146,,,,,,,,
2009-04-27,1.3019,,,,,,,,
2009-04-24,1.3255,,,,,,,,
2009-04-23,1.3147,,,,,,,,
2009-04-22,1.2999,,,,,,,,
2009-04-21,1.2935,,,,,,,,
2009-04-20,1.2916,,,,,,,,
2009-04-17,1.3041,,,,,,,,
2009-04-16,1.3179,,,,,,,,
2009-04-15,1.322,,,,,,,,
2009-04-14,1.3255,,,,,,,,
2009-04-13,1.3365,,,,,,,,
2009-04-10,1.3188,,,,,,,,
2009-04-09,1.3165,,,,,,,,
2009-04-08,1.326,,,,,,,,
2009-04-07,1.3268,,,,,,,,
2009-04-06,1.3407,,,,,,,,
2009-04-03,1.3483,,,,,,,,
2009-04-02,1.3463,,,,,,,,
2009-04-01,1.3232,,,,,,,,
2009-03-31,1.3251,,,,,,,,
2009-03-30,1.3207,,,,,,,,
2009-03-27,1.3301,,,,,,,,
2009-03-26,1.3534,,,,,,,,
2009-03-25,1.3586,,,,,,,,
2009-03-24,1.346,,,,,,,,
2009-03-23,1.363,,,,,,,,
2009-03-20,1.3583,,,,,,,,
2009-03-19,1.3666,,,,,,,,
2009-03-18,1.3508,,,,,,,,
2009-03-17,1.3013,,,,,,,,
2009-03-16,1.2966,,,,,,,,
2009-03-13,1.2925,,,,,,,,
2009-03-12,1.2912,,,,,,,,
2009-03-11,1.2829,,,,,,,,
2009-03-10,1.2671,,,,,,,,
2009-03-09,1.2611,,,,,,,,
2009-03-06,1.2641,,,,,,,,
2009-03-05,1.2561,,,,,,,,
2009-03-04,1.2637,,,,,,,,
2009-03-03,1.2567,,,,,,,,
2009-03-02,1.2584,,,,,,,,
2009-02-27,1.2669,,,,,,,,
2009-02-26,1.2731,,,,,,,,
2009-02-25,1.271,,,,,,,,
2009-02-24,1.284,,,,,,,,
2009-02-23,1.2708,,,,,,,,
2009-02-20,1.2843,,,,,,,,
2009-02-19,1.2663,,,,,,,,
2009-02-18,1.2539,,,,,,,,
2009-02-17,1.2591,,,,,,,,
2009-02-16,1.2778,,,,,,,,
2009-02-13,1.2862,,,,,,,,
2009-02-12,1.2864,,,,,,,,
2009-02-11,1.2896,,,,,,,,
2009-02-10,1.2898,,,,,,,,
2009-02-09,1.301,,,,,,,,
2009-02-06,1.2933,,,,,,,,
2009-02-05,1.2786,,,,,,,,
2009-02-04,1.283,,,,,,,,
2009-02-03,1.3037,,,,,,,,
2009-02-02,1.2851,,,,,,,,
2009-01-30,1.2782,,,,,,,,
2009-01-29,1.2959,,,,,,,,
2009-01-28,1.3138,,,,,,,,
2009-01-27,1.3178,,,,,,,,
2009-01-26,1.3166,,,,,,,,
2009-01-23,1.2992,,,,,,,,
2009-01-22,1.2986,,,,,,,,
2009-01-21,1.3041,,,,,,,,
2009-01-20,1.2889,,,,,,,,
2009-01-19,1.3112,,,,,,,,
2009-01-16,1.3304,,,,,,,,
2009-01-15,1.3154,,,,,,,,
2009-01-14,1.3162,,,,,,,,
2009-01-13,1.3196,,,,,,,,
2009-01-12,1.3371,,,,,,,,
2009-01-09,1.344,,,,,,,,
2009-01-08,1.3727,,,,,,,,
2009-01-07,1.3634,,,,,,,,
2009-01-06,1.351,,,,,,,,
2009-01-05,1.3605,,,,,,,,
2009-01-02,1.3879,,,,,,,,
2009-01-01,1.399,,,,,,,,
2008-12-31,1.398,,,,,,,,
2008-12-30,1.4072,,,,,,,,
2008-12-29,1.3977,,,,,,,,
2008-12-26,1.4063,,,,,,,,
2008-12-25,1.4015,,,,,,,,
2008-12-24,1.4004,,,,,,,,
2008-12-23,1.3963,,,,,,,,
2008-12-22,1.3945,,,,,,,,
2008-12-19,1.3919,,,,,,,,
2008-12-18,1.4211,,,,,,,,
2008-12-17,1.4403,,,,,,,,
2008-12-16,1.41,,,,,,,,
2008-12-15,1.3712,,,,,,,,
2008-12-12,1.3373,,,,,,,,
2008-12-11,1.3359,,,,,,,,
2008-12-10,1.3018,,,,,,,,
2008-12-09,1.2913,,,,,,,,
2008-12-08,1.2937,,,,,,,,
2008-12-05,1.2736,,,,,,,,
2008-12-04,1.2771,,,,,,,,
2008-12-03,1.2715,,,,,,,,
2008-12-02,1.2715,,,,,,,,
2008-12-01,1.2626,,,,,,,,
2008-11-28,1.2698,,,,,,,,
2008-11-27,1.2893,,,,,,,,
2008-11-26,1.2893,,,,,,,,
2008-11-25,1.3058,,,,,,,,
2008-11-24,1.2914,,,,,,,,
2008-11-21,1.2581,,,,,,,,
2008-11-20,1.2458,,,,,,,,
2008-11-19,1.2523,,,,,,,,
2008-11-18,1.2622,,,,,,,,
2008-11-17,1.2647,,,,,,,,
2008-11-14,1.2634,,,,,,,,
2008-11-13,1.283,,,,,,,,
2008-11-12,1.2472,,,,,,,,
2008-11-11,1.2519,,,,,,,,
2008-11-10,1.2733,,,,,,,,
2008-11-07,1.2739,,,,,,,,
2008-11-06,1.2702,,,,,,,,
2008-11-05,1.2952,,,,,,,,
2008-11-04,1.3034,,,,,,,,
2008-11-03,1.2643,,,,,,,,
2008-10-31,1.2733,,,,,,,,
2008-10-30,1.2908,,,,,,,,
2008-10-29,1.2963,,,,,,,,
2008-10-28,1.2715,,,,,,,,
2008-10-27,1.2467,,,,,,,,
2008-10-24,1.2624,,,,,,,,
2008-10-23,1.298,,,,,,,,
2008-10-22,1.2854,,,,,,,,
2008-10-21,1.3059,,,,,,,,
2008-10-20,1.3344,,,,,,,,
2008-10-17,1.3409,,,,,,,,
2008-10-16,1.3487,,,,,,,,
2008-10-15,1.346,,,,,,,,
2008-10-14,1.3624,,,,,,,,
2008-10-13,1.3593,,,,,,,,
2008-10-10,1.3414,,,,,,,,
2008-10-09,1.3597,,,,,,,,
2008-10-08,1.363,,,,,,,,
2008-10-07,1.3619,,,,,,,,
2008-10-06,1.349,,,,,,,,
2008-10-03,1.3771,,,,,,,,
2008-10-02,1.3818,,,,,,,,
2008-10-01,1.4021,,,,,,,,
2008-09-30,1.4104,,,,,,,,
2008-09-29,1.4418,,,,,,,,
2008-09-26,1.4615,,,,,,,,
2008-09-25,1.4622,,,,,,,,
2008-09-24,1.4613,,,,,,,,
2008-09-23,1.4645,,,,,,,,
2008-09-22,1.4786,,,,,,,,
2008-09-19,1.4466,,,,,,,,
2008-09-18,1.4339,,,,,,,,
2008-09-17,1.4305,,,,,,,,
2008-09-16,1.4121,,,,,,,,
2008-09-15,1.4266,,,,,,,,
2008-09-12,1.4228,,,,,,,,
2008-09-11,1.403,,,,,,,,
2008-09-10,1.3986,,,,,,,,
2008-09-09,1.4137,,,,,,,,
2008-09-08,1.4127,,,,,,,,
2008-09-05,1.4269,,,,,,,,
2008-09-04,1.4251,,,,,,,,
2008-09-03,1.4489,,,,,,,,
2008-09-02,1.4517,,,,,,,,
2008-09-01,1.4606,,,,,,,,
2008-08-29,1.4674,,,,,,,,
2008-08-28,1.4699,,,,,,,,
2008-08-27,1.4722,,,,,,,,
2008-08-26,1.465,,,,,,,,
2008-08-25,1.4751,,,,,,,,
2008-08-22,1.4793,,,,,,,,
2008-08-21,1.4907,,,,,,,,
2008-08-20,1.4744,,,,,,,,
2008-08-19,1.4789,,,,,,,,
2008-08-18,1.4696,,,,,,,,
2008-08-15,1.4689,,,,,,,,
2008-08-14,1.4808,,,,,,,,
2008-08-13,1.4924,,,,,,,,
2008-08-12,1.492,,,,,,,,
2008-08-11,1.4905,,,,,,,,
2008-08-08,1.5006,,,,,,,,
2008-08-07,1.5322,,,,,,,,
2008-08-06,1.5414,,,,,,,,
2008-08-05,1.5458,,,,,,,,
2008-08-04,1.5577,,,,,,,,
2008-08-01,1.5566,,,,,,,,
2008-07-31,1.5601,,,,,,,,
2008-07-30,1.5577,,,,,,,,
2008-07-29,1.5589,,,,,,,,
2008-07-28,1.5746,,,,,,,,
2008-07-25,1.571,,,,,,,,
2008-07-24,1.5676,,,,,,,,
2008-07-23,1.5688,,,,,,,,
2008-07-22,1.5784,,,,,,,,
2008-07-21,1.593,,,,,,,,
2008-07-18,1.5848,,,,,,,,
2008-07-17,1.5863,,,,,,,,
2008-07-16,1.5824,,,,,,,,
2008-07-15,1.5919,,,,,,,,
2008-07-14,1.5905,,,,,,,,
2008-07-11,1.5942,,,,,,,,
2008-07-10,1.5785,,,,,,,,
2008-07-09,1.5742,,,,,,,,
2008-07-08,1.5672,,,,,,,,
2008-07-07,1.5722,,,,,,,,
2008-07-04,1.5706,,,,,,,,
2008-07-03,1.5698,,,,,,,,
2008-07-02,1.588,,,,,,,,
2008-07-01,1.579,,,,,,,,
2008-06-30,1.5756,,,,,,,,
2008-06-27,1.5795,,,,,,,,
2008-06-26,1.5755,,,,,,,,
2008-06-25,1.5671,,,,,,,,
2008-06-24,1.5566,,,,,,,,
2008-06-23,1.5524,,,,,,,,
2008-06-20,1.5605,,,,,,,,
2008-06-19,1.5501,,,,,,,,
2008-06-18,1.5534,,,,,,,,
2008-06-17,1.5509,,,,,,,,
2008-06-16,1.5467,,,,,,,,
2008-06-13,1.538,,,,,,,,
2008-06-12,1.5447,,,,,,,,
2008-06-11,1.5554,,,,,,,,
2008-06-10,1.5463,,,,,,,,
2008-06-09,1.5644,,,,,,,,
2008-06-06,1.5777,,,,,,,,
2008-06-05,1.5586,,,,,,,,
2008-06-04,1.5433,,,,,,,,
2008-06-03,1.5446,,,,,,,,
2008-06-02,1.5544,,,,,,,,
2008-05-30,1.5554,,,,,,,,
2008-05-29,1.5516,,,,,,,,
2008-05-28,1.5638,,,,,,,,
2008-05-27,1.5685,,,,,,,,
2008-05-26,1.5776,,,,,,,,
2008-05-23,1.5766,,,,,,,,
2008-05-22,1.573,,,,,,,,
2008-05-21,1.5789,,,,,,,,
2008-05-20,1.5657,,,,,,,,
2008-05-19,1.5518,,,,,,,,
2008-05-16,1.5577,,,,,,,,
2008-05-15,1.5444,,,,,,,,
2008-05-14,1.5476,,,,,,,,
2008-05-13,1.546,,,,,,,,
2008-05-12,1.5547,,,,,,,,
2008-05-09,1.5483,,,,,,,,
2008-05-08,1.5407,,,,,,,,
2008-05-07,1.5391,,,,,,,,
2008-05-06,1.5531,,,,,,,,
2008-05-05,1.5492,,,,,,,,
2008-05-02,1.5429,,,,,,,,
2008-05-01,1.547,,,,,,,,
2008-04-30,1.5617,,,,,,,,
2008-04-29,1.5569,,,,,,,,
2008-04-28,1.566,,,,,,,,
2008-04-25,1.5625,,,,,,,,
2008-04-24,1.5683,,,,,,,,
2008-04-23,1.5888,,,,,,,,
2008-04-22,1.5988,,,,,,,,
2008-04-21,1.5906,,,,,,,,
2008-04-18,1.5815,,,,,,,,
2008-04-17,1.5896,,,,,,,,
2008-04-16,1.595,,,,,,,,
2008-04-15,1.5792,,,,,,,,
2008-04-14,1.5845,,,,,,,,
2008-04-11,1.5807,,,,,,,,
2008-04-10,1.5743,,,,,,,,
2008-04-09,1.5832,,,,,,,,
2008-04-08,1.5701,,,,,,,,
2008-04-07,1.5703,,,,,,,,
2008-04-04,1.5737,,,,,,,,
2008-04-03,1.568,,,,,,,,
2008-04-02,1.5688,,,,,,,,
2008-04-01,1.561,,,,,,,,
2008-03-31,1.5774,,,,,,,,
2008-03-28,1.5802,,,,,,,,
2008-03-27,1.5781,,,,,,,,
2008-03-26,1.5845,,,,,,,,
2008-03-25,1.5629,,,,,,,,
2008-03-24,1.5432,,,,,,,,
2008-03-21,1.5432,,,,,,,,
2008-03-20,1.5434,,,,,,,,
2008-03-19,1.5633,,,,,,,,
2008-03-18,1.5626,,,,,,,,
2008-03-17,1.5729,,,,,,,,
2008-03-14,1.5675,,,,,,,,
2008-03-13,1.564,,,,,,,,
2008-03-12,1.5571,,,,,,,,
2008-03-11,1.5333,,,,,,,,
2008-03-10,1.5341,,,,,,,,
2008-03-07,1.5351,,,,,,,,
2008-03-06,1.5389,,,,,,,,
2008-03-05,1.5271,,,,,,,,
2008-03-04,1.521,,,,,,,,
2008-03-03,1.5208,,,,,,,,
2008-02-29,1.5181,,,,,,,,
2008-02-28,1.5223,,,,,,,,
2008-02-27,1.5123,,,,,,,,
2008-02-26,1.4975,,,,,,,,
2008-02-25,1.4829,,,,,,,,
2008-02-22,1.4832,,,,,,,,
2008-02-21,1.4813,,,,,,,,
2008-02-20,1.4713,,,,,,,,
2008-02-19,1.4727,,,,,,,,
2008-02-18,1.4659,,,,,,,,
2008-02-15,1.468,,,,,,,,
2008-02-14,1.4638,,,,,,,,
2008-02-13,1.457,,,,,,,,
2008-02-12,1.4583,,,,,,,,
2008-02-11,1.4526,,,,,,,,
2008-02-08,1.451,,,,,,,,
2008-02-07,1.4485,,,,,,,,
2008-02-06,1.4622,,,,,,,,
2008-02-05,1.4639,,,,,,,,
2008-02-04,1.4827,,,,,,,,
2008-02-01,1.48,,,,,,,,
2008-01-31,1.4866,,,,,,,,
2008-01-30,1.488,,,,,,,,
2008-01-29,1.4777,,,,,,,,
2008-01-28,1.4786,,,,,,,,
2008-01-25,1.4672,,,,,,,,
2008-01-24,1.4768,,,,,,,,
2008-01-23,1.4638,,,,,,,,
2008-01-22,1.4627,,,,,,,,
2008-01-21,1.4446,,,,,,,,
2008-01-18,1.4611,,,,,,,,
2008-01-17,1.4659,,,,,,,,
2008-01-16,1.4659,,,,,,,,
2008-01-15,1.4808,,,,,,,,
2008-01-14,1.4868,,,,,,,,
2008-01-11,1.4777,,,,,,,,
2008-01-10,1.4807,,,,,,,,
2008-01-09,1.4661,,,,,,,,
2008-01-08,1.4708,,,,,,,,
2008-01-07,1.4689,,,,,,,,
2008-01-04,1.4745,,,,,,,,
2008-01-03,1.4748,,,,,,,,
2008-01-02,1.4727,,,,,,,,
2008-01-01,1.4589,,,,,,,,
1995-06-30,,0.5,,,,,,,
1995-09-30,,0.2,,,,,,,
1995-12-31,,0.3,,,,,,,
1996-03-31,,0.1,,,,,,,
1996-06-30,,0.8,,,,,,,
1996-09-30,,0.5,,,,,,,
1996-12-31,,0.5,,,,,,,
1997-03-31,,0.2,,,,,,,
1997-06-30,,1.3,,,,,,,
1997-09-30,,0.8,,,,,,,
1997-12-31,,1.1,,,,,,,
1998-03-31,,0.7,,,,,,,
1998-06-30,,0.5,,,,,,,
1998-09-30,,0.6,,,,,,,
1998-12-31,,0.2,,,,,,,
1999-03-31,,1.0,,,,,,,
1999-06-30,,0.6,,,,,,,
1999-09-30,,1.2,,,,,,,
1999-12-31,,1.2,,,,,,,
2000-03-31,,1.2,,,,,,,
2000-06-30,,0.9,,,,,,,
2000-09-30,,0.6,,,,,,,
2000-12-31,,0.7,,,,,,,
2001-03-31,,1.0,,,,,,,
2001-06-30,,0.1,,,,,,,
2001-09-30,,0.1,,,,,,,
2001-12-31,,0.1,,,,,,,
2002-03-31,,0.0,,,,,,,
2002-06-30,,0.6,,,,,,,
2002-09-30,,0.4,,,,,,,
2002-12-31,,0.2,,,,,,,
2003-03-31,,-0.4,,,,,,,
2003-06-30,,0.1,,,,,,,
2003-09-30,,0.6,,,,,,,
2003-12-31,,0.8,,,,,,,
2004-03-31,,0.5,,,,,,,
2004-06-30,,0.6,,,,,,,
2004-09-30,,0.3,,,,,,,
2004-12-31,,0.4,,,,,,,
2005-03-31,,0.2,,,,,,,
2005-06-30,,0.6,,,,,,,
2005-09-30,,0.7,,,,,,,
2005-12-31,,0.6,,,,,,,
2006-03-31,,0.9,,,,,,,
2006-06-30,,1.1,,,,,,,
2006-09-30,,0.6,,,,,,,
2006-12-31,,1.2,,,,,,,
2007-03-31,,0.6,,,,,,,
2007-06-30,,0.7,,,,,,,
2007-09-30,,0.4,,,,,,,
2007-12-31,,0.6,,,,,,,
2008-03-31,,0.5,,,,,,,
2008-06-30,,-0.3,,,,,,,
2008-09-30,,-0.5,,,,,,,
2008-12-31,,-1.7,,,,,,,
2009-03-31,,-3.2,,,,,,,
2009-06-30,,0.0,,,,,,,
2009-09-30,,0.4,,,,,,,
2009-12-31,,0.5,,,,,,,
2010-03-31,,0.4,,,,,,,
2010-06-30,,1.0,,,,,,,
2010-09-30,,0.4,,,,,,,
2010-12-31,,0.6,,,,,,,
2011-03-31,,0.8,,,,,,,
2011-06-30,,0.0,,,,,,,
2011-09-30,,0.1,,,,,,,
2011-12-31,,-0.4,,,,,,,
2012-03-31,,-0.2,,,,,,,
2012-06-30,,-0.3,,,,,,,
2012-09-30,,-0.1,,,,,,,
2012-12-31,,-0.4,,,,,,,
2013-03-31,,-0.4,,,,,,,
2013-06-30,,0.5,,,,,,,
2013-09-30,,0.3,,,,,,,
2013-12-31,,0.2,,,,,,,
2014-03-31,,0.5,,,,,,,
2014-06-30,,0.2,,,,,,,
2014-09-30,,0.5,,,,,,,
2014-12-31,,0.4,,,,,,,
2015-03-31,,0.7,,,,,,,
2015-06-30,,0.4,,,,,,,
2015-09-30,,0.5,,,,,,,
2015-12-31,,0.4,,,,,,,
2016-03-31,,0.6,,,,,,,
2016-06-30,,0.3,,,,,,,
2016-09-30,,0.4,,,,,,,
2016-12-31,,0.8,,,,,,,
2017-03-31,,0.7,,,,,,,
2017-06-30,,0.7,,,,,,,
2017-09-30,,0.8,,,,,,,
2017-12-31,,0.8,,,,,,,
2018-03-31,,0.3,,,,,,,
2018-06-30,,0.4,,,,,,,
2018-09-30,,0.2,,,,,,,
2018-12-31,,0.4,,,,,,,
2019-03-31,,0.5,,,,,,,
2019-06-30,,0.1,,,,,,,
2019-09-30,,0.3,,,,,,,
2019-12-31,,0.1,,,,,,,
2020-03-31,,-3.8,,,,,,,
2016-07-18,,,-0.3064,,,,,,
2016-07-19,,,-0.3035,,,,,,
2016-07-20,,,-0.3035,,,,,,
2016-07-21,,,-0.3035,,,,,,
2016-07-22,,,-0.3035,,,,,,
2016-07-25,,,-0.3035,,,,,,
2016-07-26,,,-0.3035,,,,,,
2016-07-27,,,-0.3028,,,,,,
2016-07-28,,,-0.3028,,,,,,
2016-07-29,,,-0.3021,,,,,,
2016-08-01,,,-0.3028,,,,,,
2016-08-02,,,-0.3042,,,,,,
2016-08-03,,,-0.3144,,,,,,
2016-08-04,,,-0.3144,,,,,,
2016-08-05,,,-0.3157,,,,,,
2016-08-08,,,-0.3157,,,,,,
2016-08-09,,,-0.3185,,,,,,
2016-08-10,,,-0.3185,,,,,,
2016-08-11,,,-0.3192,,,,,,
2016-08-12,,,-0.3192,,,,,,
2016-08-15,,,-0.3214,,,,,,
2016-08-16,,,-0.3215,,,,,,
2016-08-17,,,-0.3201,,,,,,
2016-08-18,,,-0.3202,,,,,,
2016-08-19,,,-0.3202,,,,,,
2016-08-22,,,-0.3202,,,,,,
2016-08-23,,,-0.3188,,,,,,
2016-08-24,,,-0.3202,,,,,,
2016-08-25,,,-0.3202,,,,,,
2016-08-26,,,-0.3202,,,,,,
2016-08-29,,,-0.3202,,,,,,
2016-08-30,,,-0.3224,,,,,,
2016-08-31,,,-0.3225,,,,,,
2016-09-01,,,-0.3268,,,,,,
2016-09-02,,,-0.3258,,,,,,
2016-09-05,,,-0.3251,,,,,,
2016-09-06,,,-0.324,,,,,,
2016-09-07,,,-0.3211,,,,,,
2016-09-08,,,-0.3225,,,,,,
2016-09-09,,,-0.3187,,,,,,
2016-09-12,,,-0.3201,,,,,,
2016-09-13,,,-0.3201,,,,,,
2016-09-14,,,-0.3194,,,,,,
2016-09-15,,,-0.3201,,,,,,
2016-09-16,,,-0.3208,,,,,,
2016-09-19,,,-0.3208,,,,,,
2016-09-20,,,-0.3215,,,,,,
2016-09-21,,,-0.3224,,,,,,
2016-09-22,,,-0.3224,,,,,,
2016-09-23,,,-0.3202,,,,,,
2016-09-26,,,-0.3218,,,,,,
2016-09-27,,,-0.3218,,,,,,
2016-09-28,,,-0.3253,,,,,,
2016-09-29,,,-0.322,,,,,,
2016-09-30,,,-0.322,,,,,,
2016-10-03,,,-0.322,,,,,,
2016-10-04,,,-0.3205,,,,,,
2016-10-05,,,-0.3205,,,,,,
2016-10-06,,,-0.3205,,,,,,
2016-10-07,,,-0.322,,,,,,
2016-10-10,,,-0.3217,,,,,,
2016-10-11,,,-0.3204,,,,,,
2016-10-12,,,-0.3227,,,,,,
2016-10-13,,,-0.3248,,,,,,
2016-10-14,,,-0.3234,,,,,,
2016-10-17,,,-0.3234,,,,,,
2016-10-18,,,-0.3235,,,,,,
2016-10-19,,,-0.3235,,,,,,
2016-10-20,,,-0.3235,,,,,,
2016-10-21,,,-0.3228,,,,,,
2016-10-24,,,-0.3228,,,,,,
2016-10-25,,,-0.3228,,,,,,
2016-10-26,,,-0.3235,,,,,,
2016-10-27,,,-0.3192,,,,,,
2016-10-28,,,-0.3192,,,,,,
2016-10-31,,,-0.3207,,,,,,
2016-11-01,,,-0.3221,,,,,,
2016-11-02,,,-0.3235,,,,,,
2016-11-03,,,-0.3228,,,,,,
2016-11-04,,,-0.3228,,,,,,
2016-11-07,,,-0.3221,,,,,,
2016-11-08,,,-0.3314,,,,,,
2016-11-09,,,-0.3321,,,,,,
2016-11-10,,,-0.3314,,,,,,
2016-11-11,,,-0.3307,,,,,,
2016-11-14,,,-0.3321,,,,,,
2016-11-15,,,-0.3314,,,,,,
2016-11-16,,,-0.3285,,,,,,
2016-11-17,,,-0.3292,,,,,,
2016-11-18,,,-0.3292,,,,,,
2016-11-21,,,-0.3271,,,,,,
2016-11-22,,,-0.3307,,,,,,
2016-11-23,,,-0.3307,,,,,,
2016-11-24,,,-0.3292,,,,,,
2016-11-25,,,-0.3307,,,,,,
2016-11-28,,,-0.3314,,,,,,
2016-11-29,,,-0.3264,,,,,,
2016-11-30,,,-0.325,,,,,,
2016-12-01,,,-0.3335,,,,,,
2016-12-02,,,-0.3335,,,,,,
2016-12-05,,,-0.3342,,,,,,
2016-12-06,,,-0.3371,,,,,,
2016-12-07,,,-0.3371,,,,,,
2016-12-08,,,-0.3342,,,,,,
2016-12-09,,,-0.3335,,,,,,
2016-12-12,,,-0.3335,,,,,,
2016-12-13,,,-0.3342,,,,,,
2016-12-14,,,-0.3307,,,,,,
2016-12-15,,,-0.33,,,,,,
2016-12-16,,,-0.3292,,,,,,
2016-12-19,,,-0.3307,,,,,,
2016-12-20,,,-0.3307,,,,,,
2016-12-21,,,-0.3335,,,,,,
2016-12-22,,,-0.335,,,,,,
2016-12-23,,,-0.3335,,,,,,
2016-12-26,,,-0.3335,,,,,,
2016-12-27,,,-0.3335,,,,,,
2016-12-28,,,-0.3357,,,,,,
2016-12-29,,,-0.3357,,,,,,
2016-12-30,,,-0.3364,,,,,,
2017-01-02,,,-0.3364,,,,,,
2017-01-03,,,-0.3357,,,,,,
2017-01-04,,,-0.3385,,,,,,
2017-01-05,,,-0.3385,,,,,,
2017-01-06,,,-0.3414,,,,,,
2017-01-09,,,-0.3407,,,,,,
2017-01-10,,,-0.3407,,,,,,
2017-01-11,,,-0.3407,,,,,,
2017-01-12,,,-0.3414,,,,,,
2017-01-13,,,-0.3414,,,,,,
2017-01-16,,,-0.3428,,,,,,
2017-01-17,,,-0.3407,,,,,,
2017-01-18,,,-0.3407,,,,,,
2017-01-19,,,-0.3407,,,,,,
2017-01-20,,,-0.3407,,,,,,
2017-01-23,,,-0.3407,,,,,,
2017-01-24,,,-0.3407,,,,,,
2017-01-25,,,-0.3435,,,,,,
2017-01-26,,,-0.3435,,,,,,
2017-01-27,,,-0.345,,,,,,
2017-01-30,,,-0.345,,,,,,
2017-01-31,,,-0.3435,,,,,,
2017-02-01,,,-0.3435,,,,,,
2017-02-02,,,-0.3438,,,,,,
2017-02-03,,,-0.3438,,,,,,
2017-02-06,,,-0.3438,,,,,,
2017-02-07,,,-0.3495,,,,,,
2017-02-08,,,-0.3482,,,,,,
2017-02-09,,,-0.349,,,,,,
2017-02-10,,,-0.349,,,,,,
2017-02-13,,,-0.349,,,,,,
2017-02-14,,,-0.3504,,,,,,
2017-02-15,,,-0.3501,,,,,,
2017-02-16,,,-0.3501,,,,,,
2017-02-17,,,-0.3515,,,,,,
2017-02-20,,,-0.3521,,,,,,
2017-02-21,,,-0.3521,,,,,,
2017-02-22,,,-0.3521,,,,,,
2017-02-23,,,-0.3507,,,,,,
2017-02-24,,,-0.3514,,,,,,
2017-02-27,,,-0.3521,,,,,,
2017-02-28,,,-0.3528,,,,,,
2017-03-01,,,-0.3564,,,,,,
2017-03-02,,,-0.355,,,,,,
2017-03-03,,,-0.3542,,,,,,
2017-03-06,,,-0.3521,,,,,,
2017-03-07,,,-0.3535,,,,,,
2017-03-08,,,-0.3571,,,,,,
2017-03-09,,,-0.3571,,,,,,
2017-03-10,,,-0.3542,,,,,,
2017-03-13,,,-0.3542,,,,,,
2017-03-14,,,-0.3542,,,,,,
2017-03-15,,,-0.3542,,,,,,
2017-03-16,,,-0.3542,,,,,,
2017-03-17,,,-0.3542,,,,,,
2017-03-20,,,-0.3542,,,,,,
2017-03-21,,,-0.3557,,,,,,
2017-03-22,,,-0.3557,,,,,,
2017-03-23,,,-0.3557,,,,,,
2017-03-24,,,-0.3557,,,,,,
2017-03-27,,,-0.3557,,,,,,
2017-03-28,,,-0.3578,,,,,,
2017-03-29,,,-0.3578,,,,,,
2017-03-30,,,-0.3557,,,,,,
2017-03-31,,,-0.3578,,,,,,
2017-04-03,,,-0.3607,,,,,,
2017-04-04,,,-0.3592,,,,,,
2017-04-05,,,-0.3592,,,,,,
2017-04-06,,,-0.3592,,,,,,
2017-04-07,,,-0.3578,,,,,,
2017-04-10,,,-0.3607,,,,,,
2017-04-11,,,-0.3607,,,,,,
2017-04-12,,,-0.3607,,,,,,
2017-04-13,,,-0.3578,,,,,,
2017-04-14,,,-0.3578,,,,,,
2017-04-17,,,-0.3578,,,,,,
2017-04-18,,,-0.3592,,,,,,
2017-04-19,,,-0.3607,,,,,,
2017-04-20,,,-0.3607,,,,,,
2017-04-21,,,-0.3621,,,,,,
2017-04-24,,,-0.3585,,,,,,
2017-04-25,,,-0.3614,,,,,,
2017-04-26,,,-0.3607,,,,,,
2017-04-27,,,-0.3607,,,,,,
2017-04-28,,,-0.3628,,,,,,
2017-05-01,,,-0.3628,,,,,,
2017-05-02,,,-0.3621,,,,,,
2017-05-03,,,-0.3621,,,,,,
2017-05-04,,,-0.3621,,,,,,
2017-05-05,,,-0.3628,,,,,,
2017-05-08,,,-0.3642,,,,,,
2017-05-09,,,-0.3642,,,,,,
2017-05-10,,,-0.3685,,,,,,
2017-05-11,,,-0.3671,,,,,,
2017-05-12,,,-0.3664,,,,,,
2017-05-15,,,-0.3664,,,,,,
2017-05-16,,,-0.3707,,,,,,
2017-05-17,,,-0.3721,,,,,,
2017-05-18,,,-0.3728,,,,,,
2017-05-19,,,-0.3728,,,,,,
2017-05-22,,,-0.3685,,,,,,
2017-05-23,,,-0.3692,,,,,,
2017-05-24,,,-0.37,,,,,,
2017-05-25,,,-0.3692,,,,,,
2017-05-26,,,-0.3692,,,,,,
2017-05-29,,,-0.3692,,,,,,
2017-05-30,,,-0.3692,,,,,,
2017-05-31,,,-0.37,,,,,,
2017-06-01,,,-0.37,,,,,,
2017-06-02,,,-0.37,,,,,,
2017-06-05,,,-0.37,,,,,,
2017-06-06,,,-0.37,,,,,,
2017-06-07,,,-0.37,,,,,,
2017-06-08,,,-0.3707,,,,,,
2017-06-09,,,-0.3721,,,,,,
2017-06-12,,,-0.3714,,,,,,
2017-06-13,,,-0.3714,,,,,,
2017-06-14,,,-0.3714,,,,,,
2017-06-15,,,-0.3714,,,,,,
2017-06-16,,,-0.3728,,,,,,
2017-06-19,,,-0.3728,,,,,,
2017-06-20,,,-0.3728,,,,,,
2017-06-21,,,-0.3728,,,,,,
2017-06-22,,,-0.3728,,,,,,
2017-06-23,,,-0.3728,,,,,,
2017-06-26,,,-0.3728,,,,,,
2017-06-27,,,-0.3728,,,,,,
2017-06-28,,,-0.3728,,,,,,
2017-06-29,,,-0.37200000000000005,,,,,,
2017-06-30,,,-0.37200000000000005,,,,,,
2017-07-03,,,-0.37200000000000005,,,,,,
2017-07-04,,,-0.3735,,,,,,
2017-07-05,,,-0.375,,,,,,
2017-07-06,,,-0.375,,,,,,
2017-07-07,,,-0.375,,,,,,
2017-07-10,,,-0.3721,,,,,,
2017-07-11,,,-0.3721,,,,,,
2017-07-12,,,-0.3722,,,,,,
2017-07-13,,,-0.3722,,,,,,
2017-07-14,,,-0.3758,,,,,,
2017-07-17,,,-0.3715,,,,,,
2017-07-18,,,-0.3761,,,,,,
2017-07-19,,,-0.3764,,,,,,
2017-07-20,,,-0.3764,,,,,,
2017-07-21,,,-0.3764,,,,,,
2017-07-24,,,-0.3728,,,,,,
2017-07-25,,,-0.3728,,,,,,
2017-07-26,,,-0.3778,,,,,,
2017-07-27,,,-0.3772,,,,,,
2017-07-28,,,-0.3772,,,,,,
2017-07-31,,,-0.3772,,,,,,
2017-08-01,,,-0.3772,,,,,,
2017-08-02,,,-0.3772,,,,,,
2017-08-03,,,-0.373,,,,,,
2017-08-04,,,-0.3727,,,,,,
2017-08-07,,,-0.3727,,,,,,
2017-08-08,,,-0.3727,,,,,,
2017-08-09,,,-0.3727,,,,,,
2017-08-10,,,-0.3748,,,,,,
2017-08-11,,,-0.3777,,,,,,
2017-08-14,,,-0.3777,,,,,,
2017-08-15,,,-0.3775,,,,,,
2017-08-16,,,-0.3775,,,,,,
2017-08-17,,,-0.3775,,,,,,
2017-08-18,,,-0.3775,,,,,,
2017-08-21,,,-0.3732,,,,,,
2017-08-22,,,-0.3734,,,,,,
2017-08-23,,,-0.374,,,,,,
2017-08-24,,,-0.3725,,,,,,
2017-08-25,,,-0.374,,,,,,
2017-08-28,,,-0.374,,,,,,
2017-08-29,,,-0.3725,,,,,,
2017-08-30,,,-0.3725,,,,,,
2017-08-31,,,-0.3718,,,,,,
2017-09-01,,,-0.3732,,,,,,
2017-09-04,,,-0.3732,,,,,,
2017-09-05,,,-0.3732,,,,,,
2017-09-06,,,-0.3732,,,,,,
2017-09-07,,,-0.3732,,,,,,
2017-09-08,,,-0.375,,,,,,
2017-09-11,,,-0.3757,,,,,,
2017-09-12,,,-0.3757,,,,,,
2017-09-13,,,-0.3745,,,,,,
2017-09-14,,,-0.3755,,,,,,
2017-09-15,,,-0.3765,,,,,,
2017-09-18,,,-0.37799999999999995,,,,,,
2017-09-19,,,-0.37799999999999995,,,,,,
2017-09-20,,,-0.3787,,,,,,
2017-09-21,,,-0.3787,,,,,,
2017-09-22,,,-0.3782,,,,,,
2017-09-25,,,-0.3792,,,,,,
2017-09-26,,,-0.379,,,,,,
2017-09-27,,,-0.3775,,,,,,
2017-09-28,,,-0.3795,,,,,,
2017-09-29,,,-0.3794,,,,,,
2017-10-02,,,-0.3808,,,,,,
2017-10-03,,,-0.3778,,,,,,
2017-10-04,,,-0.3778,,,,,,
2017-10-05,,,-0.3764,,,,,,
2017-10-06,,,-0.3764,,,,,,
2017-10-09,,,-0.3764,,,,,,
2017-10-10,,,-0.3758,,,,,,
2017-10-11,,,-0.3758,,,,,,
2017-10-12,,,-0.3757,,,,,,
2017-10-13,,,-0.3751,,,,,,
2017-10-16,,,-0.3751,,,,,,
2017-10-17,,,-0.3751,,,,,,
2017-10-18,,,-0.3751,,,,,,
2017-10-19,,,-0.3772,,,,,,
2017-10-20,,,-0.3772,,,,,,
2017-10-23,,,-0.3787,,,,,,
2017-10-24,,,-0.3794,,,,,,
2017-10-25,,,-0.3808,,,,,,
2017-10-26,,,-0.3814,,,,,,
2017-10-27,,,-0.3785,,,,,,
2017-10-30,,,-0.38,,,,,,
2017-10-31,,,-0.3788,,,,,,
2017-11-01,,,-0.3775,,,,,,
2017-11-02,,,-0.3775,,,,,,
2017-11-03,,,-0.3778,,,,,,
2017-11-06,,,-0.3778,,,,,,
2017-11-07,,,-0.3778,,,,,,
2017-11-08,,,-0.3778,,,,,,
2017-11-09,,,-0.3775,,,,,,
2017-11-10,,,-0.37799999999999995,,,,,,
2017-11-13,,,-0.37799999999999995,,,,,,
2017-11-14,,,-0.3781,,,,,,
2017-11-15,,,-0.3785,,,,,,
2017-11-16,,,-0.3785,,,,,,
2017-11-17,,,-0.3785,,,,,,
2017-11-20,,,-0.3794,,,,,,
2017-11-21,,,-0.3795,,,,,,
2017-11-22,,,-0.3795,,,,,,
2017-11-23,,,-0.3795,,,,,,
2017-11-24,,,-0.381,,,,,,
2017-11-27,,,-0.381,,,,,,
2017-11-28,,,-0.3817,,,,,,
2017-11-29,,,-0.3817,,,,,,
2017-11-30,,,-0.3817,,,,,,
2017-12-01,,,-0.3834,,,,,,
2017-12-04,,,-0.3834,,,,,,
2017-12-05,,,-0.38,,,,,,
2017-12-06,,,-0.3792,,,,,,
2017-12-07,,,-0.3792,,,,,,
2017-12-08,,,-0.387,,,,,,
2017-12-11,,,-0.3864,,,,,,
2017-12-12,,,-0.3864,,,,,,
2017-12-13,,,-0.3864,,,,,,
2017-12-14,,,-0.3842,,,,,,
2017-12-15,,,-0.3857,,,,,,
2017-12-18,,,-0.3857,,,,,,
2017-12-19,,,-0.385,,,,,,
2017-12-20,,,-0.3868,,,,,,
2017-12-21,,,-0.3847,,,,,,
2017-12-22,,,-0.3847,,,,,,
2017-12-25,,,-0.3847,,,,,,
2017-12-26,,,-0.3847,,,,,,
2017-12-27,,,-0.3847,,,,,,
2017-12-28,,,-0.3847,,,,,,
2017-12-29,,,-0.3847,,,,,,
2018-01-01,,,-0.3847,,,,,,
2018-01-02,,,-0.3847,,,,,,
2018-01-03,,,-0.3854,,,,,,
2018-01-04,,,-0.3835,,,,,,
2018-01-05,,,-0.3814,,,,,,
2018-01-08,,,-0.3807,,,,,,
2018-01-09,,,-0.3807,,,,,,
2018-01-10,,,-0.3808,,,,,,
2018-01-11,,,-0.381,,,,,,
2018-01-12,,,-0.381,,,,,,
2018-01-15,,,-0.3812,,,,,,
2018-01-16,,,-0.3812,,,,,,
2018-01-17,,,-0.3812,,,,,,
2018-01-18,,,-0.3812,,,,,,
2018-01-19,,,-0.3814,,,,,,
2018-01-22,,,-0.3814,,,,,,
2018-01-23,,,-0.3828,,,,,,
2018-01-24,,,-0.3828,,,,,,
2018-01-25,,,-0.3828,,,,,,
2018-01-26,,,-0.3828,,,,,,
2018-01-29,,,-0.3815,,,,,,
2018-01-30,,,-0.377,,,,,,
2018-01-31,,,-0.377,,,,,,
2018-02-01,,,-0.3784,,,,,,
2018-02-02,,,-0.3798,,,,,,
2018-02-05,,,-0.3807,,,,,,
2018-02-06,,,-0.3807,,,,,,
2018-02-07,,,-0.3821,,,,,,
2018-02-08,,,-0.3821,,,,,,
2018-02-09,,,-0.3821,,,,,,
2018-02-12,,,-0.3828,,,,,,
2018-02-13,,,-0.3828,,,,,,
2018-02-14,,,-0.38,,,,,,
2018-02-15,,,-0.38,,,,,,
2018-02-16,,,-0.376,,,,,,
2018-02-19,,,-0.3765,,,,,,
2018-02-20,,,-0.37799999999999995,,,,,,
2018-02-21,,,-0.3844,,,,,,
2018-02-22,,,-0.3754,,,,,,
2018-02-23,,,-0.38,,,,,,
2018-02-26,,,-0.38,,,,,,
2018-02-27,,,-0.3792,,,,,,
2018-02-28,,,-0.3792,,,,,,
2018-03-01,,,-0.3792,,,,,,
2018-03-02,,,-0.3792,,,,,,
2018-03-05,,,-0.3792,,,,,,
2018-03-06,,,-0.3792,,,,,,
2018-03-07,,,-0.3792,,,,,,
2018-03-08,,,-0.3792,,,,,,
2018-03-09,,,-0.3792,,,,,,
2018-03-12,,,-0.3792,,,,,,
2018-03-13,,,-0.3792,,,,,,
2018-03-14,,,-0.3792,,,,,,
2018-03-15,,,-0.3792,,,,,,
2018-03-16,,,-0.3792,,,,,,
2018-03-19,,,-0.3892,,,,,,
2018-03-20,,,-0.3892,,,,,,
2018-03-21,,,-0.3892,,,,,,
2018-03-22,,,-0.3864,,,,,,
2018-03-23,,,-0.3814,,,,,,
2018-03-26,,,-0.3778,,,,,,
2018-03-27,,,-0.3764,,,,,,
2018-03-28,,,-0.3742,,,,,,
2018-03-29,,,-0.3707,,,,,,
2018-03-30,,,-0.3707,,,,,,
2018-04-02,,,-0.3707,,,,,,
2018-04-03,,,-0.3642,,,,,,
2018-04-04,,,-0.3642,,,,,,
2018-04-05,,,-0.3642,,,,,,
2018-04-06,,,-0.3657,,,,,,
2018-04-09,,,-0.3657,,,,,,
2018-04-10,,,-0.3657,,,,,,
2018-04-11,,,-0.3657,,,,,,
2018-04-12,,,-0.3657,,,,,,
2018-04-13,,,-0.365,,,,,,
2018-04-16,,,-0.365,,,,,,
2018-04-17,,,-0.365,,,,,,
2018-04-18,,,-0.365,,,,,,
2018-04-19,,,-0.365,,,,,,
2018-04-20,,,-0.365,,,,,,
2018-04-23,,,-0.365,,,,,,
2018-04-24,,,-0.365,,,,,,
2018-04-25,,,-0.3635,,,,,,
2018-04-26,,,-0.3635,,,,,,
2018-04-27,,,-0.3557,,,,,,
2018-04-30,,,-0.3557,,,,,,
2018-05-01,,,-0.3557,,,,,,
2018-05-02,,,-0.3557,,,,,,
2018-05-03,,,-0.3542,,,,,,
2018-05-04,,,-0.3532,,,,,,
2018-05-07,,,-0.3532,,,,,,
2018-05-08,,,-0.3532,,,,,,
2018-05-09,,,-0.3525,,,,,,
2018-05-10,,,-0.3508,,,,,,
2018-05-11,,,-0.3508,,,,,,
2018-05-14,,,-0.3505,,,,,,
2018-05-15,,,-0.3505,,,,,,
2018-05-16,,,-0.35200000000000004,,,,,,
2018-05-17,,,-0.3534,,,,,,
2018-05-18,,,-0.3534,,,,,,
2018-05-21,,,-0.3534,,,,,,
2018-05-22,,,-0.35200000000000004,,,,,,
2018-05-23,,,-0.35200000000000004,,,,,,
2018-05-24,,,-0.35200000000000004,,,,,,
2018-05-25,,,-0.35200000000000004,,,,,,
2018-05-28,,,-0.35200000000000004,,,,,,
2018-05-29,,,-0.3512,,,,,,
2018-05-30,,,-0.3512,,,,,,
2018-05-31,,,-0.3505,,,,,,
2018-06-01,,,-0.3505,,,,,,
2018-06-04,,,-0.3505,,,,,,
2018-06-05,,,-0.3505,,,,,,
2018-06-06,,,-0.3502,,,,,,
2018-06-07,,,-0.3517,,,,,,
2018-06-08,,,-0.3517,,,,,,
2018-06-11,,,-0.3517,,,,,,
2018-06-12,,,-0.3502,,,,,,
2018-06-13,,,-0.3502,,,,,,
2018-06-14,,,-0.3488,,,,,,
2018-06-15,,,-0.3542,,,,,,
2018-06-18,,,-0.3557,,,,,,
2018-06-19,,,-0.3628,,,,,,
2018-06-20,,,-0.366,,,,,,
2018-06-21,,,-0.366,,,,,,
2018-06-22,,,-0.3678,,,,,,
2018-06-25,,,-0.3682,,,,,,
2018-06-26,,,-0.3671,,,,,,
2018-06-27,,,-0.365,,,,,,
2018-06-28,,,-0.3635,,,,,,
2018-06-29,,,-0.3571,,,,,,
2018-07-02,,,-0.3568,,,,,,
2018-07-03,,,-0.3568,,,,,,
2018-07-04,,,-0.3584,,,,,,
2018-07-05,,,-0.3568,,,,,,
2018-07-06,,,-0.3568,,,,,,
2018-07-09,,,-0.35700000000000004,,,,,,
2018-07-10,,,-0.3554,,,,,,
2018-07-11,,,-0.3564,,,,,,
2018-07-12,,,-0.3577,,,,,,
2018-07-13,,,-0.3578,,,,,,
2018-07-16,,,-0.3578,,,,,,
2018-07-17,,,-0.358,,,,,,
2018-07-18,,,-0.3577,,,,,,
2018-07-19,,,-0.3577,,,,,,
2018-07-20,,,-0.3555,,,,,,
2018-07-23,,,-0.3561,,,,,,
2018-07-24,,,-0.3564,,,,,,
2018-07-25,,,-0.3564,,,,,,
2018-07-26,,,-0.3555,,,,,,
2018-07-27,,,-0.3555,,,,,,
2018-07-30,,,-0.3587,,,,,,
2018-07-31,,,-0.359,,,,,,
2018-08-01,,,-0.359,,,,,,
2018-08-02,,,-0.359,,,,,,
2018-08-03,,,-0.3605,,,,,,
2018-08-06,,,-0.3605,,,,,,
2018-08-07,,,-0.3602,,,,,,
2018-08-08,,,-0.3602,,,,,,
2018-08-09,,,-0.3604,,,,,,
2018-08-10,,,-0.3611,,,,,,
2018-08-13,,,-0.361,,,,,,
2018-08-14,,,-0.3611,,,,,,
2018-08-15,,,-0.3612,,,,,,
2018-08-16,,,-0.3612,,,,,,
2018-08-17,,,-0.3627,,,,,,
2018-08-20,,,-0.3627,,,,,,
2018-08-21,,,-0.3605,,,,,,
2018-08-22,,,-0.3604,,,,,,
2018-08-23,,,-0.3621,,,,,,
2018-08-24,,,-0.3605,,,,,,
2018-08-27,,,-0.3605,,,,,,
2018-08-28,,,-0.3608,,,,,,
2018-08-29,,,-0.3624,,,,,,
2018-08-30,,,-0.3584,,,,,,
2018-08-31,,,-0.3528,,,,,,
2018-09-03,,,-0.3527,,,,,,
2018-09-04,,,-0.3531,,,,,,
2018-09-05,,,-0.3548,,,,,,
2018-09-06,,,-0.3548,,,,,,
2018-09-07,,,-0.3564,,,,,,
2018-09-10,,,-0.3561,,,,,,
2018-09-11,,,-0.3564,,,,,,
2018-09-12,,,-0.3564,,,,,,
2018-09-13,,,-0.3568,,,,,,
2018-09-14,,,-0.3564,,,,,,
2018-09-17,,,-0.3547,,,,,,
2018-09-18,,,-0.3521,,,,,,
2018-09-19,,,-0.3524,,,,,,
2018-09-20,,,-0.3518,,,,,,
2018-09-21,,,-0.3525,,,,,,
2018-09-24,,,-0.3518,,,,,,
2018-09-25,,,-0.35200000000000004,,,,,,
2018-09-26,,,-0.3561,,,,,,
2018-09-27,,,-0.359,,,,,,
2018-09-28,,,-0.353,,,,,,
2018-10-01,,,-0.3554,,,,,,
2018-10-02,,,-0.3574,,,,,,
2018-10-03,,,-0.3518,,,,,,
2018-10-04,,,-0.3521,,,,,,
2018-10-05,,,-0.3582,,,,,,
2018-10-08,,,-0.3502,,,,,,
2018-10-09,,,-0.3522,,,,,,
2018-10-10,,,-0.3602,,,,,,
2018-10-11,,,-0.3487,,,,,,
2018-10-12,,,-0.3475,,,,,,
2018-10-15,,,-0.3488,,,,,,
2018-10-16,,,-0.3482,,,,,,
2018-10-17,,,-0.3508,,,,,,
2018-10-18,,,-0.35200000000000004,,,,,,
2018-10-19,,,-0.3548,,,,,,
2018-10-22,,,-0.3531,,,,,,
2018-10-23,,,-0.3527,,,,,,
2018-10-24,,,-0.3477,,,,,,
2018-10-25,,,-0.349,,,,,,
2018-10-26,,,-0.3548,,,,,,
2018-10-29,,,-0.3571,,,,,,
2018-10-30,,,-0.3561,,,,,,
2018-10-31,,,-0.3558,,,,,,
2018-11-01,,,-0.3518,,,,,,
2018-11-02,,,-0.3545,,,,,,
2018-11-05,,,-0.3515,,,,,,
2018-11-06,,,-0.3525,,,,,,
2018-11-07,,,-0.3588,,,,,,
2018-11-08,,,-0.3562,,,,,,
2018-11-09,,,-0.3582,,,,,,
2018-11-12,,,-0.3581,,,,,,
2018-11-13,,,-0.3587,,,,,,
2018-11-14,,,-0.3671,,,,,,
2018-11-15,,,-0.3694,,,,,,
2018-11-16,,,-0.3687,,,,,,
2018-11-19,,,-0.3602,,,,,,
2018-11-20,,,-0.3594,,,,,,
2018-11-21,,,-0.3577,,,,,,
2018-11-22,,,-0.3671,,,,,,
2018-11-23,,,-0.3668,,,,,,
2018-11-26,,,-0.3578,,,,,,
2018-11-27,,,-0.3622,,,,,,
2018-11-28,,,-0.363,,,,,,
2018-11-29,,,-0.3585,,,,,,
2018-11-30,,,-0.359,,,,,,
2018-12-03,,,-0.3548,,,,,,
2018-12-04,,,-0.3428,,,,,,
2018-12-05,,,-0.3487,,,,,,
2018-12-06,,,-0.3531,,,,,,
2018-12-07,,,-0.3544,,,,,,
2018-12-10,,,-0.3572,,,,,,
2018-12-11,,,-0.3572,,,,,,
2018-12-12,,,-0.3558,,,,,,
2018-12-13,,,-0.3554,,,,,,
2018-12-14,,,-0.3557,,,,,,
2018-12-17,,,-0.3521,,,,,,
2018-12-18,,,-0.3497,,,,,,
2018-12-19,,,-0.3498,,,,,,
2018-12-20,,,-0.3511,,,,,,
2018-12-21,,,-0.3482,,,,,,
2018-12-24,,,-0.3552,,,,,,
2018-12-25,,,-0.3552,,,,,,
2018-12-26,,,-0.3552,,,,,,
2018-12-27,,,-0.3514,,,,,,
2018-12-28,,,-0.3582,,,,,,
2018-12-31,,,-0.3557,,,,,,
2019-01-01,,,-0.3557,,,,,,
2019-01-02,,,-0.3455,,,,,,
2019-01-03,,,-0.3454,,,,,,
2019-01-04,,,-0.3445,,,,,,
2019-01-07,,,-0.3414,,,,,,
2019-01-08,,,-0.3345,,,,,,
2019-01-09,,,-0.3358,,,,,,
2019-01-10,,,-0.3308,,,,,,
2019-01-11,,,-0.3285,,,,,,
2019-01-14,,,-0.3287,,,,,,
2019-01-15,,,-0.33299999999999996,,,,,,
2019-01-16,,,-0.3334,,,,,,
2019-01-17,,,-0.3335,,,,,,
2019-01-18,,,-0.3401,,,,,,
2019-01-21,,,-0.331,,,,,,
2019-01-22,,,-0.3327,,,,,,
2019-01-23,,,-0.3237,,,,,,
2019-01-24,,,-0.326,,,,,,
2019-01-25,,,-0.3335,,,,,,
2019-01-28,,,-0.3354,,,,,,
2019-01-29,,,-0.3372,,,,,,
2019-01-30,,,-0.3428,,,,,,
2019-01-31,,,-0.3438,,,,,,
2019-02-01,,,-0.3418,,,,,,
2019-02-04,,,-0.3394,,,,,,
2019-02-05,,,-0.3391,,,,,,
2019-02-06,,,-0.332,,,,,,
2019-02-07,,,-0.3315,,,,,,
2019-02-08,,,-0.3324,,,,,,
2019-02-11,,,-0.3335,,,,,,
2019-02-12,,,-0.332,,,,,,
2019-02-13,,,-0.3444,,,,,,
2019-02-14,,,-0.3425,,,,,,
2019-02-15,,,-0.3371,,,,,,
2019-02-18,,,-0.34700000000000003,,,,,,
2019-02-19,,,-0.3455,,,,,,
2019-02-20,,,-0.3444,,,,,,
2019-02-21,,,-0.3358,,,,,,
2019-02-22,,,-0.3364,,,,,,
2019-02-25,,,-0.3365,,,,,,
2019-02-26,,,-0.3367,,,,,,
2019-02-27,,,-0.337,,,,,,
2019-02-28,,,-0.341,,,,,,
2019-03-01,,,-0.3407,,,,,,
2019-03-04,,,-0.3332,,,,,,
2019-03-05,,,-0.3364,,,,,,
2019-03-06,,,-0.332,,,,,,
2019-03-07,,,-0.3318,,,,,,
2019-03-08,,,-0.3301,,,,,,
2019-03-11,,,-0.3298,,,,,,
2019-03-12,,,-0.3314,,,,,,
2019-03-13,,,-0.3317,,,,,,
2019-03-14,,,-0.3317,,,,,,
2019-03-15,,,-0.3417,,,,,,
2019-03-18,,,-0.3384,,,,,,
2019-03-19,,,-0.3438,,,,,,
2019-03-20,,,-0.3344,,,,,,
2019-03-21,,,-0.3397,,,,,,
2019-03-22,,,-0.3357,,,,,,
2019-03-25,,,-0.3345,,,,,,
2019-03-26,,,-0.3428,,,,,,
2019-03-27,,,-0.3478,,,,,,
2019-03-28,,,-0.3458,,,,,,
2019-03-29,,,-0.348,,,,,,
2019-04-01,,,-0.3438,,,,,,
2019-04-02,,,-0.33899999999999997,,,,,,
2019-04-03,,,-0.3451,,,,,,
2019-04-04,,,-0.3482,,,,,,
2019-04-05,,,-0.3588,,,,,,
2019-04-08,,,-0.3602,,,,,,
2019-04-09,,,-0.3578,,,,,,
2019-04-10,,,-0.3562,,,,,,
2019-04-11,,,-0.3485,,,,,,
2019-04-12,,,-0.3604,,,,,,
2019-04-15,,,-0.3477,,,,,,
2019-04-16,,,-0.3467,,,,,,
2019-04-17,,,-0.3481,,,,,,
2019-04-18,,,-0.35,,,,,,
2019-04-19,,,-0.35,,,,,,
2019-04-22,,,-0.35,,,,,,
2019-04-23,,,-0.3515,,,,,,
2019-04-24,,,-0.3475,,,,,,
2019-04-25,,,-0.348,,,,,,
2019-04-26,,,-0.3607,,,,,,
2019-04-29,,,-0.3567,,,,,,
2019-04-30,,,-0.3461,,,,,,
2019-05-01,,,-0.341,,,,,,
2019-05-02,,,-0.3475,,,,,,
2019-05-03,,,-0.3444,,,,,,
2019-05-06,,,-0.3444,,,,,,
2019-05-07,,,-0.353,,,,,,
2019-05-08,,,-0.3532,,,,,,
2019-05-09,,,-0.355,,,,,,
2019-05-10,,,-0.3585,,,,,,
2019-05-13,,,-0.364,,,,,,
2019-05-14,,,-0.3592,,,,,,
2019-05-15,,,-0.3641,,,,,,
2019-05-16,,,-0.3651,,,,,,
2019-05-17,,,-0.354,,,,,,
2019-05-20,,,-0.3544,,,,,,
2019-05-21,,,-0.3597,,,,,,
2019-05-22,,,-0.359,,,,,,
2019-05-23,,,-0.359,,,,,,
2019-05-24,,,-0.3592,,,,,,
2019-05-27,,,-0.3592,,,,,,
2019-05-28,,,-0.3505,,,,,,
2019-05-29,,,-0.3512,,,,,,
2019-05-30,,,-0.3522,,,,,,
2019-05-31,,,-0.3432,,,,,,
2019-06-03,,,-0.3522,,,,,,
2019-06-04,,,-0.3545,,,,,,
2019-06-05,,,-0.3661,,,,,,
2019-06-06,,,-0.3711,,,,,,
2019-06-07,,,-0.3668,,,,,,
2019-06-10,,,-0.3662,,,,,,
2019-06-11,,,-0.3641,,,,,,
2019-06-12,,,-0.366,,,,,,
2019-06-13,,,-0.3588,,,,,,
2019-06-14,,,-0.3588,,,,,,
2019-06-17,,,-0.3601,,,,,,
2019-06-18,,,-0.3731,,,,,,
2019-06-19,,,-0.3754,,,,,,
2019-06-20,,,-0.3761,,,,,,
2019-06-21,,,-0.3777,,,,,,
2019-06-24,,,-0.3787,,,,,,
2019-06-25,,,-0.3797,,,,,,
2019-06-26,,,-0.3857,,,,,,
2019-06-27,,,-0.3818,,,,,,
2019-06-28,,,-0.3914,,,,,,
2019-07-01,,,-0.3918,,,,,,
2019-07-02,,,-0.3922,,,,,,
2019-07-03,,,-0.392,,,,,,
2019-07-04,,,-0.3931,,,,,,
2019-07-05,,,-0.3952,,,,,,
2019-07-08,,,-0.391,,,,,,
2019-07-09,,,-0.39899999999999997,,,,,,
2019-07-10,,,-0.3985,,,,,,
2019-07-11,,,-0.4048,,,,,,
2019-07-12,,,-0.4,,,,,,
2019-07-15,,,-0.401,,,,,,
2019-07-16,,,-0.4054,,,,,,
2019-07-17,,,-0.4011,,,,,,
2019-07-18,,,-0.4061,,,,,,
2019-07-19,,,-0.4142,,,,,,
2019-07-22,,,-0.4024,,,,,,
2019-07-23,,,-0.4071,,,,,,
2019-07-24,,,-0.41700000000000004,,,,,,
2019-07-25,,,-0.4201,,,,,,
2019-07-26,,,-0.4011,,,,,,
2019-07-29,,,-0.4022,,,,,,
2019-07-30,,,-0.4174,,,,,,
2019-07-31,,,-0.4197,,,,,,
2019-08-01,,,-0.4152,,,,,,
2019-08-02,,,-0.4117,,,,,,
2019-08-05,,,-0.4134,,,,,,
2019-08-06,,,-0.41600000000000004,,,,,,
2019-08-07,,,-0.42,,,,,,
2019-08-08,,,-0.4228,,,,,,
2019-08-09,,,-0.4171,,,,,,
2019-08-12,,,-0.4178,,,,,,
2019-08-13,,,-0.425,,,,,,
2019-08-14,,,-0.4258,,,,,,
2019-08-15,,,-0.4298,,,,,,
2019-08-16,,,-0.4427,,,,,,
2019-08-19,,,-0.4428,,,,,,
2019-08-20,,,-0.4471,,,,,,
2019-08-21,,,-0.4584,,,,,,
2019-08-22,,,-0.4547,,,,,,
2019-08-23,,,-0.4487,,,,,,
2019-08-26,,,-0.4487,,,,,,
2019-08-27,,,-0.4472,,,,,,
2019-08-28,,,-0.4548,,,,,,
2019-08-29,,,-0.4581,,,,,,
2019-08-30,,,-0.4725,,,,,,
2019-09-02,,,-0.4811,,,,,,
2019-09-03,,,-0.4818,,,,,,
2019-09-04,,,-0.4808,,,,,,
2019-09-05,,,-0.48100000000000004,,,,,,
2019-09-06,,,-0.4822,,,,,,
2019-09-09,,,-0.4808,,,,,,
2019-09-10,,,-0.4718,,,,,,
2019-09-11,,,-0.4621,,,,,,
2019-09-12,,,-0.4657,,,,,,
2019-09-13,,,-0.4228,,,,,,
2019-09-16,,,-0.4217,,,,,,
2019-09-17,,,-0.431,,,,,,
2019-09-18,,,-0.42100000000000004,,,,,,
2019-09-19,,,-0.4191,,,,,,
2019-09-20,,,-0.4252,,,,,,
2019-09-23,,,-0.4231,,,,,,
2019-09-24,,,-0.4265,,,,,,
2019-09-25,,,-0.4265,,,,,,
2019-09-26,,,-0.4287,,,,,,
2019-09-27,,,-0.4368,,,,,,
2019-09-30,,,-0.4368,,,,,,
2019-10-01,,,-0.4407,,,,,,
2019-10-02,,,-0.4462,,,,,,
2019-10-03,,,-0.4487,,,,,,
2019-10-04,,,-0.4428,,,,,,
2019-10-07,,,-0.4428,,,,,,
2019-10-08,,,-0.442,,,,,,
2019-10-09,,,-0.44299999999999995,,,,,,
2019-10-10,,,-0.4412,,,,,,
2019-10-11,,,-0.4401,,,,,,
2019-10-14,,,-0.4401,,,,,,
2019-10-15,,,-0.4368,,,,,,
2019-10-16,,,-0.435,,,,,,
2019-10-17,,,-0.4342,,,,,,
2019-10-18,,,-0.4352,,,,,,
2019-10-21,,,-0.4352,,,,,,
2019-10-22,,,-0.4321,,,,,,
2019-10-23,,,-0.43,,,,,,
2019-10-24,,,-0.43200000000000005,,,,,,
2019-10-25,,,-0.4312,,,,,,
2019-10-28,,,-0.4312,,,,,,
2019-10-29,,,-0.435,,,,,,
2019-10-30,,,-0.4358,,,,,,
2019-10-31,,,-0.4374,,,,,,
2019-11-01,,,-0.4412,,,,,,
2019-11-04,,,-0.4412,,,,,,
2019-11-05,,,-0.4421,,,,,,
2019-11-06,,,-0.4447,,,,,,
2019-11-07,,,-0.446,,,,,,
2019-11-08,,,-0.4372,,,,,,
2019-11-11,,,-0.4372,,,,,,
2019-11-12,,,-0.4371,,,,,,
2019-11-13,,,-0.4375,,,,,,
2019-11-14,,,-0.43700000000000006,,,,,,
2019-11-15,,,-0.4365,,,,,,
2019-11-18,,,-0.4398,,,,,,
2019-11-19,,,-0.4474,,,,,,
2019-11-20,,,-0.44799999999999995,,,,,,
2019-11-21,,,-0.44799999999999995,,,,,,
2019-11-22,,,-0.445,,,,,,
2019-11-25,,,-0.445,,,,,,
2019-11-26,,,-0.442,,,,,,
2019-11-27,,,-0.4352,,,,,,
2019-11-28,,,-0.4347,,,,,,
2019-11-29,,,-0.434,,,,,,
2019-12-02,,,-0.434,,,,,,
2019-12-03,,,-0.434,,,,,,
2019-12-04,,,-0.4517,,,,,,
2019-12-05,,,-0.44799999999999995,,,,,,
2019-12-06,,,-0.4427,,,,,,
2019-12-09,,,-0.4427,,,,,,
2019-12-10,,,-0.4385,,,,,,
2019-12-11,,,-0.4368,,,,,,
2019-12-12,,,-0.4364,,,,,,
2019-12-13,,,-0.4372,,,,,,
2019-12-16,,,-0.4372,,,,,,
2019-12-17,,,-0.4328,,,,,,
2019-12-18,,,-0.4357,,,,,,
2019-12-19,,,-0.4312,,,,,,
2019-12-20,,,-0.4202,,,,,,
2019-12-23,,,-0.4202,,,,,,
2019-12-24,,,-0.4272,,,,,,
2019-12-25,,,-0.4262,,,,,,
2019-12-26,,,-0.4262,,,,,,
2019-12-27,,,-0.4202,,,,,,
2019-12-30,,,-0.4202,,,,,,
2019-12-31,,,-0.4187,,,,,,
2020-01-01,,,-0.4142,,,,,,
2020-01-02,,,-0.4142,,,,,,
2020-01-03,,,-0.4098,,,,,,
2020-01-06,,,-0.4098,,,,,,
2020-01-07,,,-0.4171,,,,,,
2020-01-08,,,-0.4247,,,,,,
2020-01-09,,,-0.4164,,,,,,
2020-01-10,,,-0.4232,,,,,,
2020-01-13,,,-0.4232,,,,,,
2020-01-14,,,-0.4241,,,,,,
2020-01-15,,,-0.4211,,,,,,
2020-01-16,,,-0.4214,,,,,,
2020-01-17,,,-0.424,,,,,,
2020-01-20,,,-0.424,,,,,,
2020-01-21,,,-0.4201,,,,,,
2020-01-22,,,-0.42,,,,,,
2020-01-23,,,-0.4195,,,,,,
2020-01-24,,,-0.4238,,,,,,
2020-01-27,,,-0.429,,,,,,
2020-01-28,,,-0.4224,,,,,,
2020-01-29,,,-0.4224,,,,,,
2020-01-30,,,-0.4224,,,,,,
2020-01-31,,,-0.4164,,,,,,
2020-02-03,,,-0.423,,,,,,
2020-02-04,,,-0.4264,,,,,,
2020-02-05,,,-0.4265,,,,,,
2020-02-06,,,-0.4232,,,,,,
2020-02-07,,,-0.4231,,,,,,
2020-02-10,,,-0.4231,,,,,,
2020-02-11,,,-0.425,,,,,,
2020-02-12,,,-0.4311,,,,,,
2020-02-13,,,-0.4327,,,,,,
2020-02-14,,,-0.4355,,,,,,
2020-02-17,,,-0.4355,,,,,,
2020-02-18,,,-0.4337,,,,,,
2020-02-19,,,-0.4334,,,,,,
2020-02-20,,,-0.4332,,,,,,
2020-02-21,,,-0.4408,,,,,,
2020-02-24,,,-0.4408,,,,,,
2020-02-25,,,-0.4408,,,,,,
2020-02-26,,,-0.4502,,,,,,
2020-02-27,,,-0.4557,,,,,,
2020-02-29,,,-0.4712,,,,,,
2020-03-02,,,-0.4712,,,,,,
2020-03-03,,,-0.4944,,,,,,
2020-03-04,,,-0.4871,,,,,,
2020-03-05,,,-0.4915,,,,,,
2020-03-06,,,-0.5182,,,,,,
2020-03-09,,,-0.526,,,,,,
2020-03-10,,,-0.526,,,,,,
2020-03-11,,,-0.5095,,,,,,
2020-03-12,,,-0.5391,,,,,,
2020-03-13,,,-0.5214,,,,,,
2020-03-16,,,-0.4272,,,,,,
2020-03-17,,,-0.4197,,,,,,
2020-03-18,,,-0.3954,,,,,,
2020-03-19,,,-0.3851,,,,,,
2020-03-20,,,-0.353,,,,,,
2020-03-23,,,-0.353,,,,,,
2020-03-24,,,-0.31,,,,,,
2020-03-25,,,-0.3168,,,,,,
2020-03-26,,,-0.3077,,,,,,
2020-03-27,,,-0.2891,,,,,,
2020-03-30,,,-0.2647,,,,,,
2020-03-31,,,-0.2547,,,,,,
2020-04-01,,,-0.2472,,,,,,
2020-04-02,,,-0.2411,,,,,,
2020-04-03,,,-0.2324,,,,,,
2020-04-06,,,-0.2324,,,,,,
2020-04-07,,,-0.2315,,,,,,
2020-04-08,,,-0.2334,,,,,,
2020-04-09,,,-0.2222,,,,,,
2020-04-10,,,-0.2124,,,,,,
2020-04-13,,,-0.2124,,,,,,
2020-04-14,,,-0.2124,,,,,,
2020-04-15,,,-0.2185,,,,,,
2020-04-16,,,-0.2168,,,,,,
2020-04-17,,,-0.1821,,,,,,
2020-04-20,,,-0.1821,,,,,,
2020-04-21,,,-0.1671,,,,,,
2020-04-22,,,-0.1575,,,,,,
2020-04-23,,,-0.1424,,,,,,
2020-04-24,,,-0.152,,,,,,
2020-04-27,,,-0.152,,,,,,
2020-04-28,,,-0.1735,,,,,,
2020-04-29,,,-0.1645,,,,,,
2020-04-30,,,-0.174,,,,,,
2020-05-01,,,-0.1707,,,,,,
2020-05-04,,,-0.1707,,,,,,
2020-05-05,,,-0.1741,,,,,,
2020-05-06,,,-0.2048,,,,,,
2020-05-07,,,-0.217,,,,,,
2020-05-08,,,-0.2424,,,,,,
2020-05-11,,,-0.2424,,,,,,
2020-05-12,,,-0.2245,,,,,,
2020-05-13,,,-0.2307,,,,,,
2020-05-14,,,-0.2432,,,,,,
2020-05-15,,,-0.2432,,,,,,
2005-04-30,,,,809.34,,,,,
2005-10-31,,,,959.55,,,,,
2006-04-30,,,,986.04,,,,,
2006-10-31,,,,997.0,,,,,
2007-04-30,,,,1024.0,,,,,
2007-10-31,,,,1033.84,,,,,
2008-04-30,,,,1063.38,,,,,
2008-10-31,,,,1071.63,,,,,
2009-04-30,,,,1093.38,,,,,
2009-10-31,,,,1101.92,,,,,
2010-04-30,,,,1109.27,,,,,
2010-10-31,,,,1118.48,,,,,
2011-04-30,,,,1134.44,,,,,
2011-10-31,,,,1142.59,,,,,
2012-04-30,,,,1114.97,,,,,
2012-10-31,,,,1123.5,,,,,
2013-04-30,,,,1124.83,,,,,
2013-10-31,,,,1125.59,,,,,
2014-04-30,,,,1120.4,,,,,
2014-10-31,,,,1124.49,,,,,
2015-04-30,,,,1140.37,,,,,
2015-10-31,,,,1130.37,,,,,
2016-04-30,,,,1138.73,,,,,
2016-10-31,,,,1144.61,,,,,
2017-04-30,,,,1148.29,,,,,
2017-10-31,,,,1150.62,,,,,
2018-04-30,,,,1166.86,,,,,
2018-10-31,,,,1170.63,,,,,
2019-04-30,,,,1188.06,,,,,
2003-01-31,,,,,6.69,,,,
2003-02-28,,,,,6.62,,,,
2003-03-31,,,,,6.59,,,,
2003-04-30,,,,,6.42,,,,
2003-05-31,,,,,6.37,,,,
2003-06-30,,,,,6.04,,,,
2003-07-31,,,,,6.04,,,,
2003-08-31,,,,,5.97,,,,
2003-09-30,,,,,5.93,,,,
2003-10-31,,,,,5.94,,,,
2003-11-30,,,,,5.85,,,,
2003-12-31,,,,,5.63,,,,
2004-01-31,,,,,5.76,,,,
2004-02-29,,,,,5.75,,,,
2004-03-31,,,,,5.68,,,,
2004-04-30,,,,,5.54,,,,
2004-05-31,,,,,5.6,,,,
2004-06-30,,,,,5.62,,,,
2004-07-31,,,,,5.69,,,,
2004-08-31,,,,,5.8,,,,
2004-09-30,,,,,5.72,,,,
2004-10-31,,,,,5.75,,,,
2004-11-30,,,,,5.72,,,,
2004-12-31,,,,,5.52,,,,
2005-01-31,,,,,5.75,,,,
2005-02-28,,,,,5.82,,,,
2005-03-31,,,,,5.72,,,,
2005-04-30,,,,,5.76,,,,
2005-05-31,,,,,5.75,,,,
2005-06-30,,,,,5.7,,,,
2005-07-31,,,,,5.63,,,,
2005-08-31,,,,,5.81,,,,
2005-09-30,,,,,5.74,,,,
2005-10-31,,,,,5.74,,,,
2005-11-30,,,,,5.84,,,,
2005-12-31,,,,,5.73,,,,
2006-01-31,,,,,5.84,,,,
2006-02-28,,,,,5.98,,,,
2006-03-31,,,,,6.05,,,,
2006-04-30,,,,,6.1,,,,
2006-05-31,,,,,6.12,,,,
2006-06-30,,,,,6.1,,,,
2006-07-31,,,,,6.23,,,,
2006-08-31,,,,,6.38,,,,
2006-09-30,,,,,6.43,,,,
2006-10-31,,,,,6.54,,,,
2006-11-30,,,,,6.61,,,,
2006-12-31,,,,,6.52,,,,
2007-01-31,,,,,6.77,,,,
2007-02-28,,,,,6.86,,,,
2007-03-31,,,,,6.82,,,,
2007-04-30,,,,,6.82,,,,
2007-05-31,,,,,7.1,,,,
2007-06-30,,,,,6.92,,,,
2007-07-31,,,,,6.87,,,,
2007-08-31,,,,,7.11,,,,
2007-09-30,,,,,7.32,,,,
2007-10-31,,,,,7.42,,,,
2007-11-30,,,,,7.37,,,,
2007-12-31,,,,,7.25,,,,
2008-01-31,,,,,7.56,,,,
2008-02-29,,,,,7.25,,,,
2008-03-31,,,,,7.27,,,,
2008-04-30,,,,,7.53,,,,
2008-05-31,,,,,7.66,,,,
2008-06-30,,,,,7.68,,,,
2008-07-31,,,,,7.78,,,,
2008-08-31,,,,,7.93,,,,
2008-09-30,,,,,7.83,,,,
2008-10-31,,,,,8.08,,,,
2008-11-30,,,,,7.97,,,,
2008-12-31,,,,,7.26,,,,
2009-01-31,,,,,7.12,,,,
2009-02-28,,,,,6.5,,,,
2009-03-31,,,,,6.16,,,,
2009-04-30,,,,,5.85,,,,
2009-05-31,,,,,5.71,,,,
2009-06-30,,,,,5.68,,,,
2009-07-31,,,,,5.51,,,,
2009-08-31,,,,,5.43,,,,
2009-09-30,,,,,5.28,,,,
2009-10-31,,,,,5.19,,,,
2009-11-30,,,,,5.08,,,,
2009-12-31,,,,,4.95,,,,
2010-01-31,,,,,5.09,,,,
2010-02-28,,,,,5.14,,,,
2010-03-31,,,,,5.1,,,,
2010-04-30,,,,,5.21,,,,
2010-05-31,,,,,5.13,,,,
2010-06-30,,,,,5.25,,,,
2010-07-31,,,,,5.32,,,,
2010-08-31,,,,,5.58,,,,
2010-09-30,,,,,5.54,,,,
2010-10-31,,,,,5.72,,,,
2010-11-30,,,,,5.99,,,,
2010-12-31,,,,,5.92,,,,
2011-01-31,,,,,6.04,,,,
2011-02-28,,,,,6.28,,,,
2011-03-31,,,,,6.45,,,,
2011-04-30,,,,,6.47,,,,
2011-05-31,,,,,6.59,,,,
2011-06-30,,,,,6.87,,,,
2011-07-31,,,,,7.03,,,,
2011-08-31,,,,,7.23,,,,
2011-09-30,,,,,7.24,,,,
2011-10-31,,,,,7.46,,,,
2011-11-30,,,,,7.56,,,,
2011-12-31,,,,,7.53,,,,
2012-01-31,,,,,7.62,,,,
2012-02-29,,,,,7.54,,,,
2012-03-31,,,,,7.4,,,,
2012-04-30,,,,,7.31,,,,
2012-05-31,,,,,7.16,,,,
2012-06-30,,,,,7.13,,,,
2012-07-31,,,,,7.06,,,,
2012-08-31,,,,,6.96,,,,
2012-09-30,,,,,6.81,,,,
2012-10-31,,,,,6.79,,,,
2012-11-30,,,,,6.68,,,,
2012-12-31,,,,,6.53,,,,
2013-01-31,,,,,6.68,,,,
2013-02-28,,,,,6.6,,,,
2013-03-31,,,,,6.56,,,,
2013-04-30,,,,,6.63,,,,
2013-05-31,,,,,6.51,,,,
2013-06-30,,,,,6.33,,,,
2013-07-31,,,,,6.42,,,,
2013-08-31,,,,,6.43,,,,
2013-09-30,,,,,6.24,,,,
2013-10-31,,,,,6.27,,,,
2013-11-30,,,,,6.14,,,,
2013-12-31,,,,,5.9,,,,
2014-01-31,,,,,6.18,,,,
2014-02-28,,,,,6.02,,,,
2014-03-31,,,,,5.85,,,,
2014-04-30,,,,,5.91,,,,
2014-05-31,,,,,5.81,,,,
2014-06-30,,,,,5.59,,,,
2014-07-31,,,,,5.46,,,,
2014-08-31,,,,,5.42,,,,
2014-09-30,,,,,5.19,,,,
2014-10-31,,,,,5.2,,,,
2014-11-30,,,,,4.92,,,,
2014-12-31,,,,,4.68,,,,
2015-01-31,,,,,4.97,,,,
2015-02-28,,,,,4.7,,,,
2015-03-31,,,,,4.49,,,,
2015-04-30,,,,,4.45,,,,
2015-05-31,,,,,4.29,,,,
2015-06-30,,,,,4.06,,,,
2015-07-31,,,,,4.11,,,,
2015-08-31,,,,,4.15,,,,
2015-09-30,,,,,4.01,,,,
2015-10-31,,,,,3.99,,,,
2015-11-30,,,,,3.8,,,,
2015-12-31,,,,,3.64,,,,
2016-01-31,,,,,3.89,,,,
2016-02-29,,,,,3.72,,,,
2016-03-31,,,,,3.56,,,,
2016-04-30,,,,,3.6,,,,
2016-05-31,,,,,3.52,,,,
2016-06-30,,,,,3.34,,,,
2016-07-31,,,,,3.45,,,,
2016-08-31,,,,,3.42,,,,
2016-09-30,,,,,3.4,,,,
2016-10-31,,,,,3.4,,,,
2016-11-30,,,,,3.35,,,,
2016-12-31,,,,,3.2,,,,
2017-01-31,,,,,3.34,,,,
2017-02-28,,,,,3.25,,,,
2017-03-31,,,,,3.17,,,,
2017-04-30,,,,,3.26,,,,
2017-05-31,,,,,3.13,,,,
2017-06-30,,,,,3.0,,,,
2017-07-31,,,,,3.08,,,,
2017-08-31,,,,,3.13,,,,
2017-09-30,,,,,3.02,,,,
2017-10-31,,,,,3.07,,,,
2017-11-30,,,,,2.96,,,,
2017-12-31,,,,,2.87,,,,
2018-01-31,,,,,2.86,,,,
2018-02-28,,,,,2.85,,,,
2018-03-31,,,,,2.81,,,,
2018-04-30,,,,,2.89,,,,
2018-05-31,,,,,2.83,,,,
2018-06-30,,,,,2.64,,,,
2018-07-31,,,,,2.68,,,,
2018-08-31,,,,,2.75,,,,
2018-09-30,,,,,2.74,,,,
2018-10-31,,,,,2.81,,,,
2018-11-30,,,,,2.74,,,,
2018-12-31,,,,,2.65,,,,
2019-01-31,,,,,2.76,,,,
2019-02-28,,,,,2.71,,,,
2019-03-31,,,,,2.67,,,,
2019-04-30,,,,,2.7,,,,
2019-05-31,,,,,2.61,,,,
2019-06-30,,,,,2.58,,,,
2019-07-31,,,,,2.51,,,,
2019-08-31,,,,,2.62,,,,
2019-09-30,,,,,2.57,,,,
2019-10-31,,,,,2.62,,,,
2019-11-30,,,,,2.56,,,,
2019-12-31,,,,,2.51,,,,
2020-01-31,,,,,2.65,,,,
2020-02-29,,,,,2.53,,,,
2020-03-31,,,,,2.44,,,,
1995-12-31,,,,,,40.0,,,
1996-12-31,,,,,,40.0,,,
1997-12-31,,,,,,40.0,,,
1998-12-31,,,,,,40.0,,,
1999-12-31,,,,,,40.0,,,
2000-12-31,,,,,,40.0,,,
2001-12-31,,,,,,40.0,,,
2002-12-31,,,,,,40.0,,,
2003-12-31,,,,,,40.0,,,
2004-12-31,,,,,,40.0,,,
2005-12-31,,,,,,40.0,,,
2006-12-31,,,,,,42.0,,,
2007-12-31,,,,,,42.0,,,
2008-12-31,,,,,,42.0,,,
2009-12-31,,,,,,42.0,,,
2010-12-31,,,,,,45.9,,,
2011-12-31,,,,,,46.5,,,
2012-12-31,,,,,,46.5,,,
2013-12-31,,,,,,48.0,,,
2014-12-31,,,,,,48.0,,,
2015-12-31,,,,,,48.0,,,
2016-12-31,,,,,,48.0,,,
2017-12-31,,,,,,48.0,,,
2018-12-31,,,,,,48.0,,,
2019-12-31,,,,,,48.0,,,
2020-12-31,,,,,,48.0,,,
1961-01-31,,,,,,,0.0,,
1961-02-28,,,,,,,0.0,,
1961-03-31,,,,,,,-0.7,,
1961-04-30,,,,,,,0.7,,
1961-05-31,,,,,,,1.4,,
1961-06-30,,,,,,,0.7,,
1961-07-31,,,,,,,2.1,,
1961-08-31,,,,,,,2.8,,
1961-09-30,,,,,,,3.5,,
1961-10-31,,,,,,,3.5,,
1961-11-30,,,,,,,2.8,,
1961-12-31,,,,,,,2.1,,
1962-01-31,,,,,,,2.8,,
1962-02-28,,,,,,,2.1,,
1962-03-31,,,,,,,3.5,,
1962-04-30,,,,,,,4.2,,
1962-05-31,,,,,,,2.8,,
1962-06-30,,,,,,,2.8,,
1962-07-31,,,,,,,2.8,,
1962-08-31,,,,,,,1.4,,
1962-09-30,,,,,,,1.4,,
1962-10-31,,,,,,,2.0,,
1962-11-30,,,,,,,2.7,,
1962-12-31,,,,,,,2.0,,
1963-01-31,,,,,,,2.0,,
1963-02-28,,,,,,,3.4,,
1963-03-31,,,,,,,3.4,,
1963-04-30,,,,,,,2.7,,
1963-05-31,,,,,,,2.7,,
1963-06-30,,,,,,,2.0,,
1963-07-31,,,,,,,-0.7,,
1963-08-31,,,,,,,2.0,,
1963-09-30,,,,,,,1.3,,
1963-10-31,,,,,,,1.3,,
1963-11-30,,,,,,,2.0,,
1963-12-31,,,,,,,3.3,,
1964-01-31,,,,,,,2.7,,
1964-02-29,,,,,,,2.0,,
1964-03-31,,,,,,,2.6,,
1964-04-30,,,,,,,2.6,,
1964-05-31,,,,,,,3.3,,
1964-06-30,,,,,,,4.0,,
1964-07-31,,,,,,,6.1,,
1964-08-31,,,,,,,4.6,,
1964-09-30,,,,,,,4.6,,
1964-10-31,,,,,,,3.9,,
1964-11-30,,,,,,,2.6,,
1964-12-31,,,,,,,3.2,,
1965-01-31,,,,,,,3.9,,
1965-02-28,,,,,,,2.6,,
1965-03-31,,,,,,,2.5,,
1965-04-30,,,,,,,3.2,,
1965-05-31,,,,,,,3.2,,
1965-06-30,,,,,,,3.2,,
1965-07-31,,,,,,,2.6,,
1965-08-31,,,,,,,2.5,,
1965-09-30,,,,,,,3.8,,
1965-10-31,,,,,,,3.1,,
1965-11-30,,,,,,,4.4,,
1965-12-31,,,,,,,3.7,,
1966-01-31,,,,,,,5.0,,
1966-02-28,,,,,,,7.5,,
1966-03-31,,,,,,,6.2,,
1966-04-30,,,,,,,4.9,,
1966-05-31,,,,,,,5.0,,
1966-06-30,,,,,,,3.7,,
1966-07-31,,,,,,,5.0,,
1966-08-31,,,,,,,4.3,,
1966-09-30,,,,,,,4.9,,
1966-10-31,,,,,,,6.7,,
1966-11-30,,,,,,,4.8,,
1966-12-31,,,,,,,4.2,,
1967-01-31,,,,,,,3.6,,
1967-02-28,,,,,,,2.9,,
1967-03-31,,,,,,,4.1,,
1967-04-30,,,,,,,4.1,,
1967-05-31,,,,,,,3.6,,
1967-06-30,,,,,,,4.8,,
1967-07-31,,,,,,,5.4,,
1967-08-31,,,,,,,7.1,,
1967-09-30,,,,,,,7.6,,
1967-10-31,,,,,,,6.3,,
1967-11-30,,,,,,,7.4,,
1967-12-31,,,,,,,9.2,,
1968-01-31,,,,,,,8.6,,
1968-02-29,,,,,,,8.0,,
1968-03-31,,,,,,,6.7,,
1968-04-30,,,,,,,7.3,,
1968-05-31,,,,,,,8.0,,
1968-06-30,,,,,,,7.4,,
1968-07-31,,,,,,,6.2,,
1968-08-31,,,,,,,4.4,,
1968-09-30,,,,,,,3.8,,
1968-10-31,,,,,,,3.8,,
1968-11-30,,,,,,,4.8,,
1968-12-31,,,,,,,4.2,,
1969-01-31,,,,,,,4.8,,
1969-02-28,,,,,,,7.4,,
1969-03-31,,,,,,,7.9,,
1969-04-30,,,,,,,7.9,,
1969-05-31,,,,,,,10.1,,
1969-06-30,,,,,,,8.5,,
1969-07-31,,,,,,,9.0,,
1969-08-31,,,,,,,8.5,,
1969-09-30,,,,,,,8.9,,
1969-10-31,,,,,,,10.9,,
1969-11-30,,,,,,,10.7,,
1969-12-31,,,,,,,10.7,,
1970-01-31,,,,,,,10.6,,
1970-02-28,,,,,,,5.9,,
1970-03-31,,,,,,,7.3,,
1970-04-30,,,,,,,6.8,,
1970-05-31,,,,,,,4.3,,
1970-06-30,,,,,,,6.9,,
1970-07-31,,,,,,,6.8,,
1970-08-31,,,,,,,7.8,,
1970-09-30,,,,,,,7.2,,
1970-10-31,,,,,,,5.1,,
1970-11-30,,,,,,,3.7,,
1970-12-31,,,,,,,4.6,,
1971-01-31,,,,,,,5.9,,
1971-02-28,,,,,,,7.9,,
1971-03-31,,,,,,,8.1,,
1971-04-30,,,,,,,10.5,,
1971-05-31,,,,,,,12.0,,
1971-06-30,,,,,,,12.4,,
1971-07-31,,,,,,,12.3,,
1971-08-31,,,,,,,11.8,,
1971-09-30,,,,,,,13.8,,
1971-10-31,,,,,,,15.1,,
1971-11-30,,,,,,,17.7,,
1971-12-31,,,,,,,14.9,,
1972-01-31,,,,,,,13.8,,
1972-02-29,,,,,,,15.0,,
1972-03-31,,,,,,,13.4,,
1972-04-30,,,,,,,11.6,,
1972-05-31,,,,,,,14.4,,
1972-06-30,,,,,,,10.6,,
1972-07-31,,,,,,,11.0,,
1972-08-31,,,,,,,10.1,,
1972-09-30,,,,,,,8.2,,
1972-10-31,,,,,,,7.3,,
1972-11-30,,,,,,,5.3,,
1972-12-31,,,,,,,8.4,,
1973-01-31,,,,,,,9.5,,
1973-02-28,,,,,,,11.2,,
1973-03-31,,,,,,,8.9,,
1973-04-30,,,,,,,10.4,,
1973-05-31,,,,,,,9.0,,
1973-06-30,,,,,,,12.2,,
1973-07-31,,,,,,,12.1,,
1973-08-31,,,,,,,13.6,,
1973-09-30,,,,,,,15.2,,
1973-10-31,,,,,,,16.5,,
1973-11-30,,,,,,,16.8,,
1973-12-31,,,,,,,19.7,,
1974-01-31,,,,,,,19.4,,
1974-02-28,,,,,,,23.2,,
1974-03-31,,,,,,,28.8,,
1974-04-30,,,,,,,26.5,,
1974-05-31,,,,,,,25.7,,
1974-06-30,,,,,,,25.7,,
1974-07-31,,,,,,,25.8,,
1974-08-31,,,,,,,28.8,,
1974-09-30,,,,,,,31.4,,
1974-10-31,,,,,,,25.3,,
1974-11-30,,,,,,,22.9,,
1974-12-31,,,,,,,18.5,,
1975-01-31,,,,,,,22.3,,
1975-02-28,,,,,,,13.1,,
1975-03-31,,,,,,,14.7,,
1975-04-30,,,,,,,14.6,,
1975-05-31,,,,,,,13.9,,
1975-06-30,,,,,,,17.0,,
1975-07-31,,,,,,,16.9,,
1975-08-31,,,,,,,11.3,,
1975-09-30,,,,,,,11.0,,
1975-10-31,,,,,,,13.3,,
1975-11-30,,,,,,,14.7,,
1975-12-31,,,,,,,21.3,,
1976-01-31,,,,,,,23.7,,
1976-02-29,,,,,,,21.2,,
1976-03-31,,,,,,,18.3,,
1976-04-30,,,,,,,12.7,,
1976-05-31,,,,,,,9.0,,
1976-06-30,,,,,,,12.5,,
1976-07-31,,,,,,,21.1,,
1976-08-31,,,,,,,25.3,,
1976-09-30,,,,,,,23.1,,
1976-10-31,,,,,,,28.3,,
1976-11-30,,,,,,,29.7,,
1976-12-31,,,,,,,27.2,,
1977-01-31,,,,,,,18.8,,
1977-02-28,,,,,,,27.0,,
1977-03-31,,,,,,,34.9,,
1977-04-30,,,,,,,48.3,,
1977-05-31,,,,,,,53.9,,
1977-06-30,,,,,,,44.5,,
1977-07-31,,,,,,,33.6,,
1977-08-31,,,,,,,33.2,,
1977-09-30,,,,,,,28.9,,
1977-10-31,,,,,,,27.5,,
1977-11-30,,,,,,,27.6,,
1977-12-31,,,,,,,25.4,,
1978-01-31,,,,,,,28.4,,
1978-02-28,,,,,,,24.9,,
1978-03-31,,,,,,,15.8,,
1978-04-30,,,,,,,19.3,,
1978-05-31,,,,,,,19.6,,
1978-06-30,,,,,,,19.9,,
1978-07-31,,,,,,,21.7,,
1978-08-31,,,,,,,21.8,,
1978-09-30,,,,,,,24.2,,
1978-10-31,,,,,,,25.7,,
1978-11-30,,,,,,,25.3,,
1978-12-31,,,,,,,25.1,,
1979-01-31,,,,,,,23.1,,
1979-02-28,,,,,,,25.1,,
1979-03-31,,,,,,,25.9,,
1979-04-30,,,,,,,21.5,,
1979-05-31,,,,,,,24.0,,
1979-06-30,,,,,,,24.2,,
1979-07-31,,,,,,,22.6,,
1979-08-31,,,,,,,23.4,,
1979-09-30,,,,,,,25.4,,
1979-10-31,,,,,,,23.2,,
1979-11-30,,,,,,,23.1,,
1979-12-31,,,,,,,22.3,,
1980-01-31,,,,,,,22.7,,
1980-02-29,,,,,,,22.8,,
1980-03-31,,,,,,,22.4,,
1980-04-30,,,,,,,19.6,,
1980-05-31,,,,,,,15.6,,
1980-06-30,,,,,,,16.6,,
1980-07-31,,,,,,,17.5,,
1980-08-31,,,,,,,16.0,,
1980-09-30,,,,,,,12.7,,
1980-10-31,,,,,,,12.0,,
1980-11-30,,,,,,,11.6,,
1980-12-31,,,,,,,13.1,,
1981-01-31,,,,,,,15.6,,
1981-02-28,,,,,,,15.0,,
1981-03-31,,,,,,,15.0,,
1981-04-30,,,,,,,17.3,,
1981-05-31,,,,,,,18.2,,
1981-06-30,,,,,,,17.7,,
1981-07-31,,,,,,,19.8,,
1981-08-31,,,,,,,21.8,,
1981-09-30,,,,,,,23.6,,
1981-10-31,,,,,,,24.6,,
1981-11-30,,,,,,,25.4,,
1981-12-31,,,,,,,25.0,,
1982-01-31,,,,,,,23.7,,
1982-02-28,,,,,,,25.5,,
1982-03-31,,,,,,,27.1,,
1982-04-30,,,,,,,26.1,,
1982-05-31,,,,,,,25.4,,
1982-06-30,,,,,,,25.8,,
1982-07-31,,,,,,,22.2,,
1982-08-31,,,,,,,21.1,,
1982-09-30,,,,,,,20.8,,
1982-10-31,,,,,,,19.4,,
1982-11-30,,,,,,,18.8,,
1982-12-31,,,,,,,18.8,,
1983-01-31,,,,,,,21.5,,
1983-02-28,,,,,,,20.5,,
1983-03-31,,,,,,,20.3,,
1983-04-30,,,,,,,20.7,,
1983-05-31,,,,,,,20.4,,
1983-06-30,,,,,,,21.3,,
1983-07-31,,,,,,,24.1,,
1983-08-31,,,,,,,25.8,,
1983-09-30,,,,,,,28.5,,
1983-10-31,,,,,,,30.1,,
1983-11-30,,,,,,,32.1,,
1983-12-31,,,,,,,33.9,,
1984-01-31,,,,,,,30.7,,
1984-02-29,,,,,,,30.0,,
1984-03-31,,,,,,,31.7,,
1984-04-30,,,,,,,31.3,,
1984-05-31,,,,,,,30.3,,
1984-06-30,,,,,,,32.2,,
1984-07-31,,,,,,,32.9,,
1984-08-31,,,,,,,31.1,,
1984-09-30,,,,,,,27.0,,
1984-10-31,,,,,,,25.8,,
1984-11-30,,,,,,,24.9,,
1984-12-31,,,,,,,21.2,,
1985-01-31,,,,,,,24.6,,
1985-02-28,,,,,,,26.0,,
1985-03-31,,,,,,,23.1,,
1985-04-30,,,,,,,22.3,,
1985-05-31,,,,,,,23.8,,
1985-06-30,,,,,,,20.1,,
1985-07-31,,,,,,,17.3,,
1985-08-31,,,,,,,16.1,,
1985-09-30,,,,,,,15.9,,
1985-10-31,,,,,,,16.0,,
1985-11-30,,,,,,,16.1,,
1985-12-31,,,,,,,16.9,,
1986-01-31,,,,,,,14.2,,
1986-02-28,,,,,,,12.6,,
1986-03-31,,,,,,,12.2,,
1986-04-30,,,,,,,12.3,,
1986-05-31,,,,,,,11.5,,
1986-06-30,,,,,,,11.6,,
1986-07-31,,,,,,,11.2,,
1986-08-31,,,,,,,11.5,,
1986-09-30,,,,,,,11.8,,
1986-10-31,,,,,,,11.4,,
1986-11-30,,,,,,,10.5,,
1986-12-31,,,,,,,10.6,,
1987-01-31,,,,,,,9.8,,
1987-02-28,,,,,,,9.6,,
1987-03-31,,,,,,,9.7,,
1987-04-30,,,,,,,8.9,,
1987-05-31,,,,,,,9.8,,
1987-06-30,,,,,,,8.9,,
1987-07-31,,,,,,,9.3,,
1987-08-31,,,,,,,9.4,,
1987-09-30,,,,,,,9.3,,
1987-10-31,,,,,,,9.8,,
1987-11-30,,,,,,,9.3,,
1987-12-31,,,,,,,8.9,,
1988-01-31,,,,,,,8.5,,
1988-02-29,,,,,,,8.8,,
1988-03-31,,,,,,,8.2,,
1988-04-30,,,,,,,8.0,,
1988-05-31,,,,,,,8.0,,
1988-06-30,,,,,,,9.2,,
1988-07-31,,,,,,,9.7,,
1988-08-31,,,,,,,10.0,,
1988-09-30,,,,,,,10.9,,
1988-10-31,,,,,,,10.7,,
1988-11-30,,,,,,,11.9,,
1988-12-31,,,,,,,11.7,,
1989-01-31,,,,,,,12.2,,
1989-02-28,,,,,,,12.2,,
1989-03-31,,,,,,,12.4,,
1989-04-30,,,,,,,13.1,,
1989-05-31,,,,,,,13.0,,
1989-06-30,,,,,,,13.1,,
1989-07-31,,,,,,,13.3,,
1989-08-31,,,,,,,13.7,,
1989-09-30,,,,,,,12.7,,
1989-10-31,,,,,,,12.3,,
1989-11-30,,,,,,,11.7,,
1989-12-31,,,,,,,11.6,,
1990-01-31,,,,,,,12.1,,
1990-02-28,,,,,,,13.1,,
1990-03-31,,,,,,,12.8,,
1990-04-30,,,,,,,12.9,,
1990-05-31,,,,,,,14.0,,
1990-06-30,,,,,,,13.6,,
1990-07-31,,,,,,,13.3,,
1990-08-31,,,,,,,12.7,,
1990-09-30,,,,,,,13.7,,
1990-10-31,,,,,,,14.4,,
1990-11-30,,,,,,,14.1,,
1990-12-31,,,,,,,13.7,,
1991-01-31,,,,,,,12.9,,
1991-02-28,,,,,,,12.2,,
1991-03-31,,,,,,,12.1,,
1991-04-30,,,,,,,11.3,,
1991-05-31,,,,,,,11.0,,
1991-06-30,,,,,,,11.2,,
1991-07-31,,,,,,,10.9,,
1991-08-31,,,,,,,10.4,,
1991-09-30,,,,,,,9.3,,
1991-10-31,,,,,,,8.7,,
1991-11-30,,,,,,,8.4,,
1991-12-31,,,,,,,8.1,,
1992-01-31,,,,,,,9.2,,
1992-02-29,,,,,,,8.6,,
1992-03-31,,,,,,,9.0,,
1992-04-30,,,,,,,10.1,,
1992-05-31,,,,,,,10.2,,
1992-06-30,,,,,,,10.0,,
1992-07-31,,,,,,,10.0,,
1992-08-31,,,,,,,9.5,,
1992-09-30,,,,,,,9.5,,
1992-10-31,,,,,,,9.2,,
1992-11-30,,,,,,,9.1,,
1992-12-31,,,,,,,9.1,,
1993-01-31,,,,,,,8.5,,
1993-02-28,,,,,,,8.0,,
1993-03-31,,,,,,,7.5,,
1993-04-30,,,,,,,6.5,,
1993-05-31,,,,,,,5.9,,
1993-06-30,,,,,,,5.8,,
1993-07-31,,,,,,,6.1,,
1993-08-31,,,,,,,6.1,,
1993-09-30,,,,,,,6.2,,
1993-10-31,,,,,,,6.6,,
1993-11-30,,,,,,,6.8,,
1993-12-31,,,,,,,6.6,,
1994-01-31,,,,,,,6.5,,
1994-02-28,,,,,,,6.3,,
1994-03-31,,,,,,,6.1,,
1994-04-30,,,,,,,6.1,,
1994-05-31,,,,,,,5.8,,
1994-06-30,,,,,,,5.8,,
1994-07-31,,,,,,,5.2,,
1994-08-31,,,,,,,5.1,,
1994-09-30,,,,,,,4.9,,
1994-10-31,,,,,,,4.8,,
1994-11-30,,,,,,,4.2,,
1994-12-31,,,,,,,4.3,,
1995-01-31,,,,,,,4.4,,
1995-02-28,,,,,,,4.6,,
1995-03-31,,,,,,,4.8,,
1995-04-30,,,,,,,4.6,,
1995-05-31,,,,,,,4.4,,
1995-06-30,,,,,,,3.9,,
1995-07-31,,,,,,,3.8,,
1995-08-31,,,,,,,4.1,,
1995-09-30,,,,,,,4.2,,
1995-10-31,,,,,,,3.9,,
1995-11-30,,,,,,,4.0,,
1995-12-31,,,,,,,3.5,,
1996-01-31,,,,,,,2.5,,
1996-02-29,,,,,,,2.4,,
1996-03-31,,,,,,,2.3,,
1996-04-30,,,,,,,2.8,,
1996-05-31,,,,,,,3.4,,
1996-06-30,,,,,,,3.5,,
1996-07-31,,,,,,,3.7,,
1996-08-31,,,,,,,3.6,,
1996-09-30,,,,,,,3.4,,
1996-10-31,,,,,,,3.0,,
1996-11-30,,,,,,,3.1,,
1996-12-31,,,,,,,3.4,,
1997-01-31,,,,,,,3.8,,
1997-02-28,,,,,,,2.7,,
1997-03-31,,,,,,,2.5,,
1997-04-30,,,,,,,2.0,,
1997-05-31,,,,,,,2.3,,
1997-06-30,,,,,,,2.3,,
1997-07-31,,,,,,,2.0,,
1997-08-31,,,,,,,1.7,,
1997-09-30,,,,,,,1.6,,
1997-10-31,,,,,,,2.0,,
1997-11-30,,,,,,,2.5,,
1997-12-31,,,,,,,2.6,,
1998-01-31,,,,,,,1.9,,
1998-02-28,,,,,,,2.1,,
1998-03-31,,,,,,,2.4,,
1998-04-30,,,,,,,2.7,,
1998-05-31,,,,,,,2.6,,
1998-06-30,,,,,,,2.8,,
1998-07-31,,,,,,,3.0,,
1998-08-31,,,,,,,3.0,,
1998-09-30,,,,,,,3.0,,
1998-10-31,,,,,,,3.2,,
1998-11-30,,,,,,,3.0,,
1998-12-31,,,,,,,3.1,,
1999-01-31,,,,,,,2.7,,
1999-02-28,,,,,,,2.8,,
1999-03-31,,,,,,,2.9,,
1999-04-30,,,,,,,2.9,,
1999-05-31,,,,,,,2.4,,
1999-06-30,,,,,,,2.4,,
1999-07-31,,,,,,,2.2,,
1999-08-31,,,,,,,2.0,,
1999-09-30,,,,,,,2.0,,
1999-10-31,,,,,,,2.0,,
1999-11-30,,,,,,,2.0,,
1999-12-31,,,,,,,1.9,,
2000-01-31,,,,,,,2.1,,
2000-02-29,,,,,,,1.9,,
2000-03-31,,,,,,,1.6,,
2000-04-30,,,,,,,2.1,,
2000-05-31,,,,,,,2.6,,
2000-06-30,,,,,,,2.9,,
2000-07-31,,,,,,,3.2,,
2000-08-31,,,,,,,3.4,,
2000-09-30,,,,,,,3.4,,
2000-10-31,,,,,,,3.5,,
2000-11-30,,,,,,,3.7,,
2000-12-31,,,,,,,4.0,,
2001-01-31,,,,,,,4.4,,
2001-02-28,,,,,,,4.7,,
2001-03-31,,,,,,,5.1,,
2001-04-30,,,,,,,4.5,,
2001-05-31,,,,,,,4.8,,
2001-06-30,,,,,,,4.5,,
2001-07-31,,,,,,,4.3,,
2001-08-31,,,,,,,4.0,,
2001-09-30,,,,,,,4.1,,
2001-10-31,,,,,,,4.1,,
2001-11-30,,,,,,,3.9,,
2001-12-31,,,,,,,3.7,,
2002-01-31,,,,,,,3.6,,
2002-02-28,,,,,,,3.3,,
2002-03-31,,,,,,,3.3,,
2002-04-30,,,,,,,3.5,,
2002-05-31,,,,,,,3.3,,
2002-06-30,,,,,,,3.4,,
2002-07-31,,,,,,,3.4,,
2002-08-31,,,,,,,3.8,,
2002-09-30,,,,,,,3.7,,
2002-10-31,,,,,,,4.0,,
2002-11-30,,,,,,,4.1,,
2002-12-31,,,,,,,4.1,,
2003-01-31,,,,,,,4.0,,
2003-02-28,,,,,,,4.2,,
2003-03-31,,,,,,,3.9,,
2003-04-30,,,,,,,3.7,,
2003-05-31,,,,,,,3.7,,
2003-06-30,,,,,,,3.3,,
2003-07-31,,,,,,,2.9,,
2003-08-31,,,,,,,2.8,,
2003-09-30,,,,,,,3.1,,
2003-10-31,,,,,,,3.0,,
2003-11-30,,,,,,,2.5,,
2003-12-31,,,,,,,2.4,,
2004-01-31,,,,,,,2.3,,
2004-02-29,,,,,,,2.1,,
2004-03-31,,,,,,,2.3,,
2004-04-30,,,,,,,2.3,,
2004-05-31,,,,,,,2.4,,
2004-06-30,,,,,,,2.7,,
2004-07-31,,,,,,,2.8,,
2004-08-31,,,,,,,2.3,,
2004-09-30,,,,,,,2.1,,
2004-10-31,,,,,,,2.1,,
2004-11-30,,,,,,,2.5,,
2004-12-31,,,,,,,2.5,,
2005-01-31,,,,,,,2.0,,
2005-02-28,,,,,,,2.2,,
2005-03-31,,,,,,,2.2,,
2005-04-30,,,,,,,2.1,,
2005-05-31,,,,,,,1.8,,
2005-06-30,,,,,,,1.6,,
2005-07-31,,,,,,,2.2,,
2005-08-31,,,,,,,2.6,,
2005-09-30,,,,,,,2.8,,
2005-10-31,,,,,,,2.7,,
2005-11-30,,,,,,,2.6,,
2005-12-31,,,,,,,2.6,,
2006-01-31,,,,,,,2.7,,
2006-02-28,,,,,,,2.9,,
2006-03-31,,,,,,,3.9,,
2006-04-30,,,,,,,3.7,,
2006-05-31,,,,,,,3.8,,
2006-06-30,,,,,,,3.7,,
2006-07-31,,,,,,,3.0,,
2006-08-31,,,,,,,2.9,,
2006-09-30,,,,,,,3.0,,
2006-10-31,,,,,,,2.7,,
2006-11-30,,,,,,,2.4,,
2006-12-31,,,,,,,2.5,,
2007-01-31,,,,,,,2.6,,
2007-02-28,,,,,,,2.4,,
2007-03-31,,,,,,,2.3,,
2007-04-30,,,,,,,2.7,,
2007-05-31,,,,,,,2.4,,
2007-06-30,,,,,,,2.4,,
2007-07-31,,,,,,,2.4,,
2007-08-31,,,,,,,2.1,,
2007-09-30,,,,,,,2.1,,
2007-10-31,,,,,,,2.6,,
2007-11-30,,,,,,,2.8,,
2007-12-31,,,,,,,2.7,,
2008-01-31,,,,,,,2.9,,
2008-02-29,,,,,,,2.9,,
2008-03-31,,,,,,,3.0,,
2008-04-30,,,,,,,2.4,,
2008-05-31,,,,,,,2.8,,
2008-06-30,,,,,,,3.4,,
2008-07-31,,,,,,,3.0,,
2008-08-31,,,,,,,3.0,,
2008-09-30,,,,,,,3.0,,
2008-10-31,,,,,,,2.4,,
2008-11-30,,,,,,,1.3,,
2008-12-31,,,,,,,0.8,,
2009-01-31,,,,,,,0.2,,
2009-02-28,,,,,,,0.2,,
2009-03-31,,,,,,,-0.4,,
2009-04-30,,,,,,,-0.5,,
2009-05-31,,,,,,,-1.2,,
2009-06-30,,,,,,,-1.6,,
2009-07-31,,,,,,,-1.5,,
2009-08-31,,,,,,,-1.3,,
2009-09-30,,,,,,,-1.6,,
2009-10-31,,,,,,,-1.5,,
2009-11-30,,,,,,,-0.6,,
2009-12-31,,,,,,,-0.1,,
2010-01-31,,,,,,,0.1,,
2010-02-28,,,,,,,0.2,,
2010-03-31,,,,,,,0.5,,
2010-04-30,,,,,,,0.7,,
2010-05-31,,,,,,,1.1,,
2010-06-30,,,,,,,1.2,,
2010-07-31,,,,,,,1.8,,
2010-08-31,,,,,,,1.9,,
2010-09-30,,,,,,,1.9,,
2010-10-31,,,,,,,2.3,,
2010-11-30,,,,,,,2.3,,
2010-12-31,,,,,,,2.5,,
2011-01-31,,,,,,,3.6,,
2011-02-28,,,,,,,3.5,,
2011-03-31,,,,,,,4.0,,
2011-04-30,,,,,,,4.1,,
2011-05-31,,,,,,,3.8,,
2011-06-30,,,,,,,3.4,,
2011-07-31,,,,,,,3.2,,
2011-08-31,,,,,,,2.9,,
2011-09-30,,,,,,,3.6,,
2011-10-31,,,,,,,4.2,,
2011-11-30,,,,,,,3.9,,
2011-12-31,,,,,,,3.6,,
2012-01-31,,,,,,,3.5,,
2012-02-29,,,,,,,3.6,,
2012-03-31,,,,,,,3.15,,
2012-04-30,,,,,,,3.01,,
2012-05-31,,,,,,,2.7,,
2012-06-30,,,,,,,2.71,,
2012-07-31,,,,,,,2.77,,
2012-08-31,,,,,,,3.08,,
2012-09-30,,,,,,,2.88,,
2012-10-31,,,,,,,2.13,,
2012-11-30,,,,,,,1.89,,
2012-12-31,,,,,,,1.92,,
2013-01-31,,,,,,,0.17,,
2013-02-28,,,,,,,-0.03,,
2013-03-31,,,,,,,0.45,,
2013-04-30,,,,,,,0.18,,
2013-05-31,,,,,,,0.71,,
2013-06-30,,,,,,,0.98,,
2013-07-31,,,,,,,0.76,,
2013-08-31,,,,,,,0.15,,
2013-09-30,,,,,,,0.12,,
2013-10-31,,,,,,,-0.25,,
2013-11-30,,,,,,,-0.15,,
2013-12-31,,,,,,,0.2,,
2014-01-31,,,,,,,0.06,,
2014-02-28,,,,,,,-0.08,,
2014-03-31,,,,,,,-0.37,,
2014-04-30,,,,,,,-0.14,,
2014-05-31,,,,,,,-0.44,,
2014-06-30,,,,,,,-0.42,,
2014-07-31,,,,,,,-0.9,,
2014-08-31,,,,,,,-0.4,,
2014-09-30,,,,,,,-0.4,,
2014-10-31,,,,,,,0.0,,
2014-11-30,,,,,,,0.0,,
2014-12-31,,,,,,,-0.4,,
2015-01-31,,,,,,,-0.4,,
2015-02-28,,,,,,,-0.2,,
2015-03-31,,,,,,,0.3,,
2015-04-30,,,,,,,0.4,,
2015-05-31,,,,,,,1.0,,
2015-06-30,,,,,,,0.8,,
2015-07-31,,,,,,,0.8,,
2015-08-31,,,,,,,0.7,,
2015-09-30,,,,,,,0.9,,
2015-10-31,,,,,,,0.6,,
2015-11-30,,,,,,,0.6,,
2015-12-31,,,,,,,0.4,,
2016-01-31,,,,,,,0.8,,
2016-02-29,,,,,,,0.4,,
2016-03-31,,,,,,,0.4,,
2016-04-30,,,,,,,0.5,,
2016-05-31,,,,,,,0.3,,
2016-06-30,,,,,,,0.5,,
2016-07-31,,,,,,,0.6,,
2016-08-31,,,,,,,0.7,,
2016-09-30,,,,,,,0.6,,
2016-10-31,,,,,,,0.9,,
2016-11-30,,,,,,,0.6,,
2016-12-31,,,,,,,0.9,,
2017-01-31,,,,,,,1.3,,
2017-02-28,,,,,,,1.6,,
2017-03-31,,,,,,,1.4,,
2017-04-30,,,,,,,2.0,,
2017-05-31,,,,,,,1.5,,
2017-06-30,,,,,,,0.9,,
2017-07-31,,,,,,,0.9,,
2017-08-31,,,,,,,1.1,,
2017-09-30,,,,,,,1.4,,
2017-10-31,,,,,,,1.4,,
2017-11-30,,,,,,,1.5,,
2017-12-31,,,,,,,1.5,,
2018-01-31,,,,,,,1.0,,
2018-02-28,,,,,,,0.6,,
2018-03-31,,,,,,,0.7,,
2018-04-30,,,,,,,0.4,,
2018-05-31,,,,,,,1.0,,
2018-06-30,,,,,,,1.5,,
2018-07-31,,,,,,,1.6,,
2018-08-31,,,,,,,1.2,,
2018-09-30,,,,,,,1.4,,
2018-10-31,,,,,,,1.0,,
2018-11-30,,,,,,,0.9,,
2018-12-31,,,,,,,0.7,,
2019-01-31,,,,,,,0.5,,
2019-02-28,,,,,,,0.9,,
2019-03-31,,,,,,,0.8,,
2019-04-30,,,,,,,0.8,,
2019-05-31,,,,,,,0.4,,
2019-06-30,,,,,,,0.4,,
2019-07-31,,,,,,,-0.3,,
2019-08-31,,,,,,,-0.1,,
2019-09-30,,,,,,,-0.1,,
2019-10-31,,,,,,,0.0,,
2019-11-30,,,,,,,0.3,,
2019-12-31,,,,,,,0.4,,
2020-01-31,,,,,,,0.8,,
2020-02-29,,,,,,,0.4,,
2020-03-31,,,,,,,0.0,,
2020-04-30,,,,,,,-0.2,,
1999-12-31,,,,,,,,13.7,
2000-03-31,,,,,,,,13.3,
2000-06-30,,,,,,,,12.8,
2000-09-30,,,,,,,,12.8,
2000-12-31,,,,,,,,12.7,
2001-03-31,,,,,,,,12.7,
2001-06-30,,,,,,,,12.6,
2001-09-30,,,,,,,,12.6,
2001-12-31,,,,,,,,13.1,
2002-03-31,,,,,,,,13.2,
2002-06-30,,,,,,,,13.7,
2002-09-30,,,,,,,,13.9,
2002-12-31,,,,,,,,13.0,
2003-03-31,,,,,,,,12.9,
2003-06-30,,,,,,,,12.3,
2003-09-30,,,,,,,,12.5,
2003-12-31,,,,,,,,12.5,
2004-03-31,,,,,,,,12.3,
2004-06-30,,,,,,,,11.8,
2004-09-30,,,,,,,,11.2,
2004-12-31,,,,,,,,11.2,
2005-03-31,,,,,,,,11.0,
2005-06-30,,,,,,,,10.3,
2005-09-30,,,,,,,,10.1,
2005-12-31,,,,,,,,10.1,
2006-03-31,,,,,,,,9.4,
2006-06-30,,,,,,,,10.4,
2006-09-30,,,,,,,,9.4,
2006-12-31,,,,,,,,8.5,
2007-03-31,,,,,,,,9.0,
2007-06-30,,,,,,,,7.9,
2007-09-30,,,,,,,,8.0,
2007-12-31,,,,,,,,7.3,
2008-03-31,,,,,,,,6.3,
2008-06-30,,,,,,,,5.1,
2008-09-30,,,,,,,,5.7,
2008-12-31,,,,,,,,7.0,
2009-03-31,,,,,,,,7.7,
2009-06-30,,,,,,,,9.5,
2009-09-30,,,,,,,,9.5,
2009-12-31,,,,,,,,11.6,
2010-03-31,,,,,,,,11.5,
2010-06-30,,,,,,,,10.8,
2010-09-30,,,,,,,,10.4,
2010-12-31,,,,,,,,9.4,
2011-03-31,,,,,,,,9.0,
2011-06-30,,,,,,,,8.7,
2011-09-30,,,,,,,,8.2,
2011-12-31,,,,,,,,8.7,
2012-03-31,,,,,,,,9.1,
2012-06-30,,,,,,,,9.2,
2012-09-30,,,,,,,,9.8,
2012-12-31,,,,,,,,9.8,
2013-03-31,,,,,,,,10.5,
2013-06-30,,,,,,,,10.8,
2013-09-30,,,,,,,,10.5,
2013-12-31,,,,,,,,9.4,
2014-03-31,,,,,,,,8.4,
2014-06-30,,,,,,,,8.0,
2014-09-30,,,,,,,,7.7,
2014-12-31,,,,,,,,6.8,
2015-03-31,,,,,,,,7.1,
2015-06-30,,,,,,,,7.1,
2015-09-30,,,,,,,,6.9,
2015-12-31,,,,,,,,6.9,
2016-03-31,,,,,,,,6.6,
2016-06-30,,,,,,,,6.5,
2016-09-30,,,,,,,,7.2,
2016-12-31,,,,,,,,7.0,
2017-03-31,,,,,,,,6.3,
2017-06-30,,,,,,,,6.4,
2017-09-30,,,,,,,,5.8,
2017-12-31,,,,,,,,6.6,
2018-03-31,,,,,,,,6.6,
2018-06-30,,,,,,,,6.6,
2018-09-30,,,,,,,,6.4,
2018-12-31,,,,,,,,6.5,
2019-03-31,,,,,,,,6.1,
2019-06-30,,,,,,,,6.1,
2019-09-30,,,,,,,,6.2,
1983-06-30,,,,,,,,,7.3
1983-09-30,,,,,,,,,8.3
1983-12-31,,,,,,,,,8.0
1984-03-31,,,,,,,,,8.1
1984-06-30,,,,,,,,,8.3
1984-09-30,,,,,,,,,8.6
1984-12-31,,,,,,,,,8.7
1985-03-31,,,,,,,,,8.4
1985-06-30,,,,,,,,,8.6
1985-09-30,,,,,,,,,8.3
1985-12-31,,,,,,,,,8.8
1986-03-31,,,,,,,,,8.9
1986-06-30,,,,,,,,,8.7
1986-09-30,,,,,,,,,8.4
1986-12-31,,,,,,,,,7.8
1987-03-31,,,,,,,,,7.6
1987-06-30,,,,,,,,,7.1
1987-09-30,,,,,,,,,6.9
1987-12-31,,,,,,,,,6.3
1988-03-31,,,,,,,,,5.9
1988-06-30,,,,,,,,,6.2
1988-09-30,,,,,,,,,5.2
1988-12-31,,,,,,,,,5.4
1989-03-31,,,,,,,,,5.2
1989-06-30,,,,,,,,,5.2
1989-09-30,,,,,,,,,5.0
1989-12-31,,,,,,,,,4.6
1990-03-31,,,,,,,,,5.1
1990-06-30,,,,,,,,,4.4
1990-09-30,,,,,,,,,4.6
1990-12-31,,,,,,,,,4.4
1991-03-31,,,,,,,,,4.2
1991-06-30,,,,,,,,,3.8
1991-09-30,,,,,,,,,4.2
1991-12-31,,,,,,,,,4.1
1992-03-31,,,,,,,,,3.9
1992-06-30,,,,,,,,,4.1
1992-09-30,,,,,,,,,4.1
1992-12-31,,,,,,,,,4.3
1993-03-31,,,,,,,,,4.9
1993-06-30,,,,,,,,,5.3
1993-09-30,,,,,,,,,5.6
1993-12-31,,,,,,,,,6.2
1994-03-31,,,,,,,,,6.8
1994-06-30,,,,,,,,,6.7
1994-09-30,,,,,,,,,6.8
1994-12-31,,,,,,,,,7.1
1995-03-31,,,,,,,,,7.4
1995-06-30,,,,,,,,,7.0
1995-09-30,,,,,,,,,6.9
1995-12-31,,,,,,,,,7.3
1996-03-31,,,,,,,,,7.5
1996-06-30,,,,,,,,,7.2
1996-09-30,,,,,,,,,7.1
1996-12-31,,,,,,,,,7.2
1997-03-31,,,,,,,,,7.3
1997-06-30,,,,,,,,,6.5
1997-09-30,,,,,,,,,6.7
1997-12-31,,,,,,,,,6.5
1998-03-31,,,,,,,,,5.8
1998-06-30,,,,,,,,,4.5
1998-09-30,,,,,,,,,4.6
1998-12-31,,,,,,,,,4.8
1999-03-31,,,,,,,,,4.7
1999-06-30,,,,,,,,,4.5
1999-09-30,,,,,,,,,4.2
1999-12-31,,,,,,,,,4.2
2000-03-31,,,,,,,,,4.4
2000-06-30,,,,,,,,,3.7
2000-09-30,,,,,,,,,3.9
2000-12-31,,,,,,,,,3.7
2001-03-31,,,,,,,,,4.1
2001-06-30,,,,,,,,,3.8
2001-09-30,,,,,,,,,4.0
2001-12-31,,,,,,,,,4.1
2002-03-31,,,,,,,,,4.4
2002-06-30,,,,,,,,,4.5
2002-09-30,,,,,,,,,5.0
2002-12-31,,,,,,,,,6.1
2003-03-31,,,,,,,,,6.3
2003-06-30,,,,,,,,,6.1
2003-09-30,,,,,,,,,6.1
2003-12-31,,,,,,,,,6.5
2004-03-31,,,,,,,,,6.3
2004-06-30,,,,,,,,,6.3
2004-09-30,,,,,,,,,6.8
2004-12-31,,,,,,,,,7.0
2005-03-31,,,,,,,,,7.5
2005-06-30,,,,,,,,,7.2
2005-09-30,,,,,,,,,7.7
2005-12-31,,,,,,,,,8.0
2006-03-31,,,,,,,,,7.7
2006-06-30,,,,,,,,,7.2
2006-09-30,,,,,,,,,7.5
2006-12-31,,,,,,,,,8.2
2007-03-31,,,,,,,,,8.4
2007-06-30,,,,,,,,,7.8
2007-09-30,,,,,,,,,7.8
2007-12-31,,,,,,,,,7.8
2008-03-31,,,,,,,,,7.6
2008-06-30,,,,,,,,,7.2
2008-09-30,,,,,,,,,7.6
2008-12-31,,,,,,,,,7.8
2009-03-31,,,,,,,,,8.8
2009-06-30,,,,,,,,,9.0
2009-09-30,,,,,,,,,9.8
2009-12-31,,,,,,,,,10.1
2010-03-31,,,,,,,,,10.6
2010-06-30,,,,,,,,,10.6
2010-09-30,,,,,,,,,10.9
2010-12-31,,,,,,,,,11.1
2011-03-31,,,,,,,,,12.4
2011-06-30,,,,,,,,,12.1
2011-09-30,,,,,,,,,12.4
2011-12-31,,,,,,,,,13.9
2012-03-31,,,,,,,,,14.8
2012-06-30,,,,,,,,,14.9
2012-09-30,,,,,,,,,15.7
2012-12-31,,,,,,,,,16.8
2013-03-31,,,,,,,,,17.5
2013-06-30,,,,,,,,,16.4
2013-09-30,,,,,,,,,15.5
2013-12-31,,,,,,,,,15.3
2014-03-31,,,,,,,,,15.1
2014-06-30,,,,,,,,,13.9
2014-09-30,,,,,,,,,13.1
2014-12-31,,,,,,,,,13.5
2015-03-31,,,,,,,,,13.7
2015-06-30,,,,,,,,,11.9
2015-09-30,,,,,,,,,11.9
2015-12-31,,,,,,,,,12.2
2016-03-31,,,,,,,,,12.4
2016-06-30,,,,,,,,,10.8
2016-09-30,,,,,,,,,10.5
2016-12-31,,,,,,,,,10.5
2017-03-31,,,,,,,,,10.1
2017-06-30,,,,,,,,,8.8
2017-09-30,,,,,,,,,8.5
2017-12-31,,,,,,,,,8.1
2018-03-31,,,,,,,,,7.9
2018-06-30,,,,,,,,,6.7
2018-09-30,,,,,,,,,6.7
2018-12-31,,,,,,,,,6.7
2019-03-31,,,,,,,,,6.8
2019-06-30,,,,,,,,,6.3
2019-09-30,,,,,,,,,6.1
2019-12-31,,,,,,,,,6.7
2020-03-31,,,,,,,,,6.7
