"Date","Week day","ON","1W","1M","2M","3M","6M","12M"
"30.11.2010","Tue","0.44875","0.54125","0.75375","0.85000","0.96750","1.20500","1.48750"
"29.11.2010","Mon","0.38875","0.53875","0.75125","0.85000","0.96750","1.20625","1.49000"
"26.11.2010","Fri","0.39250","0.54250","0.75250","0.85125","0.96875","1.21000","1.49250"
"25.11.2010","Thu","0.40000","0.55500","0.75125","0.85375","0.96875","1.21000","1.49375"
"24.11.2010","Wed","0.42250","0.56625","0.75500","0.85625","0.96875","1.21000","1.49125"
"23.11.2010","Tue","0.44375","0.58375","0.76375","0.86000","0.97375","1.21125","1.49375"
"22.11.2010","Mon","0.45250","0.60625","0.77000","0.86063","0.97625","1.21688","1.49813"
"19.11.2010","Fri","0.50000","0.63250","0.77750","0.86313","0.97875","1.21938","1.50000"
"18.11.2010","Thu","0.57250","0.66750","0.78750","0.86625","0.97875","1.21938","1.50250"
"17.11.2010","Wed","0.66125","0.70750","0.79750","0.86813","0.98313","1.22313","1.50625"
"16.11.2010","Tue","0.70250","0.73375","0.80375","0.87188","0.98813","1.23000","1.50875"
"15.11.2010","Mon","0.72625","0.74375","0.80750","0.87750","0.99125","1.23250","1.51125"
"12.11.2010","Fri","0.73125","0.75375","0.80875","0.87750","0.99250","1.23375","1.51250"
"11.11.2010","Thu","0.74000","0.75500","0.81000","0.88000","0.99313","1.23375","1.51313"
"10.11.2010","Wed","0.74500","0.76000","0.81000","0.87750","0.99375","1.23125","1.51375"
"09.11.2010","Tue","0.76625","0.75875","0.81125","0.87750","0.99500","1.23125","1.51375"
"08.11.2010","Mon","0.33500","0.74750","0.80625","0.87625","0.99250","1.23125","1.51250"
"05.11.2010","Fri","0.35750","0.73875","0.81250","0.87250","0.99375","1.23125","1.50813"
"04.11.2010","Thu","0.45000","0.71188","0.80750","0.87063","0.99000","1.22813","1.50563"
"03.11.2010","Wed","0.58125","0.69750","0.80625","0.86813","0.99000","1.22813","1.50563"
"02.11.2010","Tue","0.63750","0.71500","0.80688","0.86438","0.98750","1.22625","1.50563"
"01.11.2010","Mon","0.68250","0.73375","0.80375","0.86250","0.98875","1.22438","1.50688"
"29.10.2010","Fri","0.69250","0.73875","0.80688","0.86063","0.98688","1.22438","1.50688"
"28.10.2010","Thu","0.70875","0.74875","0.80375","0.85625","0.98500","1.22438","1.50594"
"27.10.2010","Wed","0.74875","0.75500","0.80063","0.85125","0.97813","1.22125","1.50219"
"26.10.2010","Tue","0.75875","0.75688","0.79313","0.84938","0.97500","1.21375","1.49594"
"25.10.2010","Mon","0.76125","0.75500","0.78625","0.84563","0.97063","1.21125","1.49344"
"22.10.2010","Fri","0.77000","0.75750","0.78875","0.84625","0.96875","1.21063","1.49031"
"21.10.2010","Thu","0.76000","0.74125","0.77500","0.82875","0.96250","1.20188","1.48094"
"20.10.2010","Wed","0.74625","0.73000","0.76250","0.81063","0.95313","1.19594","1.47813"
"19.10.2010","Tue","0.70250","0.71125","0.74000","0.79281","0.94438","1.18938","1.47344"
"18.10.2010","Mon","0.67750","0.69500","0.73000","0.78625","0.93688","1.18531","1.46969"
"15.10.2010","Fri","0.66500","0.69250","0.72813","0.78438","0.92938","1.18281","1.46688"
"14.10.2010","Thu","0.65875","0.68875","0.72438","0.77813","0.92500","1.18156","1.46250"
"13.10.2010","Wed","0.66375","0.69000","0.72500","0.77625","0.92200","1.17875","1.46000"
"12.10.2010","Tue","0.72625","0.68775","0.71875","0.76875","0.91750","1.17500","1.45925"
"11.10.2010","Mon","0.35750","0.66500","0.70656","0.76563","0.91438","1.17250","1.45675"
"08.10.2010","Fri","0.36375","0.64625","0.70125","0.76125","0.90813","1.17000","1.45550"
"07.10.2010","Thu","0.37250","0.60875","0.68969","0.75250","0.90313","1.16375","1.44625"
"06.10.2010","Wed","0.39500","0.59500","0.68438","0.74500","0.89500","1.15750","1.44875"
"05.10.2010","Tue","0.50250","0.60625","0.68125","0.74000","0.89375","1.16000","1.44875"
"04.10.2010","Mon","0.59000","0.61375","0.67750","0.73625","0.89250","1.16188","1.44875"
"01.10.2010","Fri","0.61875","0.61625","0.67250","0.73375","0.88875","1.16000","1.44375"
"30.09.2010","Thu","0.60625","0.50375","0.60625","0.69375","0.84750","1.13188","1.42000"
"29.09.2010","Wed","0.36125","0.47500","0.57813","0.67875","0.83438","1.11625","1.40625"
"28.09.2010","Tue","0.36625","0.47250","0.57688","0.67813","0.82875","1.11350","1.40375"
"27.09.2010","Mon","0.37000","0.47000","0.57313","0.67438","0.82375","1.11188","1.40063"
"24.09.2010","Fri","0.37750","0.47000","0.57375","0.67250","0.82375","1.11063","1.39813"
"23.09.2010","Thu","0.38000","0.47000","0.57438","0.67250","0.82375","1.10813","1.39875"
"22.09.2010","Wed","0.38188","0.46875","0.57688","0.67500","0.82625","1.10625","1.40250"
"21.09.2010","Tue","0.38938","0.45625","0.57688","0.67375","0.82875","1.11250","1.40719"
"20.09.2010","Mon","0.39438","0.46000","0.57656","0.67375","0.82875","1.11500","1.40938"
"17.09.2010","Fri","0.39313","0.45625","0.57531","0.67250","0.82875","1.11500","1.40313"
"16.09.2010","Thu","0.38938","0.45375","0.57656","0.67250","0.83000","1.11625","1.40313"
"15.09.2010","Wed","0.37875","0.44750","0.57219","0.67063","0.82813","1.10875","1.40000"
"14.09.2010","Tue","0.36313","0.44469","0.56938","0.66813","0.82463","1.10406","1.39631"
"13.09.2010","Mon","0.35500","0.44484","0.56938","0.66813","0.82469","1.10531","1.39856"
"10.09.2010","Fri","0.35375","0.44484","0.56938","0.66813","0.82344","1.10400","1.39750"
"09.09.2010","Thu","0.35375","0.44625","0.57313","0.67063","0.82594","1.10525","1.39663"
"08.09.2010","Wed","0.35625","0.45000","0.57438","0.67188","0.82609","1.10275","1.39250"
"07.09.2010","Tue","0.68750","0.45250","0.57481","0.67188","0.82484","1.10400","1.38675"
"06.09.2010","Mon","0.34750","0.45125","0.57231","0.67125","0.82625","1.10400","1.38675"
"03.09.2010","Fri","0.35125","0.44906","0.57363","0.67125","0.82875","1.10650","1.38925"
"02.09.2010","Thu","0.35000","0.44938","0.57363","0.67125","0.82875","1.10525","1.38800"
"01.09.2010","Wed","0.35250","0.45063","0.57488","0.67125","0.83000","1.10400","1.38550"
"31.08.2010","Tue","0.35750","0.45438","0.57500","0.67250","0.83000","1.10779","1.38688"
"30.08.2010","Mon","0.35969","0.45594","0.57513","0.67313","0.83000","1.10779","1.38813"
"27.08.2010","Fri","0.35969","0.45250","0.57763","0.67375","0.82750","1.10529","1.38688"
"26.08.2010","Thu","0.35969","0.45500","0.57763","0.67375","0.82875","1.10529","1.38688"
"25.08.2010","Wed","0.36375","0.45875","0.57638","0.67188","0.82875","1.10529","1.38688"
"24.08.2010","Tue","0.36875","0.46625","0.57581","0.67063","0.82750","1.10531","1.38813"
"23.08.2010","Mon","0.37000","0.46750","0.57594","0.66969","0.82781","1.10531","1.38594"
"20.08.2010","Fri","0.37125","0.47375","0.57500","0.67000","0.82938","1.11063","1.38688"
"19.08.2010","Thu","0.37000","0.47875","0.57938","0.67313","0.83188","1.11188","1.38750"
"18.08.2010","Wed","0.37375","0.48750","0.58063","0.67188","0.83281","1.11250","1.38750"
"17.08.2010","Tue","0.38000","0.49125","0.58063","0.67188","0.83406","1.11313","1.38875"
"16.08.2010","Mon","0.38250","0.49375","0.58188","0.67188","0.83188","1.10938","1.38750"
"13.08.2010","Fri","0.37625","0.49375","0.58063","0.67063","0.83188","1.10938","1.38750"
"12.08.2010","Thu","0.37125","0.50000","0.58313","0.67313","0.83438","1.11063","1.38750"
"11.08.2010","Wed","0.37625","0.50000","0.58375","0.67313","0.83500","1.11500","1.39125"
"10.08.2010","Tue","0.68750","0.50500","0.58688","0.67063","0.83375","1.11375","1.39375"
"09.08.2010","Mon","0.34313","0.50250","0.58688","0.67063","0.83375","1.11563","1.39288"
"06.08.2010","Fri","0.34313","0.50375","0.58688","0.67063","0.83438","1.11500","1.39463"
"05.08.2010","Thu","0.34375","0.50250","0.58563","0.66938","0.83219","1.11250","1.39413"
"04.08.2010","Wed","0.34438","0.49750","0.58500","0.66750","0.83031","1.10875","1.38875"
"03.08.2010","Tue","0.35000","0.50125","0.58625","0.66875","0.83156","1.10875","1.39000"
"02.08.2010","Mon","0.35000","0.50125","0.58625","0.66875","0.83156","1.10750","1.38750"
"30.07.2010","Fri","0.35625","0.50250","0.58625","0.66750","0.83250","1.10875","1.39000"
"29.07.2010","Thu","0.38125","0.51375","0.58625","0.66719","0.83344","1.11063","1.39100"
"28.07.2010","Wed","0.42125","0.52125","0.58438","0.66500","0.83063","1.11000","1.39000"
"27.07.2010","Tue","0.42125","0.52000","0.58250","0.66375","0.82750","1.10938","1.38863"
"26.07.2010","Mon","0.42875","0.51875","0.58063","0.66188","0.82313","1.10625","1.38375"
"23.07.2010","Fri","0.42875","0.51875","0.57875","0.66125","0.82125","1.10438","1.38063"
"22.07.2010","Thu","0.43000","0.52000","0.57875","0.66125","0.81625","1.10000","1.37125"
"21.07.2010","Wed","0.43125","0.52000","0.57563","0.65813","0.81438","1.09813","1.37288"
"20.07.2010","Tue","0.44250","0.51750","0.57125","0.65500","0.81125","1.09688","1.37000"
"19.07.2010","Mon","0.46125","0.51750","0.56625","0.65125","0.80813","1.09288","1.36938"
"16.07.2010","Fri","0.43375","0.49500","0.55000","0.63750","0.79375","1.08500","1.36000"
"15.07.2010","Thu","0.37500","0.46375","0.52875","0.61750","0.78125","1.07375","1.34875"
"14.07.2010","Wed","0.32125","0.45000","0.51688","0.60750","0.77438","1.06688","1.34000"
"13.07.2010","Tue","0.64250","0.44625","0.51125","0.60250","0.77500","1.06125","1.33375"
"12.07.2010","Mon","0.31625","0.44000","0.50500","0.59563","0.76625","1.05250","1.33250"
"09.07.2010","Fri","0.31375","0.43375","0.49875","0.59125","0.76000","1.04875","1.32875"
"08.07.2010","Thu","0.31125","0.42500","0.48938","0.58438","0.75250","1.03625","1.31713"
"07.07.2010","Wed","0.31625","0.41938","0.47688","0.57813","0.74188","1.03688","1.32063"
"06.07.2010","Tue","0.31500","0.41000","0.47000","0.57125","0.74000","1.02875","1.31813"
"05.07.2010","Mon","0.31500","0.40625","0.46813","0.57063","0.73063","1.02313","1.30938"
"02.07.2010","Fri","0.33250","0.40000","0.46500","0.56688","0.72688","1.01938","1.30688"
"01.07.2010","Thu","0.35625","0.39125","0.46125","0.55500","0.71750","1.01250","1.29500"
"30.06.2010","Wed","0.35625","0.37625","0.45125","0.54750","0.70625","1.00125","1.28875"
"29.06.2010","Tue","0.27500","0.36250","0.43313","0.53125","0.68813","0.98938","1.27750"
"28.06.2010","Mon","0.27375","0.34750","0.42750","0.52750","0.67875","0.98375","1.27375"
"25.06.2010","Fri","0.27375","0.33875","0.42000","0.51750","0.67375","0.97500","1.27000"
"24.06.2010","Thu","0.27375","0.33500","0.41438","0.51188","0.66938","0.97063","1.26875"
"23.06.2010","Wed","0.27250","0.33125","0.41313","0.50938","0.66813","0.96563","1.26625"
"22.06.2010","Tue","0.27375","0.32750","0.40938","0.50813","0.66688","0.96688","1.26625"
"21.06.2010","Mon","0.27375","0.32250","0.40875","0.50750","0.66438","0.96563","1.26500"
"18.06.2010","Fri","0.27375","0.32125","0.40563","0.50563","0.66125","0.96250","1.26125"
"17.06.2010","Thu","0.27375","0.32000","0.40375","0.50250","0.66125","0.96125","1.25813"
"16.06.2010","Wed","0.27375","0.32000","0.40125","0.50125","0.65875","0.95875","1.25625"
"15.06.2010","Tue","0.59500","0.32125","0.40125","0.50063","0.65563","0.95688","1.25313"
"14.06.2010","Mon","0.27375","0.32000","0.40000","0.49750","0.65375","0.95125","1.24875"
"11.06.2010","Fri","0.27250","0.32375","0.40250","0.49875","0.65188","0.94938","1.24688"
"10.06.2010","Thu","0.27250","0.32375","0.40250","0.49563","0.65438","0.95063","1.24688"
"09.06.2010","Wed","0.27250","0.32250","0.40250","0.49500","0.65250","0.94938","1.24688"
"08.06.2010","Tue","0.27375","0.32250","0.40000","0.49625","0.65000","0.94625","1.24313"
"07.06.2010","Mon","0.27125","0.32125","0.39750","0.49250","0.64750","0.94563","1.24688"
"04.06.2010","Fri","0.27250","0.31750","0.39500","0.49000","0.64000","0.94375","1.24750"
"03.06.2010","Thu","0.27375","0.31875","0.39625","0.49000","0.64063","0.94313","1.24563"
"02.06.2010","Wed","0.27500","0.32000","0.39563","0.49000","0.63750","0.94125","1.24375"
"01.06.2010","Tue","0.27500","0.31875","0.39375","0.48875","0.63688","0.94125","1.24125"
"28.05.2010","Fri","0.27500","0.31813","0.39438","0.48875","0.63438","0.93938","1.23750"
"27.05.2010","Thu","0.27500","0.31875","0.39375","0.48813","0.63500","0.93875","1.23875"
"26.05.2010","Wed","0.27875","0.32063","0.39500","0.48813","0.63500","0.94125","1.24125"
"25.05.2010","Tue","0.27875","0.32250","0.39625","0.49063","0.63875","0.94500","1.24500"
"24.05.2010","Mon","0.27750","0.32125","0.39250","0.49000","0.63438","0.94063","1.24438"
"21.05.2010","Fri","0.27750","0.32125","0.39313","0.48875","0.63625","0.93750","1.24125"
"20.05.2010","Thu","0.27750","0.32000","0.39250","0.48813","0.63563","0.93625","1.23875"
"19.05.2010","Wed","0.27750","0.32000","0.39000","0.48625","0.63500","0.93500","1.23750"
"18.05.2010","Tue","0.27750","0.32000","0.38750","0.48250","0.63000","0.93375","1.23875"
"17.05.2010","Mon","0.27750","0.32000","0.39125","0.48500","0.63125","0.93375","1.23750"
"14.05.2010","Fri","0.27750","0.31875","0.38625","0.48750","0.62875","0.93375","1.22875"
"13.05.2010","Thu","0.27750","0.31875","0.38500","0.48688","0.62438","0.93000","1.22875"
"12.05.2010","Wed","0.27750","0.32000","0.38625","0.48688","0.62438","0.93125","1.23000"
"11.05.2010","Tue","0.61250","0.32250","0.38750","0.48688","0.62750","0.93250","1.23250"
"10.05.2010","Mon","0.27875","0.32500","0.39000","0.48688","0.62750","0.93375","1.23438"
"07.05.2010","Fri","0.27750","0.33000","0.39375","0.48938","0.63375","0.94500","1.23688"
"06.05.2010","Thu","0.28000","0.31750","0.38500","0.48063","0.62313","0.93000","1.22250"
"05.05.2010","Wed","0.27875","0.31500","0.38188","0.47750","0.61875","0.92875","1.22000"
"04.05.2010","Tue","0.27750","0.31375","0.37938","0.47250","0.61500","0.91750","1.22188"
"03.05.2010","Mon","0.27875","0.31125","0.37813","0.47125","0.61250","0.91688","1.22281"
"30.04.2010","Fri","0.28000","0.30875","0.37563","0.47125","0.60750","0.91313","1.21813"
"29.04.2010","Thu","0.27625","0.30750","0.37313","0.46500","0.60438","0.91088","1.21563"
"28.04.2010","Wed","0.27688","0.30625","0.37250","0.46063","0.59775","0.90650","1.21125"
"27.04.2010","Tue","0.27938","0.30625","0.36875","0.45375","0.58750","0.89500","1.20375"
"26.04.2010","Mon","0.27563","0.30625","0.36750","0.45125","0.58500","0.89250","1.20750"
"23.04.2010","Fri","0.27688","0.30625","0.36875","0.45125","0.58500","0.89250","1.20125"
"22.04.2010","Thu","0.27813","0.30688","0.36688","0.44813","0.58375","0.89000","1.19625"
"21.04.2010","Wed","0.27813","0.30688","0.36813","0.44813","0.58375","0.88813","1.19313"
"20.04.2010","Tue","0.27813","0.30688","0.36688","0.44563","0.58188","0.88813","1.19313"
"19.04.2010","Mon","0.27813","0.30688","0.36625","0.44688","0.58188","0.88813","1.19313"
"16.04.2010","Fri","0.27813","0.30688","0.37063","0.45000","0.58250","0.88875","1.19250"
"15.04.2010","Thu","0.27875","0.30938","0.36938","0.44875","0.58250","0.88875","1.19250"
"14.04.2010","Wed","0.27875","0.31188","0.36938","0.45000","0.58250","0.88875","1.19313"
"13.04.2010","Tue","0.64625","0.30938","0.36688","0.44750","0.58250","0.88875","1.18938"
"12.04.2010","Mon","0.28063","0.30938","0.36688","0.44625","0.58250","0.88875","1.18938"
"09.04.2010","Fri","0.28000","0.31313","0.36625","0.44438","0.58063","0.88813","1.18750"
"08.04.2010","Thu","0.28000","0.31313","0.37000","0.44188","0.58063","0.88813","1.18688"
"07.04.2010","Wed","0.28000","0.30938","0.36500","0.44313","0.58063","0.88688","1.18750"
"06.04.2010","Tue","0.28000","0.31063","0.36563","0.44625","0.58313","0.89063","1.19000"
"01.04.2010","Thu","0.28125","0.30563","0.36563","0.44625","0.57563","0.88188","1.18875"
"31.03.2010","Wed","0.28875","0.30563","0.36563","0.44625","0.57750","0.88375","1.18875"
"30.03.2010","Tue","0.27938","0.30563","0.36563","0.44625","0.58000","0.88500","1.18625"
"29.03.2010","Mon","0.27938","0.30688","0.36625","0.44688","0.58063","0.89000","1.18875"
"26.03.2010","Fri","0.27938","0.30688","0.36625","0.44688","0.58063","0.89625","1.19000"
"25.03.2010","Thu","0.27938","0.30938","0.36625","0.44813","0.58063","0.89500","1.19000"
"24.03.2010","Wed","0.27938","0.30875","0.36688","0.44938","0.58188","0.89750","1.19375"
"23.03.2010","Tue","0.27938","0.30875","0.36688","0.44938","0.58250","0.89750","1.19250"
"22.03.2010","Mon","0.28000","0.30625","0.36813","0.44938","0.58250","0.89750","1.19375"
"19.03.2010","Fri","0.28063","0.30625","0.36438","0.44938","0.58375","0.89750","1.19500"
"18.03.2010","Thu","0.27875","0.30625","0.36938","0.45188","0.58500","0.89875","1.19500"
"17.03.2010","Wed","0.27875","0.30625","0.37375","0.45813","0.58875","0.90250","1.19875"
"16.03.2010","Tue","0.27750","0.30750","0.37625","0.45938","0.59125","0.90500","1.19875"
"15.03.2010","Mon","0.28000","0.30625","0.37750","0.46063","0.59500","0.90750","1.20125"
"12.03.2010","Fri","0.27875","0.30625","0.37625","0.45938","0.59438","0.90688","1.20125"
"11.03.2010","Thu","0.28250","0.30750","0.37500","0.45813","0.59188","0.90563","1.19625"
"10.03.2010","Wed","0.28000","0.30750","0.37750","0.46188","0.59563","0.90688","1.19625"
"09.03.2010","Tue","0.63750","0.31000","0.37750","0.46188","0.59688","0.90813","1.19750"
"08.03.2010","Mon","0.27750","0.31375","0.37813","0.46375","0.59813","0.90813","1.19875"
"05.03.2010","Fri","0.27875","0.31625","0.38188","0.46500","0.59813","0.90813","1.19750"
"04.03.2010","Thu","0.27875","0.31000","0.38063","0.46625","0.59813","0.90938","1.19875"
"03.03.2010","Wed","0.28000","0.31000","0.38000","0.46438","0.60000","0.91063","1.19625"
"02.03.2010","Tue","0.28000","0.31000","0.38125","0.46688","0.59938","0.91063","1.19625"
"01.03.2010","Mon","0.28125","0.30875","0.38250","0.46813","0.60000","0.91125","1.19750"
"26.02.2010","Fri","0.28250","0.30750","0.38250","0.46875","0.60125","0.91250","1.19625"
"25.02.2010","Thu","0.28000","0.30875","0.38250","0.47000","0.60250","0.91375","1.19625"
"24.02.2010","Wed","0.28125","0.31125","0.38375","0.47188","0.60500","0.91813","1.20750"
"23.02.2010","Tue","0.28313","0.30875","0.38563","0.47438","0.60750","0.91813","1.20813"
"22.02.2010","Mon","0.28313","0.31125","0.38563","0.47438","0.60625","0.91813","1.20938"
"19.02.2010","Fri","0.28313","0.31250","0.38563","0.47438","0.60625","0.91688","1.21188"
"18.02.2010","Thu","0.28313","0.31250","0.38438","0.47313","0.60250","0.91125","1.20375"
"17.02.2010","Wed","0.28500","0.31125","0.38438","0.47438","0.60250","0.91375","1.20750"
"16.02.2010","Tue","0.28500","0.30875","0.38313","0.46938","0.59969","0.91250","1.20063"
"15.02.2010","Mon","0.28500","0.30875","0.38313","0.46938","0.59719","0.91000","1.19750"
"12.02.2010","Fri","0.28250","0.30875","0.38438","0.46938","0.59719","0.91125","1.20375"
"11.02.2010","Thu","0.28250","0.30875","0.38438","0.46688","0.59719","0.91313","1.20500"
"10.02.2010","Wed","0.28438","0.31125","0.38438","0.46688","0.59719","0.91938","1.20125"
"09.02.2010","Tue","0.61750","0.31125","0.38438","0.46688","0.59813","0.91938","1.20000"
"08.02.2010","Mon","0.28125","0.31250","0.38563","0.46813","0.60063","0.92188","1.19750"
"05.02.2010","Fri","0.28125","0.31125","0.38625","0.46750","0.60125","0.92375","1.19875"
"04.02.2010","Thu","0.28125","0.31000","0.38563","0.47250","0.60625","0.92625","1.20625"
"03.02.2010","Wed","0.28125","0.30875","0.38563","0.47250","0.60625","0.92625","1.20625"
"02.02.2010","Tue","0.28125","0.31000","0.38813","0.47625","0.60688","0.92625","1.20500"
"01.02.2010","Mon","0.28125","0.30875","0.38938","0.47750","0.60688","0.92750","1.20375"
"29.01.2010","Fri","0.28688","0.30813","0.39000","0.47750","0.60875","0.92625","1.20250"
"28.01.2010","Thu","0.28125","0.31000","0.39000","0.47875","0.61000","0.92625","1.20250"
"27.01.2010","Wed","0.28125","0.31250","0.39000","0.48125","0.61125","0.92625","1.19375"
"26.01.2010","Tue","0.28563","0.31688","0.39000","0.48250","0.61125","0.92688","1.19500"
"25.01.2010","Mon","0.28500","0.31750","0.39250","0.48125","0.61375","0.93000","1.19625"
"22.01.2010","Fri","0.28625","0.31750","0.39250","0.48250","0.61375","0.92875","1.19875"
"21.01.2010","Thu","0.28375","0.31750","0.39250","0.48500","0.61625","0.93188","1.20000"
"20.01.2010","Wed","0.28250","0.31625","0.39250","0.48500","0.61750","0.93250","1.20125"
"19.01.2010","Tue","0.61500","0.32000","0.39625","0.49000","0.62125","0.93438","1.20125"
"18.01.2010","Mon","0.27625","0.32000","0.39625","0.49000","0.62125","0.93688","1.20000"
"15.01.2010","Fri","0.27500","0.32500","0.39750","0.49125","0.62750","0.93813","1.20375"
"14.01.2010","Thu","0.27500","0.31875","0.39875","0.49125","0.63188","0.94500","1.21313"
"13.01.2010","Wed","0.27625","0.31875","0.39875","0.49563","0.63250","0.94563","1.21313"
"12.01.2010","Tue","0.27625","0.32125","0.39875","0.49688","0.63500","0.94938","1.21313"
"11.01.2010","Mon","0.27500","0.32250","0.40000","0.50063","0.63750","0.95438","1.21938"
"08.01.2010","Fri","0.27625","0.32375","0.41063","0.51375","0.64875","0.96500","1.21625"
"07.01.2010","Thu","0.27750","0.32625","0.41063","0.51375","0.64875","0.96500","1.21625"
"06.01.2010","Wed","0.27625","0.32750","0.41375","0.51375","0.65000","0.96750","1.22125"
"05.01.2010","Tue","0.27750","0.32750","0.41500","0.51250","0.65313","0.97250","1.22375"
"04.01.2010","Mon","0.28000","0.33000","0.41500","0.51375","0.65375","0.97688","1.22500"
"31.12.2009","Thu","0.29125","0.33875","0.41375","0.51500","0.65500","0.97313","1.21750"
"30.12.2009","Wed","0.28375","0.34750","0.42000","0.51750","0.65500","0.97063","1.22000"
"29.12.2009","Tue","0.28500","0.38625","0.43375","0.52313","0.66063","0.97188","1.22063"
"28.12.2009","Mon","0.28875","0.38125","0.43500","0.52938","0.66813","0.98063","1.22438"
"24.12.2009","Thu","0.28750","0.39125","0.43625","0.52563","0.66563","0.97188","1.21938"
"23.12.2009","Wed","0.28875","0.38750","0.43625","0.52563","0.66563","0.97188","1.21813"
"22.12.2009","Tue","0.29125","0.33563","0.44438","0.52750","0.66875","0.97500","1.22188"
"21.12.2009","Mon","0.29375","0.34063","0.44813","0.52750","0.67000","0.97500","1.22188"
"18.12.2009","Fri","0.29625","0.34313","0.44688","0.52500","0.66750","0.97500","1.21688"
"17.12.2009","Thu","0.30000","0.35563","0.45313","0.53125","0.67188","0.97813","1.22313"
"16.12.2009","Wed","0.30875","0.36188","0.45813","0.53375","0.67750","0.98000","1.22625"
"15.12.2009","Tue","0.31375","0.36063","0.45688","0.53500","0.67625","0.97875","1.22750"
"14.12.2009","Mon","0.31375","0.36188","0.45688","0.53375","0.67625","0.97875","1.22625"
"11.12.2009","Fri","0.30875","0.36563","0.45563","0.53875","0.67750","0.97875","1.22625"
"10.12.2009","Thu","0.31000","0.36625","0.45688","0.53875","0.67750","0.98000","1.22375"
"09.12.2009","Wed","0.30875","0.36750","0.45563","0.54000","0.67875","0.98125","1.22000"
"08.12.2009","Tue","0.30875","0.36500","0.45688","0.54125","0.68000","0.98125","1.22125"
"07.12.2009","Mon","0.69250","0.36625","0.45750","0.54125","0.68000","0.98125","1.22500"
"04.12.2009","Fri","0.30250","0.36500","0.45500","0.53875","0.68125","0.98000","1.22250"
"03.12.2009","Thu","0.30000","0.36625","0.45250","0.53875","0.68000","0.98250","1.22750"
"02.12.2009","Wed","0.30375","0.36250","0.45250","0.53750","0.68000","0.98125","1.22250"
"01.12.2009","Tue","0.30750","0.35750","0.45125","0.54000","0.68125","0.98250","1.22250"
"30.11.2009","Mon","0.38625","0.35750","0.44250","0.53875","0.68000","0.98000","1.22000"
"27.11.2009","Fri","0.30875","0.35500","0.44125","0.53875","0.68000","0.97875","1.22000"
"26.11.2009","Thu","0.30875","0.35375","0.41250","0.53813","0.67813","0.97875","1.22125"
"25.11.2009","Wed","0.30750","0.35375","0.41125","0.53688","0.67813","0.97500","1.22125"
"24.11.2009","Tue","0.31000","0.35375","0.40750","0.53938","0.67688","0.97625","1.22125"
"23.11.2009","Mon","0.31000","0.35375","0.40375","0.53938","0.67563","0.97625","1.22000"
"20.11.2009","Fri","0.31125","0.35125","0.40125","0.53688","0.67313","0.97625","1.21375"
"19.11.2009","Thu","0.31250","0.35250","0.40000","0.53688","0.67563","0.97625","1.21250"
"18.11.2009","Wed","0.30563","0.35000","0.39875","0.53500","0.67500","0.97625","1.21375"
"17.11.2009","Tue","0.30313","0.34875","0.39625","0.53375","0.67375","0.97750","1.21250"
"16.11.2009","Mon","0.29938","0.34750","0.39500","0.52875","0.67125","0.97875","1.21250"
"13.11.2009","Fri","0.29563","0.34500","0.39375","0.53000","0.67125","0.97875","1.21250"
"12.11.2009","Thu","0.29438","0.34500","0.39375","0.52750","0.67125","0.97875","1.21125"
"11.11.2009","Wed","0.29188","0.34625","0.39500","0.52875","0.67250","0.98125","1.21750"
"10.11.2009","Tue","0.57500","0.34750","0.39750","0.52750","0.67250","0.98500","1.21938"
"09.11.2009","Mon","0.28063","0.34500","0.39500","0.52875","0.67625","0.98625","1.21813"
"06.11.2009","Fri","0.28250","0.34250","0.39625","0.53000","0.67625","0.98750","1.22250"
"05.11.2009","Thu","0.28125","0.34125","0.39375","0.52875","0.67500","0.98625","1.22000"
"04.11.2009","Wed","0.28375","0.33500","0.39375","0.52875","0.67250","0.98750","1.22375"
"03.11.2009","Tue","0.28375","0.33125","0.39000","0.53125","0.67000","0.98500","1.22125"
"02.11.2009","Mon","0.28625","0.32875","0.38625","0.53375","0.66938","0.98625","1.22750"
"30.10.2009","Fri","0.30750","0.32625","0.38875","0.53375","0.67188","0.98938","1.23000"
"29.10.2009","Thu","0.27875","0.32250","0.39125","0.53250","0.66938","0.98813","1.22375"
"28.10.2009","Wed","0.27750","0.32500","0.38750","0.52375","0.67125","0.99313","1.22750"
"27.10.2009","Tue","0.27875","0.32500","0.39000","0.53000","0.67875","0.99813","1.23625"
"26.10.2009","Mon","0.28375","0.32375","0.39125","0.53313","0.68313","1.00125","1.23750"
"23.10.2009","Fri","0.27875","0.32250","0.39125","0.53563","0.68813","1.00750","1.24250"
"22.10.2009","Thu","0.28125","0.32500","0.39500","0.53813","0.68813","1.00750","1.23875"
"21.10.2009","Wed","0.27875","0.32125","0.38625","0.53563","0.68938","1.00750","1.24000"
"20.10.2009","Tue","0.28000","0.32250","0.39000","0.53688","0.69063","1.01125","1.24000"
"19.10.2009","Mon","0.27875","0.32375","0.39250","0.53438","0.69500","1.01125","1.24125"
"16.10.2009","Fri","0.27875","0.32125","0.39250","0.53313","0.69125","1.00875","1.24375"
"15.10.2009","Thu","0.27750","0.32375","0.39250","0.53438","0.69125","1.00875","1.23875"
"14.10.2009","Wed","0.27625","0.32250","0.39250","0.53625","0.69063","1.00625","1.23250"
"13.10.2009","Tue","0.53750","0.32375","0.39375","0.53750","0.69563","1.00875","1.23438"
"12.10.2009","Mon","0.27200","0.32125","0.39375","0.54250","0.70125","1.01000","1.23438"
"09.10.2009","Fri","0.27075","0.32125","0.39125","0.54375","0.70250","1.00813","1.22875"
"08.10.2009","Thu","0.27200","0.31750","0.38625","0.54125","0.70188","1.00188","1.22625"
"07.10.2009","Wed","0.27075","0.31375","0.38625","0.53875","0.69875","0.99625","1.22000"
"06.10.2009","Tue","0.27075","0.31625","0.38875","0.54188","0.69875","0.99875","1.22250"
"05.10.2009","Mon","0.27575","0.31750","0.38750","0.54063","0.69375","0.99313","1.22313"
"02.10.2009","Fri","0.28075","0.32125","0.39000","0.54875","0.69750","0.99688","1.22563"
"01.10.2009","Thu","0.28225","0.32250","0.39250","0.55000","0.70438","1.00313","1.23063"
"30.09.2009","Wed","0.45625","0.33375","0.39500","0.55500","0.70688","1.00688","1.23813"
"29.09.2009","Tue","0.28125","0.33250","0.39500","0.55125","0.70375","1.00563","1.23563"
"28.09.2009","Mon","0.28000","0.33500","0.39500","0.55250","0.69625","1.00250","1.23313"
"25.09.2009","Fri","0.28250","0.33000","0.39625","0.55188","0.69875","1.00375","1.23375"
"24.09.2009","Thu","0.28375","0.33000","0.39625","0.55250","0.70125","1.00625","1.23375"
"23.09.2009","Wed","0.28125","0.32875","0.39875","0.55750","0.70500","1.01438","1.23938"
"22.09.2009","Tue","0.28375","0.32375","0.40125","0.55875","0.70938","1.01500","1.24063"
"21.09.2009","Mon","0.27875","0.31625","0.40500","0.56500","0.71875","1.01750","1.23938"
"18.09.2009","Fri","0.27625","0.30750","0.39875","0.56250","0.71375","1.01938","1.24063"
"17.09.2009","Thu","0.27500","0.30625","0.40000","0.56938","0.72375","1.02063","1.23813"
"16.09.2009","Wed","0.27375","0.30375","0.39875","0.57063","0.72313","1.01938","1.23625"
"15.09.2009","Tue","0.27500","0.30375","0.39875","0.57188","0.72063","1.02438","1.24125"
"14.09.2009","Mon","0.27375","0.30250","0.39500","0.57375","0.72438","1.02688","1.24500"
"11.09.2009","Fri","0.27000","0.30625","0.40375","0.57688","0.73188","1.02625","1.24688"
"10.09.2009","Thu","0.26875","0.30625","0.41375","0.58500","0.73875","1.03688","1.25625"
"09.09.2009","Wed","0.27000","0.30500","0.41625","0.59188","0.74563","1.04125","1.26063"
"08.09.2009","Tue","0.48250","0.31250","0.41875","0.59625","0.75250","1.04688","1.26750"
"07.09.2009","Mon","0.27250","0.30625","0.42125","0.60000","0.75813","1.05688","1.27000"
"04.09.2009","Fri","0.27250","0.30500","0.41875","0.60250","0.76250","1.05688","1.27938"
"03.09.2009","Thu","0.27500","0.30375","0.42375","0.61250","0.77750","1.06438","1.29125"
"02.09.2009","Wed","0.27250","0.30438","0.42500","0.61938","0.78438","1.06688","1.28875"
"01.09.2009","Tue","0.27875","0.30625","0.42875","0.62438","0.78625","1.06813","1.29000"
"31.08.2009","Mon","0.28188","0.31125","0.43250","0.63500","0.79906","1.07688","1.29563"
"28.08.2009","Fri","0.26875","0.30500","0.42750","0.63000","0.79563","1.07688","1.30000"
"27.08.2009","Thu","0.26875","0.30750","0.43375","0.63563","0.80250","1.08000","1.30313"
"26.08.2009","Wed","0.26875","0.31000","0.44750","0.64563","0.81125","1.08625","1.30438"
"25.08.2009","Tue","0.26750","0.31125","0.44375","0.64313","0.81063","1.09125","1.31313"
"24.08.2009","Mon","0.27000","0.31500","0.45000","0.64875","0.81750","1.09500","1.31563"
"21.08.2009","Fri","0.27250","0.31875","0.45375","0.65500","0.82500","1.09750","1.31313"
"20.08.2009","Thu","0.27250","0.31250","0.45500","0.65500","0.82250","1.10063","1.31750"
"19.08.2009","Wed","0.27000","0.31625","0.45688","0.65750","0.82713","1.09750","1.31938"
"18.08.2009","Tue","0.27000","0.31875","0.46375","0.66625","0.83438","1.10188","1.32500"
"17.08.2009","Mon","0.26750","0.32250","0.46750","0.66438","0.83313","1.09875","1.32125"
"14.08.2009","Fri","0.27188","0.32500","0.46250","0.66375","0.83188","1.11000","1.32688"
"13.08.2009","Thu","0.27188","0.32500","0.46500","0.66375","0.83625","1.10750","1.32875"
"12.08.2009","Wed","0.27250","0.32375","0.47250","0.66563","0.83938","1.11500","1.33563"
"11.08.2009","Tue","0.37125","0.32875","0.48625","0.67313","0.84500","1.11938","1.33938"
"10.08.2009","Mon","0.26750","0.32163","0.48288","0.66938","0.84238","1.11913","1.33488"
"07.08.2009","Fri","0.26438","0.32125","0.48125","0.66625","0.83938","1.11750","1.33125"
"06.08.2009","Thu","0.26750","0.32288","0.48150","0.66650","0.84163","1.11900","1.33125"
"05.08.2009","Wed","0.26813","0.32375","0.48250","0.67125","0.84063","1.11750","1.33000"
"04.08.2009","Tue","0.26813","0.32375","0.48500","0.67375","0.84875","1.12375","1.33625"
"03.08.2009","Mon","0.26813","0.32625","0.48625","0.67500","0.85250","1.12813","1.34063"
"31.07.2009","Fri","0.28375","0.32750","0.49375","0.68250","0.86188","1.13125","1.35000"
"30.07.2009","Thu","0.26813","0.33000","0.49625","0.68500","0.87063","1.13375","1.35938"
"29.07.2009","Wed","0.26938","0.33375","0.50125","0.69375","0.87875","1.14625","1.36188"
"28.07.2009","Tue","0.26750","0.33250","0.50375","0.69625","0.88313","1.15688","1.37000"
"27.07.2009","Mon","0.26750","0.33500","0.51125","0.70563","0.89188","1.16438","1.37438"
"24.07.2009","Fri","0.26938","0.33500","0.51625","0.71000","0.89875","1.16750","1.37688"
"23.07.2009","Thu","0.27313","0.33500","0.51875","0.71563","0.90313","1.17188","1.37813"
"22.07.2009","Wed","0.27438","0.33750","0.52250","0.72500","0.91375","1.17750","1.38438"
"21.07.2009","Tue","0.27438","0.33750","0.52875","0.73500","0.92563","1.18750","1.39125"
"20.07.2009","Mon","0.27688","0.34250","0.53625","0.74125","0.93250","1.19688","1.39938"
"17.07.2009","Fri","0.27313","0.34250","0.54250","0.74500","0.94000","1.20313","1.40188"
"16.07.2009","Thu","0.28313","0.35125","0.55250","0.75875","0.95563","1.21063","1.41125"
"15.07.2009","Wed","0.28063","0.36000","0.56188","0.76750","0.96125","1.21625","1.41875"
"14.07.2009","Tue","0.27500","0.36250","0.57313","0.77375","0.96563","1.22063","1.41500"
"13.07.2009","Mon","0.27625","0.36875","0.57875","0.77688","0.96938","1.22125","1.42563"
"10.07.2009","Fri","0.26875","0.37250","0.58500","0.78188","0.97875","1.23000","1.42688"
"09.07.2009","Thu","0.26500","0.38125","0.58875","0.79625","0.99250","1.23500","1.43125"
"08.07.2009","Wed","0.28125","0.39000","0.60250","0.80625","1.00000","1.24250","1.43750"
"07.07.2009","Tue","0.43250","0.40125","0.63500","0.82875","1.01688","1.25375","1.45063"
"06.07.2009","Mon","0.27250","0.40875","0.66000","0.84875","1.03625","1.26500","1.45375"
"03.07.2009","Fri","0.26625","0.42000","0.66750","0.85750","1.03750","1.27250","1.45625"
"02.07.2009","Thu","0.27250","0.43125","0.70250","0.87375","1.06000","1.29000","1.48000"
"01.07.2009","Wed","0.27313","0.44000","0.72125","0.88250","1.07375","1.30125","1.49125"
"30.06.2009","Tue","0.30875","0.46500","0.73375","0.90750","1.09500","1.31375","1.50125"
"29.06.2009","Mon","0.28938","0.46000","0.75125","0.91875","1.10625","1.32875","1.51625"
"26.06.2009","Fri","0.31000","0.48875","0.76375","0.92875","1.11625","1.33375","1.52000"
"25.06.2009","Thu","0.34625","0.54000","0.78375","0.95500","1.14250","1.35375","1.53625"
"24.06.2009","Wed","1.27500","0.71375","0.84375","1.00750","1.18500","1.40625","1.57375"
"23.06.2009","Tue","0.68500","0.83750","0.89938","1.03750","1.21063","1.42188","1.59563"
"22.06.2009","Mon","0.72000","0.86125","0.90563","1.04125","1.21563","1.43375","1.60625"
"19.06.2009","Fri","0.74875","0.84875","0.92000","1.05313","1.22563","1.44313","1.61875"
"18.06.2009","Thu","0.78750","0.86625","0.92125","1.06025","1.23438","1.45000","1.62375"
"17.06.2009","Wed","0.80250","0.87875","0.92625","1.06588","1.23875","1.45313","1.62938"
"16.06.2009","Tue","0.80250","0.88625","0.93000","1.07025","1.24750","1.46438","1.63938"
"15.06.2009","Mon","0.76625","0.87875","0.93375","1.07625","1.25250","1.47500","1.65375"
"12.06.2009","Fri","0.75875","0.89750","0.93875","1.08225","1.25975","1.48100","1.66113"
"11.06.2009","Thu","0.79000","0.89625","0.93875","1.08463","1.27025","1.48925","1.67338"
"10.06.2009","Wed","0.79375","0.90000","0.94688","1.08713","1.27913","1.49600","1.68275"
"09.06.2009","Tue","0.78750","0.91250","0.94775","1.09350","1.28325","1.49750","1.68563"
"08.06.2009","Mon","0.50000","0.87625","0.94163","1.09300","1.28263","1.49588","1.68025"
"05.06.2009","Fri","0.54125","0.85438","0.93063","1.08250","1.27188","1.47813","1.65250"
"04.06.2009","Thu","0.54750","0.83438","0.91250","1.08063","1.26250","1.46313","1.62500"
"03.06.2009","Wed","0.54125","0.77375","0.90875","1.07375","1.25625","1.46188","1.62000"
"02.06.2009","Tue","0.62000","0.81000","0.91250","1.07813","1.25875","1.46938","1.63500"
"01.06.2009","Mon","0.70375","0.85625","0.92688","1.08438","1.26250","1.47438","1.63750"
"29.05.2009","Fri","0.82500","0.86750","0.92125","1.08500","1.26875","1.47688","1.64063"
"28.05.2009","Thu","0.85250","0.89250","0.92875","1.08875","1.27500","1.48313","1.64438"
"27.05.2009","Wed","0.90750","0.92000","0.92875","1.09250","1.27375","1.48313","1.64250"
"26.05.2009","Tue","0.97750","0.94125","0.93125","1.09250","1.27000","1.47750","1.63813"
"25.05.2009","Mon","0.99375","0.92188","0.91813","1.08813","1.26563","1.47188","1.63625"
"22.05.2009","Fri","0.93125","0.90625","0.89938","1.08000","1.26188","1.46688","1.63000"
"21.05.2009","Thu","0.93750","0.88500","0.87875","1.07000","1.25250","1.46250","1.62063"
"20.05.2009","Wed","0.83625","0.83375","0.84938","1.06188","1.24688","1.45313","1.61625"
"19.05.2009","Tue","0.63625","0.69813","0.81563","1.04625","1.23188","1.44063","1.59563"
"18.05.2009","Mon","0.56375","0.66750","0.81063","1.05188","1.24250","1.44500","1.60625"
"15.05.2009","Fri","0.54750","0.66313","0.81750","1.05750","1.24750","1.49375","1.61875"
"14.05.2009","Thu","0.55750","0.66875","0.82250","1.06938","1.26188","1.50188","1.63125"
"13.05.2009","Wed","0.59125","0.67875","0.83563","1.07438","1.27125","1.51500","1.64313"
"12.05.2009","Tue","0.72500","0.68750","0.84750","1.09063","1.28688","1.52500","1.65313"
"11.05.2009","Mon","0.41125","0.68250","0.85500","1.09375","1.29625","1.52813","1.65688"
"08.05.2009","Fri","0.42625","0.68500","0.86125","1.10750","1.30625","1.54625","1.67688"
"07.05.2009","Thu","0.44000","0.69375","0.87250","1.11750","1.32125","1.56000","1.69500"
"06.05.2009","Wed","0.45500","0.70875","0.88375","1.12688","1.32875","1.56938","1.70125"
"05.05.2009","Tue","0.46750","0.73625","0.90250","1.13938","1.34125","1.58188","1.71000"
"04.05.2009","Mon","0.48125","0.75625","0.92000","1.14438","1.34938","1.58875","1.71500"
"01.05.2009","Fri","0.49750","0.77125","0.93750","1.15938","1.36188","1.60250","1.72875"
"30.04.2009","Thu","0.49750","0.77250","0.93000","1.15688","1.36063","1.60125","1.72875"
"29.04.2009","Wed","0.47125","0.79625","0.94000","1.16688","1.37125","1.60813","1.73125"
"28.04.2009","Tue","0.49750","0.84125","0.95875","1.17188","1.37875","1.61688","1.74250"
"27.04.2009","Mon","0.53625","0.87000","0.97313","1.18563","1.39188","1.62813","1.75250"
"24.04.2009","Fri","0.61000","0.88250","0.98750","1.19938","1.39625","1.63625","1.76313"
"23.04.2009","Thu","0.79875","0.92375","0.99250","1.20438","1.40438","1.64063","1.77063"
"22.04.2009","Wed","0.84625","0.93625","0.99875","1.20563","1.40438","1.64438","1.76813"
"21.04.2009","Tue","0.85000","0.91500","0.99750","1.20625","1.40813","1.64188","1.77063"
"20.04.2009","Mon","0.85875","0.90375","0.99250","1.20625","1.40750","1.64250","1.77188"
"17.04.2009","Fri","0.86375","0.88375","0.98938","1.20750","1.40688","1.63500","1.77000"
"16.04.2009","Thu","0.82875","0.86000","0.98750","1.21063","1.41125","1.63500","1.76875"
"15.04.2009","Wed","0.79500","0.84688","0.98875","1.21250","1.41250","1.63813","1.76688"
"14.04.2009","Tue","0.79875","0.84250","0.99250","1.22250","1.42250","1.64750","1.78250"
"09.04.2009","Thu","0.84125","0.84250","0.99375","1.22875","1.42813","1.65438","1.78500"
"08.04.2009","Wed","0.77250","0.85375","1.00500","1.24563","1.44250","1.66313","1.78313"
"07.04.2009","Tue","0.79875","0.87375","1.01625","1.25250","1.45000","1.67500","1.79563"
"06.04.2009","Mon","0.76125","0.89875","1.04500","1.27500","1.47188","1.68875","1.80750"
"03.04.2009","Fri","0.80625","0.93500","1.06750","1.28250","1.47875","1.69000","1.80938"
"02.04.2009","Thu","0.85625","0.94625","1.07438","1.28500","1.48000","1.68250","1.79875"
"01.04.2009","Wed","0.87250","0.96500","1.10688","1.30063","1.49375","1.69375","1.81375"
"31.03.2009","Tue","1.31750","0.98875","1.11750","1.31375","1.50625","1.70500","1.82563"
"30.03.2009","Mon","0.91625","1.00000","1.12688","1.32563","1.51500","1.71375","1.83438"
"27.03.2009","Fri","0.88500","1.00375","1.14375","1.34000","1.52500","1.72375","1.84625"
"26.03.2009","Thu","0.87375","1.00625","1.15063","1.34875","1.53250","1.73500","1.85500"
"25.03.2009","Wed","0.87625","1.00500","1.15750","1.35625","1.54750","1.74000","1.86125"
"24.03.2009","Tue","0.86750","0.99625","1.16188","1.36063","1.55438","1.74813","1.86375"
"23.03.2009","Mon","0.83438","0.98125","1.16625","1.36563","1.55688","1.74688","1.86375"
"20.03.2009","Fri","0.81625","0.91375","1.17250","1.37250","1.56625","1.76563","1.87438"
"19.03.2009","Thu","0.80375","0.91250","1.18500","1.38188","1.58125","1.76563","1.88500"
"18.03.2009","Wed","0.80250","0.92000","1.19750","1.40625","1.60375","1.78688","1.91063"
"17.03.2009","Tue","0.77875","0.91750","1.21000","1.41625","1.61188","1.80000","1.91875"
"16.03.2009","Mon","0.77938","0.92625","1.22500","1.42938","1.62500","1.80500","1.92625"
"13.03.2009","Fri","0.78688","0.94375","1.24000","1.45188","1.64250","1.81813","1.93125"
"12.03.2009","Thu","0.79000","0.96500","1.26500","1.47000","1.64875","1.83125","1.94125"
"11.03.2009","Wed","0.77375","0.98500","1.28875","1.48750","1.66563","1.84125","1.94625"
"10.03.2009","Tue","1.21375","1.02875","1.31188","1.50875","1.68563","1.85125","1.95125"
"09.03.2009","Mon","1.17375","1.07500","1.36000","1.54625","1.70875","1.85250","1.95250"
"06.03.2009","Fri","1.18688","1.15000","1.38625","1.56688","1.73188","1.87875","1.97000"
"05.03.2009","Thu","1.19375","1.22500","1.44250","1.60250","1.75438","1.89625","1.98688"
"04.03.2009","Wed","1.20000","1.26375","1.47125","1.63250","1.77938","1.91313","2.00188"
"03.03.2009","Tue","1.19375","1.29125","1.49250","1.65000","1.79875","1.92875","2.01188"
"02.03.2009","Mon","1.19125","1.30875","1.50813","1.66250","1.81375","1.94500","2.02938"
"27.02.2009","Fri","1.25000","1.32000","1.52375","1.67375","1.82813","1.95750","2.03625"
"26.02.2009","Thu","1.19250","1.32625","1.53750","1.68750","1.83563","1.96625","2.04875"
"25.02.2009","Wed","1.18250","1.33625","1.54875","1.70375","1.84938","1.97500","2.05625"
"24.02.2009","Tue","1.19125","1.33750","1.55625","1.71313","1.85875","1.98813","2.06625"
"23.02.2009","Mon","1.18875","1.34000","1.56500","1.72313","1.86813","1.99500","2.07250"
"20.02.2009","Fri","1.17750","1.33750","1.56938","1.73250","1.87750","1.99688","2.07750"
"19.02.2009","Thu","1.18250","1.34250","1.57375","1.74250","1.88500","2.00250","2.08563"
"18.02.2009","Wed","1.14750","1.33250","1.58125","1.75000","1.89875","2.00563","2.09000"
"17.02.2009","Tue","1.14375","1.34625","1.59125","1.76313","1.91125","2.01813","2.10563"
"16.02.2009","Mon","1.13125","1.33750","1.59250","1.77750","1.92313","2.03875","2.12313"
"13.02.2009","Fri","1.14500","1.35000","1.61125","1.79000","1.93500","2.05063","2.13813"
"12.02.2009","Thu","1.15875","1.36375","1.63375","1.80750","1.95625","2.06000","2.14938"
"11.02.2009","Wed","1.17375","1.37013","1.64988","1.82000","1.97750","2.08188","2.17188"
"10.02.2009","Tue","1.21125","1.36250","1.65875","1.83000","1.99250","2.09625","2.18000"
"09.02.2009","Mon","1.11750","1.36375","1.67625","1.84813","2.00438","2.11000","2.19625"
"06.02.2009","Fri","1.12125","1.34125","1.68500","1.85375","2.02125","2.13000","2.20750"
"05.02.2009","Thu","1.11625","1.35875","1.69000","1.87125","2.03875","2.14938","2.22938"
"04.02.2009","Wed","1.11750","1.37375","1.70500","1.87625","2.05125","2.16250","2.23750"
"03.02.2009","Tue","1.12500","1.37875","1.72000","1.89125","2.06125","2.17125","2.25000"
"02.02.2009","Mon","1.12750","1.39375","1.73000","1.90750","2.07625","2.18438","2.26000"
"30.01.2009","Fri","1.17500","1.39875","1.74250","1.92625","2.09063","2.20313","2.28250"
"29.01.2009","Thu","1.12125","1.39875","1.75500","1.94375","2.10375","2.21813","2.29750"
"28.01.2009","Wed","1.10125","1.39625","1.76625","1.95000","2.11750","2.24625","2.32250"
"27.01.2009","Tue","1.11125","1.38250","1.77000","1.97000","2.13250","2.25813","2.33875"
"26.01.2009","Mon","1.11500","1.38750","1.80000","1.99375","2.14250","2.27000","2.34250"
"23.01.2009","Fri","1.12500","1.42625","1.84375","2.04250","2.19000","2.31000","2.37500"
"22.01.2009","Thu","1.14375","1.50375","1.89875","2.09625","2.25313","2.35588","2.42750"
"21.01.2009","Wed","1.40625","1.63750","1.95000","2.15750","2.30750","2.40750","2.48000"
"20.01.2009","Tue","2.07750","1.81750","2.01125","2.22375","2.36875","2.46500","2.53250"
"19.01.2009","Mon","2.03625","1.87000","2.04875","2.25813","2.40750","2.50250","2.57250"
"16.01.2009","Fri","2.03625","1.94625","2.10938","2.31500","2.45000","2.55125","2.61275"
"15.01.2009","Thu","2.04875","1.99750","2.18625","2.38688","2.50000","2.58875","2.65375"
"14.01.2009","Wed","2.05875","2.11000","2.26438","2.45000","2.56125","2.64113","2.69625"
"13.01.2009","Tue","2.06250","2.14500","2.31700","2.49875","2.60750","2.68450","2.73688"
"12.01.2009","Mon","2.07000","2.16875","2.36688","2.54375","2.64813","2.73113","2.78438"
"09.01.2009","Fri","2.07125","2.19813","2.40188","2.57750","2.68875","2.78125","2.84063"
"08.01.2009","Thu","2.09000","2.22500","2.43375","2.61125","2.71875","2.82188","2.88150"
"07.01.2009","Wed","2.10000","2.26438","2.47000","2.65313","2.75563","2.86313","2.93063"
"06.01.2009","Tue","2.10625","2.29250","2.50438","2.68375","2.78250","2.89738","2.95875"
"05.01.2009","Mon","2.11375","2.31625","2.52375","2.71125","2.81375","2.93025","2.99938"
"02.01.2009","Fri","2.14250","2.34875","2.55500","2.73813","2.84875","2.96538","3.02688"
"31.12.2008","Wed","2.20750","2.36875","2.58875","2.77750","2.89375","2.99750","3.05875"
"30.12.2008","Tue","2.12500","2.41125","2.62125","2.81000","2.92500","3.02125","3.09188"
"29.12.2008","Mon","2.14375","2.50625","2.68000","2.86250","2.96438","3.05375","3.12375"
"24.12.2008","Wed","2.17750","2.53250","2.70938","2.88313","2.98688","3.07625","3.14375"
"23.12.2008","Tue","2.11500","2.52500","2.73063","2.91375","3.01125","3.10563","3.18375"
"22.12.2008","Mon","2.14250","2.28500","2.75688","2.95063","3.04938","3.15438","3.21938"
"19.12.2008","Fri","2.13500","2.29250","2.79750","2.97625","3.07625","3.18313","3.24938"
"18.12.2008","Thu","2.16250","2.31625","2.81625","3.01500","3.11313","3.22188","3.28750"
"17.12.2008","Wed","2.19500","2.34813","2.84875","3.05500","3.14500","3.26188","3.33500"
"16.12.2008","Tue","2.20375","2.38638","2.90500","3.10125","3.20250","3.32250","3.39688"
"15.12.2008","Mon","2.24375","2.40500","2.94125","3.14750","3.24750","3.36000","3.43375"
"12.12.2008","Fri","2.27500","2.43000","2.97250","3.19250","3.28875","3.39625","3.47500"
"11.12.2008","Thu","2.27750","2.47000","3.01125","3.22625","3.32875","3.43875","3.51875"
"10.12.2008","Wed","2.32500","2.50375","3.04500","3.27750","3.37750","3.49000","3.57000"
"09.12.2008","Tue","2.94000","2.54875","3.09375","3.32250","3.42000","3.53750","3.61750"
"08.12.2008","Mon","2.86500","2.62625","3.15125","3.38375","3.49750","3.59500","3.66875"
"05.12.2008","Fri","2.87250","2.70000","3.21500","3.46625","3.56750","3.64688","3.70250"
"04.12.2008","Thu","2.89000","2.85750","3.32625","3.58500","3.67500","3.73313","3.78500"
"03.12.2008","Wed","2.90375","3.01500","3.41500","3.64750","3.74750","3.81375","3.86313"
"02.12.2008","Tue","2.90000","3.09125","3.47625","3.68625","3.78500","3.84688","3.90000"
"01.12.2008","Mon","2.92500","3.12625","3.52375","3.72875","3.82375","3.87875","3.92500"
"28.11.2008","Fri","2.94375","3.13875","3.56625","3.76250","3.85125","3.91250","3.95750"
"27.11.2008","Thu","2.90375","3.14250","3.58000","3.79125","3.87375","3.94250","3.98250"
"26.11.2008","Wed","2.90000","3.15500","3.37125","3.81250","3.90625","3.97125","4.01375"
"25.11.2008","Tue","2.90125","3.16375","3.42250","3.85625","3.93000","4.00375","4.05375"
"24.11.2008","Mon","2.90000","3.17000","3.46875","3.88375","3.97375","4.03375","4.08000"
"21.11.2008","Fri","2.89000","3.18750","3.52625","3.94875","4.00375","4.06375","4.11250"
"20.11.2008","Thu","2.90375","3.19875","3.60125","4.00125","4.06000","4.11875","4.16500"
"19.11.2008","Wed","2.93375","3.21000","3.66625","4.03875","4.10750","4.17500","4.22375"
"18.11.2008","Tue","2.97625","3.23500","3.71250","4.08000","4.14875","4.22125","4.28000"
"17.11.2008","Mon","3.00625","3.24000","3.77250","4.10875","4.18750","4.26625","4.32500"
"14.11.2008","Fri","3.05125","3.25250","3.81625","4.14625","4.22125","4.29875","4.35500"
"13.11.2008","Thu","3.07875","3.26875","3.83000","4.16000","4.23125","4.30625","4.36750"
"12.11.2008","Wed","3.16875","3.29750","3.88500","4.19875","4.27375","4.34875","4.40125"
"11.11.2008","Tue","3.74875","3.32875","3.92625","4.24125","4.32125","4.40500","4.45875"
"10.11.2008","Mon","3.43500","3.36875","3.98375","4.30375","4.39125","4.47250","4.52875"
"07.11.2008","Fri","3.42500","3.45625","4.07750","4.38375","4.47250","4.55125","4.59375"
"06.11.2008","Thu","3.46250","3.66375","4.22750","4.51250","4.59625","4.66875","4.70500"
"05.11.2008","Wed","3.49375","3.75375","4.27875","4.56500","4.65625","4.72625","4.76625"
"04.11.2008","Tue","3.50000","3.79625","4.34875","4.61000","4.70625","4.77188","4.81250"
"03.11.2008","Mon","3.53750","3.80375","4.38625","4.63813","4.73750","4.80375","4.84500"
"31.10.2008","Fri","3.55375","3.83750","4.42250","4.65688","4.76875","4.82125","4.87125"
"30.10.2008","Thu","3.53375","3.85250","4.44500","4.66500","4.79375","4.86438","4.91438"
"29.10.2008","Wed","3.54000","3.88250","4.47500","4.64125","4.82750","4.91250","4.95875"
"28.10.2008","Tue","3.53875","3.88875","4.51375","4.68250","4.85000","4.95125","4.99375"
"27.10.2008","Mon","3.56250","3.90750","4.55625","4.71875","4.90313","4.98000","5.02625"
"24.10.2008","Fri","3.54875","3.89875","4.58625","4.73538","4.90750","4.98963","5.04000"
"23.10.2008","Thu","3.55625","3.92750","4.58750","4.73125","4.91500","5.00875","5.05500"
"22.10.2008","Wed","3.56750","3.89750","4.59625","4.74375","4.92500","5.02625","5.08125"
"21.10.2008","Tue","3.55500","3.90625","4.63125","4.77250","4.95875","5.04000","5.11500"
"20.10.2008","Mon","3.57250","3.93750","4.66500","4.80750","4.98625","5.07625","5.15188"
"17.10.2008","Fri","3.66125","3.98875","4.71750","4.85000","5.02000","5.11125","5.19813"
"16.10.2008","Thu","3.75000","4.02125","4.78375","4.90500","5.08125","5.15625","5.23375"
"15.10.2008","Wed","3.73625","4.03125","4.87125","5.00250","5.17500","5.24750","5.30875"
"14.10.2008","Tue","3.75000","4.13750","4.92625","5.04750","5.22500","5.28750","5.33375"
"13.10.2008","Mon","3.77500","4.33500","5.01750","5.13250","5.29875","5.35125","5.40000"
"10.10.2008","Fri","3.89250","4.56500","5.08250","5.20500","5.36625","5.42625","5.47875"
"09.10.2008","Thu","3.93625","4.76375","5.10875","5.21625","5.38625","5.43750","5.49750"
"08.10.2008","Wed","4.35000","4.99875","5.18625","5.24750","5.39125","5.43500","5.48500"
"07.10.2008","Tue","4.48750","4.96125","5.16500","5.22625","5.37125","5.43375","5.48750"
"06.10.2008","Mon","4.27375","4.84750","5.12250","5.19625","5.33750","5.41250","5.47750"
"03.10.2008","Fri","4.10500","4.83000","5.10875","5.19250","5.32750","5.41250","5.49625"
"02.10.2008","Thu","4.16125","4.82500","5.09250","5.17000","5.31750","5.41375","5.51375"
"01.10.2008","Wed","4.26875","4.82500","5.07375","5.14250","5.28500","5.39250","5.49750"
"30.09.2008","Tue","4.44875","4.82875","5.04250","5.12875","5.27375","5.37000","5.49375"
"29.09.2008","Mon","3.71250","4.70750","4.99625","5.06375","5.22250","5.30375","5.46500"
"26.09.2008","Fri","4.06875","4.79250","4.99625","5.01875","5.13875","5.28750","5.47000"
"25.09.2008","Thu","4.38000","4.77750","4.96750","4.99725","5.11125","5.29375","5.48250"
"24.09.2008","Wed","4.37500","4.72750","4.91000","4.89750","5.06250","5.26750","5.45750"
"23.09.2008","Tue","4.41250","4.68500","4.84250","4.84750","5.05250","5.25750","5.45000"
"22.09.2008","Mon","4.40625","4.65250","4.75750","4.82750","5.02500","5.24500","5.43750"
"19.09.2008","Fri","4.43625","4.54875","4.64500","4.79750","5.00375","5.23625","5.40750"
"18.09.2008","Thu","4.34875","4.53750","4.59000","4.78875","4.99500","5.22563","5.38188"
"17.09.2008","Wed","4.42500","4.50113","4.53750","4.77438","4.97375","5.20000","5.35875"
"16.09.2008","Tue","4.41750","4.49063","4.53188","4.77313","4.96625","5.18938","5.34313"
"15.09.2008","Mon","4.49375","4.42938","4.52438","4.76875","4.96563","5.18375","5.34063"
"12.09.2008","Fri","4.29500","4.39625","4.51188","4.75500","4.95188","5.17625","5.33500"
"11.09.2008","Thu","4.30000","4.39750","4.51125","4.75625","4.95438","5.17250","5.33250"
"10.09.2008","Wed","4.30375","4.39875","4.50875","4.75688","4.95313","5.16750","5.33000"
"09.09.2008","Tue","3.96250","4.39750","4.51250","4.75688","4.95500","5.16875","5.33125"
"08.09.2008","Mon","4.30375","4.39875","4.51000","4.75813","4.95500","5.16875","5.33500"
"05.09.2008","Fri","4.31000","4.39625","4.51063","4.75500","4.95500","5.16375","5.32000"
"04.09.2008","Thu","4.30750","4.39875","4.51250","4.75688","4.95625","5.16375","5.32750"
"03.09.2008","Wed","4.30813","4.39688","4.51125","4.75625","4.95313","5.15750","5.32000"
"02.09.2008","Tue","4.30250","4.39875","4.50813","4.75188","4.95188","5.15438","5.32313"
"01.09.2008","Mon","4.30125","4.39688","4.50813","4.75438","4.95438","5.15563","5.32000"
"29.08.2008","Fri","4.36875","4.39563","4.50438","4.75500","4.95938","5.16000","5.32688"
"28.08.2008","Thu","4.29750","4.39563","4.50250","4.75625","4.95938","5.15688","5.32375"
"27.08.2008","Wed","4.29375","4.40375","4.47688","4.75500","4.96000","5.15125","5.30500"
"26.08.2008","Tue","4.27625","4.40813","4.47875","4.75563","4.95750","5.15188","5.30688"
"25.08.2008","Mon","4.27000","4.40563","4.47938","4.75438","4.95563","5.15325","5.31238"
"22.08.2008","Fri","4.26563","4.40000","4.47375","4.75250","4.95188","5.15313","5.31125"
"21.08.2008","Thu","4.26500","4.39625","4.47375","4.75250","4.95188","5.15188","5.30563"
"20.08.2008","Wed","4.27500","4.37875","4.47813","4.75563","4.95563","5.15563","5.31000"
"19.08.2008","Tue","4.29625","4.38438","4.47938","4.75688","4.95688","5.15500","5.29688"
"18.08.2008","Mon","4.29500","4.38688","4.48375","4.75625","4.95625","5.15688","5.30063"
"15.08.2008","Fri","4.29375","4.38875","4.48250","4.75563","4.95813","5.15438","5.30563"
"14.08.2008","Thu","4.29688","4.38750","4.48063","4.75438","4.95625","5.15188","5.30500"
"13.08.2008","Wed","4.30375","4.39000","4.48188","4.75563","4.95813","5.15188","5.30938"
"12.08.2008","Tue","4.32875","4.39000","4.48063","4.75625","4.95688","5.15188","5.31563"
"11.08.2008","Mon","4.30000","4.39000","4.48188","4.75750","4.95938","5.15188","5.32000"
"08.08.2008","Fri","4.30625","4.39313","4.47813","4.75813","4.96063","5.15125","5.31188"
"07.08.2008","Thu","4.30875","4.39250","4.48063","4.75813","4.96375","5.16375","5.34938"
"06.08.2008","Wed","4.30000","4.39313","4.47813","4.75813","4.96438","5.16250","5.35313"
"05.08.2008","Tue","4.30125","4.39500","4.48250","4.75813","4.96688","5.15875","5.35688"
"04.08.2008","Mon","4.29000","4.39188","4.48188","4.75813","4.96500","5.15625","5.35625"
"01.08.2008","Fri","4.29125","4.38688","4.47813","4.75563","4.96313","5.15125","5.35750"
"31.07.2008","Thu","4.37250","4.39125","4.47813","4.75438","4.96250","5.14875","5.36688"
"30.07.2008","Wed","4.29375","4.39188","4.47688","4.75375","4.96063","5.15313","5.37063"
"29.07.2008","Tue","4.29438","4.40500","4.47750","4.74563","4.95938","5.14688","5.38188"
"28.07.2008","Mon","4.29375","4.40500","4.48125","4.74688","4.96000","5.14688","5.38938"
"25.07.2008","Fri","4.29125","4.40438","4.48625","4.74938","4.96313","5.14813","5.38688"
"24.07.2008","Thu","4.29750","4.39938","4.48250","4.74688","4.95938","5.15188","5.40688"
"23.07.2008","Wed","4.29313","4.39750","4.48000","4.74813","4.95938","5.15563","5.42563"
"22.07.2008","Tue","4.28375","4.35688","4.47250","4.74563","4.95500","5.15375","5.41250"
"21.07.2008","Mon","4.28375","4.35563","4.46875","4.74813","4.95563","5.14938","5.41125"
"18.07.2008","Fri","4.27625","4.35625","4.46688","4.74625","4.95313","5.13625","5.37688"
"17.07.2008","Thu","4.28500","4.35438","4.46813","4.74688","4.95813","5.14063","5.38063"
"16.07.2008","Wed","4.28250","4.35125","4.46563","4.74125","4.95313","5.13438","5.37063"
"15.07.2008","Tue","4.28000","4.34813","4.46563","4.74438","4.95813","5.13875","5.37563"
"14.07.2008","Mon","4.27125","4.34750","4.46563","4.74375","4.95750","5.14313","5.38500"
"11.07.2008","Fri","4.27500","4.34688","4.46500","4.74375","4.95938","5.14063","5.38750"
"10.07.2008","Thu","4.28875","4.34625","4.46813","4.74313","4.95688","5.13375","5.38438"
"09.07.2008","Wed","4.28750","4.34875","4.46875","4.74438","4.96063","5.14250","5.39250"
"08.07.2008","Tue","3.81250","4.34750","4.46875","4.74313","4.95813","5.13688","5.37688"
"07.07.2008","Mon","3.92125","4.32500","4.46750","4.74188","4.95438","5.14375","5.39313"
"04.07.2008","Fri","3.93125","4.27375","4.46625","4.74000","4.95688","5.14250","5.39563"
"03.07.2008","Thu","3.93375","4.22375","4.46375","4.74375","4.96313","5.16125","5.43688"
"02.07.2008","Wed","3.93500","4.13000","4.44313","4.73563","4.95438","5.14813","5.41938"
"01.07.2008","Tue","3.92875","4.12750","4.44688","4.73750","4.95438","5.14438","5.41625"
"30.06.2008","Mon","4.20875","4.13063","4.43938","4.73500","4.94938","5.12938","5.39375"
"27.06.2008","Fri","3.74250","4.13938","4.43688","4.73563","4.94875","5.13000","5.38750"
"26.06.2008","Thu","3.91125","4.24375","4.46000","4.74563","4.95438","5.12125","5.40813"
"25.06.2008","Wed","3.97000","4.31063","4.48063","4.74813","4.95500","5.12375","5.41625"
"24.06.2008","Tue","4.00375","4.36875","4.48938","4.74938","4.95750","5.12500","5.41938"
"23.06.2008","Mon","4.00250","4.41125","4.48938","4.75063","4.95563","5.12625","5.41625"
"20.06.2008","Fri","4.00500","4.42500","4.48938","4.75500","4.95688","5.12500","5.42875"
"19.06.2008","Thu","4.01875","4.12000","4.49250","4.75188","4.95938","5.12500","5.43188"
"18.06.2008","Wed","4.02500","4.12625","4.48000","4.74875","4.95625","5.12375","5.42750"
"17.06.2008","Tue","4.03375","4.13500","4.48063","4.74813","4.95875","5.12500","5.43375"
"16.06.2008","Mon","4.03625","4.13000","4.47125","4.74813","4.95813","5.12500","5.43500"
"13.06.2008","Fri","4.03250","4.12563","4.46875","4.74750","4.95688","5.12938","5.43625"
"12.06.2008","Thu","4.03875","4.14063","4.47188","4.74688","4.95500","5.12125","5.42125"
"11.06.2008","Wed","4.04625","4.14500","4.47125","4.74500","4.95500","5.11938","5.41688"
"10.06.2008","Tue","4.10750","4.17938","4.47125","4.74688","4.95938","5.12063","5.43500"
"09.06.2008","Mon","3.98125","4.17188","4.47375","4.74813","4.96125","5.12000","5.43625"
"06.06.2008","Fri","3.98375","4.15750","4.47625","4.75250","4.96000","5.11250","5.42000"
"05.06.2008","Thu","4.00250","4.16688","4.45625","4.68688","4.86438","4.93938","5.12688"
"04.06.2008","Wed","4.01125","4.17875","4.45938","4.68688","4.86188","4.93688","5.10625"
"03.06.2008","Tue","4.05000","4.20438","4.46500","4.68688","4.86281","4.92938","5.09938"
"02.06.2008","Mon","4.05375","4.21000","4.46219","4.68688","4.86406","4.92875","5.09625"
"30.05.2008","Fri","4.15375","4.21188","4.46000","4.68563","4.86000","4.92688","5.09125"
"29.05.2008","Thu","4.12625","4.21563","4.46188","4.68438","4.85750","4.92375","5.05750"
"28.05.2008","Wed","4.08125","4.22563","4.37125","4.67875","4.85625","4.92563","5.05438"
"27.05.2008","Tue","4.06125","4.22688","4.37313","4.67750","4.85750","4.92438","5.04688"
"26.05.2008","Mon","4.04500","4.22063","4.37375","4.67750","4.85500","4.92313","5.03938"
"23.05.2008","Fri","4.00875","4.21813","4.37438","4.67938","4.85563","4.91688","5.02438"
"22.05.2008","Thu","4.01000","4.21500","4.37438","4.67875","4.85500","4.90875","4.99688"
"21.05.2008","Wed","3.99000","4.18438","4.37313","4.67750","4.85375","4.90375","4.99750"
"20.05.2008","Tue","3.99875","4.19125","4.37563","4.67813","4.85375","4.89688","4.98563"
"19.05.2008","Mon","4.00625","4.18813","4.37188","4.67750","4.85750","4.89750","4.98250"
"16.05.2008","Fri","4.00625","4.19000","4.37063","4.67500","4.85500","4.89625","4.98250"
"15.05.2008","Thu","4.01375","4.19813","4.37688","4.67813","4.85750","4.89813","4.98500"
"14.05.2008","Wed","4.02625","4.21375","4.38313","4.67688","4.85625","4.88813","4.97000"
"13.05.2008","Tue","4.02125","4.22625","4.38313","4.67500","4.85188","4.87750","4.95063"
"12.05.2008","Mon","3.72750","4.20063","4.38125","4.67438","4.85250","4.87688","4.94938"
"09.05.2008","Fri","3.84000","4.21375","4.38313","4.67625","4.85375","4.87313","4.94500"
"08.05.2008","Thu","4.03125","4.23375","4.38438","4.67813","4.85313","4.87750","4.95625"
"07.05.2008","Wed","4.06125","4.25188","4.38313","4.67875","4.85375","4.87813","4.95688"
"06.05.2008","Tue","4.07750","4.26250","4.38625","4.68000","4.85563","4.88188","4.95750"
"05.05.2008","Mon","4.08000","4.27000","4.38563","4.68000","4.85750","4.88000","4.95688"
"02.05.2008","Fri","4.08250","4.26563","4.38625","4.68438","4.85625","4.88313","4.95250"
"01.05.2008","Thu","4.23750","4.26625","4.38813","4.68375","4.85375","4.88500","4.95875"