,,,,,,,,,,
Date,MOM Inflation,Wage Growth,EURUSD,euro zoneGDP Growth Rate,Portugal Income Tax annual rate,Portugal Bank Lending Rate,Portugal Personal Savings,Portugal Wages,Portugal Unemployment Rate,Portugal Sales Tax
2008-01-01,-0.1,5.80,1.4589,0.6,42,7.56,7.3,1033.84,7.80,20
2008-01-02,-0.1,5.80,1.4727,0.6,42,7.56,7.3,1033.84,7.80,20
2008-01-03,-0.1,5.80,1.4748,0.6,42,7.56,7.3,1033.84,7.80,20
2008-01-04,-0.1,5.80,1.4745,0.6,42,7.56,7.3,1033.84,7.80,20
2008-01-07,-0.1,5.80,1.4689,0.6,42,7.56,7.3,1033.84,7.80,20
2008-01-08,-0.1,5.80,1.4708,0.6,42,7.56,7.3,1033.84,7.80,20
2008-01-09,-0.1,5.80,1.4661,0.6,42,7.56,7.3,1033.84,7.80,20
2008-01-10,-0.1,5.80,1.4807,0.6,42,7.56,7.3,1033.84,7.80,20
2008-01-11,-0.1,5.80,1.4777,0.6,42,7.56,7.3,1033.84,7.80,20
2008-01-14,-0.1,5.80,1.4868,0.6,42,7.56,7.3,1033.84,7.80,20
2008-01-15,-0.1,5.80,1.4808,0.6,42,7.56,7.3,1033.84,7.80,20
2008-01-16,-0.1,5.80,1.4659,0.6,42,7.56,7.3,1033.84,7.80,20
2008-01-17,-0.1,5.80,1.4659,0.6,42,7.56,7.3,1033.84,7.80,20
2008-01-18,-0.1,5.80,1.4611,0.6,42,7.56,7.3,1033.84,7.80,20
2008-01-21,-0.1,5.80,1.4446,0.6,42,7.56,7.3,1033.84,7.80,20
2008-01-22,-0.1,5.80,1.4627,0.6,42,7.56,7.3,1033.84,7.80,20
2008-01-23,-0.1,5.80,1.4638,0.6,42,7.56,7.3,1033.84,7.80,20
2008-01-24,-0.1,5.80,1.4768,0.6,42,7.56,7.3,1033.84,7.80,20
2008-01-25,-0.1,5.80,1.4672,0.6,42,7.56,7.3,1033.84,7.80,20
2008-01-28,-0.1,5.80,1.4786,0.6,42,7.56,7.3,1033.84,7.80,20
2008-01-29,-0.1,5.80,1.4777,0.6,42,7.56,7.3,1033.84,7.80,20
2008-01-30,-0.1,5.80,1.488,0.6,42,7.56,7.3,1033.84,7.80,20
2008-01-31,-0.1,5.80,1.4866,0.6,42,7.56,7.3,1033.84,7.80,20
2008-02-01,0,1.30,1.48,0.6,42,7.25,7.3,1033.84,7.80,20
2008-02-04,0,1.30,1.4827,0.6,42,7.25,7.3,1033.84,7.80,20
2008-02-05,0,1.30,1.4639,0.6,42,7.25,7.3,1033.84,7.80,20
2008-02-06,0,1.30,1.4622,0.6,42,7.25,7.3,1033.84,7.80,20
2008-02-07,0,1.30,1.4485,0.6,42,7.25,7.3,1033.84,7.80,20
2008-02-08,0,1.30,1.451,0.6,42,7.25,7.3,1033.84,7.80,20
2008-02-11,0,1.30,1.4526,0.6,42,7.25,7.3,1033.84,7.80,20
2008-02-12,0,1.30,1.4583,0.6,42,7.25,7.3,1033.84,7.80,20
2008-02-13,0,1.30,1.457,0.6,42,7.25,7.3,1033.84,7.80,20
2008-02-14,0,1.30,1.4638,0.6,42,7.25,7.3,1033.84,7.80,20
2008-02-15,0,1.30,1.468,0.6,42,7.25,7.3,1033.84,7.80,20
2008-02-18,0,1.30,1.4659,0.6,42,7.25,7.3,1033.84,7.80,20
2008-02-19,0,1.30,1.4727,0.6,42,7.25,7.3,1033.84,7.80,20
2008-02-20,0,1.30,1.4713,0.6,42,7.25,7.3,1033.84,7.80,20
2008-02-21,0,1.30,1.4813,0.6,42,7.25,7.3,1033.84,7.80,20
2008-02-22,0,1.30,1.4832,0.6,42,7.25,7.3,1033.84,7.80,20
2008-02-25,0,1.30,1.4829,0.6,42,7.25,7.3,1033.84,7.80,20
2008-02-26,0,1.30,1.4975,0.6,42,7.25,7.3,1033.84,7.80,20
2008-02-27,0,1.30,1.5123,0.6,42,7.25,7.3,1033.84,7.80,20
2008-02-28,0,1.30,1.5223,0.6,42,7.25,7.3,1033.84,7.80,20
2008-02-29,0,1.30,1.5181,0.6,42,7.25,7.3,1033.84,7.80,20
2008-03-03,1.5,4.30,1.5208,0.6,42,7.27,7.3,1033.84,7.80,20
2008-03-04,1.5,4.30,1.521,0.6,42,7.27,7.3,1033.84,7.80,20
2008-03-05,1.5,4.30,1.5271,0.6,42,7.27,7.3,1033.84,7.80,20
2008-03-06,1.5,4.30,1.5389,0.6,42,7.27,7.3,1033.84,7.80,20
2008-03-07,1.5,4.30,1.5351,0.6,42,7.27,7.3,1033.84,7.80,20
2008-03-10,1.5,4.30,1.5341,0.6,42,7.27,7.3,1033.84,7.80,20
2008-03-11,1.5,4.30,1.5333,0.6,42,7.27,7.3,1033.84,7.80,20
2008-03-12,1.5,4.30,1.5571,0.6,42,7.27,7.3,1033.84,7.80,20
2008-03-13,1.5,4.30,1.564,0.6,42,7.27,7.3,1033.84,7.80,20
2008-03-14,1.5,4.30,1.5675,0.6,42,7.27,7.3,1033.84,7.80,20
2008-03-17,1.5,4.30,1.5729,0.6,42,7.27,7.3,1033.84,7.80,20
2008-03-18,1.5,4.30,1.5626,0.6,42,7.27,7.3,1033.84,7.80,20
2008-03-19,1.5,4.30,1.5633,0.6,42,7.27,7.3,1033.84,7.80,20
2008-03-20,1.5,4.30,1.5434,0.6,42,7.27,7.3,1033.84,7.80,20
2008-03-21,1.5,4.30,1.5432,0.6,42,7.27,7.3,1033.84,7.80,20
2008-03-24,1.5,4.30,1.5432,0.6,42,7.27,7.3,1033.84,7.80,20
2008-03-25,1.5,4.30,1.5629,0.6,42,7.27,7.3,1033.84,7.80,20
2008-03-26,1.5,4.30,1.5845,0.6,42,7.27,7.3,1033.84,7.80,20
2008-03-27,1.5,4.30,1.5781,0.6,42,7.27,7.3,1033.84,7.80,20
2008-03-28,1.5,4.30,1.5802,0.6,42,7.27,7.3,1033.84,7.80,20
2008-03-31,1.5,4.30,1.5774,0.5,42,7.27,7.3,1033.84,7.80,20
2008-04-01,0.3,-2.70,1.561,0.5,42,7.53,6.3,1033.84,7.6,20
2008-04-02,0.3,-2.70,1.5688,0.5,42,7.53,6.3,1033.84,7.6,20
2008-04-03,0.3,-2.70,1.568,0.5,42,7.53,6.3,1033.84,7.6,20
2008-04-04,0.3,-2.70,1.5737,0.5,42,7.53,6.3,1033.84,7.6,20
2008-04-07,0.3,-2.70,1.5703,0.5,42,7.53,6.3,1033.84,7.6,20
2008-04-08,0.3,-2.70,1.5701,0.5,42,7.53,6.3,1033.84,7.6,20
2008-04-09,0.3,-2.70,1.5832,0.5,42,7.53,6.3,1033.84,7.6,20
2008-04-10,0.3,-2.70,1.5743,0.5,42,7.53,6.3,1033.84,7.6,20
2008-04-11,0.3,-2.70,1.5807,0.5,42,7.53,6.3,1033.84,7.6,20
2008-04-14,0.3,-2.70,1.5845,0.5,42,7.53,6.3,1033.84,7.6,20
2008-04-15,0.3,-2.70,1.5792,0.5,42,7.53,6.3,1033.84,7.6,20
2008-04-16,0.3,-2.70,1.595,0.5,42,7.53,6.3,1033.84,7.6,20
2008-04-17,0.3,-2.70,1.5896,0.5,42,7.53,6.3,1033.84,7.6,20
2008-04-18,0.3,-2.70,1.5815,0.5,42,7.53,6.3,1033.84,7.6,20
2008-04-21,0.3,-2.70,1.5906,0.5,42,7.53,6.3,1033.84,7.6,20
2008-04-22,0.3,-2.70,1.5988,0.5,42,7.53,6.3,1033.84,7.6,20
2008-04-23,0.3,-2.70,1.5888,0.5,42,7.53,6.3,1033.84,7.6,20
2008-04-24,0.3,-2.70,1.5683,0.5,42,7.53,6.3,1033.84,7.6,20
2008-04-25,0.3,-2.70,1.5625,0.5,42,7.53,6.3,1033.84,7.6,20
2008-04-28,0.3,-2.70,1.566,0.5,42,7.53,6.3,1033.84,7.6,20
2008-04-29,0.3,-2.70,1.5569,0.5,42,7.53,6.3,1033.84,7.6,20
2008-04-30,0.3,-2.70,1.5617,0.5,42,7.53,6.3,1063.38,7.6,20
2008-05-01,0.4,7.20,1.547,0.5,42,7.66,6.3,1063.38,7.6,20
2008-05-02,0.4,7.20,1.5429,0.5,42,7.66,6.3,1063.38,7.6,20
2008-05-05,0.4,7.20,1.5492,0.5,42,7.66,6.3,1063.38,7.6,20
2008-05-06,0.4,7.20,1.5531,0.5,42,7.66,6.3,1063.38,7.6,20
2008-05-07,0.4,7.20,1.5391,0.5,42,7.66,6.3,1063.38,7.6,20
2008-05-08,0.4,7.20,1.5407,0.5,42,7.66,6.3,1063.38,7.6,20
2008-05-09,0.4,7.20,1.5483,0.5,42,7.66,6.3,1063.38,7.6,20
2008-05-12,0.4,7.20,1.5547,0.5,42,7.66,6.3,1063.38,7.6,20
2008-05-13,0.4,7.20,1.546,0.5,42,7.66,6.3,1063.38,7.6,20
2008-05-14,0.4,7.20,1.5476,0.5,42,7.66,6.3,1063.38,7.6,20
2008-05-15,0.4,7.20,1.5444,0.5,42,7.66,6.3,1063.38,7.6,20
2008-05-16,0.4,7.20,1.5577,0.5,42,7.66,6.3,1063.38,7.6,20
2008-05-19,0.4,7.20,1.5518,0.5,42,7.66,6.3,1063.38,7.6,20
2008-05-20,0.4,7.20,1.5657,0.5,42,7.66,6.3,1063.38,7.6,20
2008-05-21,0.4,7.20,1.5789,0.5,42,7.66,6.3,1063.38,7.6,20
2008-05-22,0.4,7.20,1.573,0.5,42,7.66,6.3,1063.38,7.6,20
2008-05-23,0.4,7.20,1.5766,0.5,42,7.66,6.3,1063.38,7.6,20
2008-05-26,0.4,7.20,1.5776,0.5,42,7.66,6.3,1063.38,7.6,20
2008-05-27,0.4,7.20,1.5685,0.5,42,7.66,6.3,1063.38,7.6,20
2008-05-28,0.4,7.20,1.5638,0.5,42,7.66,6.3,1063.38,7.6,20
2008-05-29,0.4,7.20,1.5516,0.5,42,7.66,6.3,1063.38,7.6,20
2008-05-30,0.4,7.20,1.5554,0.5,42,7.66,6.3,1063.38,7.6,20
2008-06-02,0.5,-1.80,1.5544,0.5,42,7.68,6.3,1063.38,7.6,20
2008-06-03,0.5,-1.80,1.5446,0.5,42,7.68,6.3,1063.38,7.6,20
2008-06-04,0.5,-1.80,1.5433,0.5,42,7.68,6.3,1063.38,7.6,20
2008-06-05,0.5,-1.80,1.5586,0.5,42,7.68,6.3,1063.38,7.6,20
2008-06-06,0.5,-1.80,1.5777,0.5,42,7.68,6.3,1063.38,7.6,20
2008-06-09,0.5,-1.80,1.5644,0.5,42,7.68,6.3,1063.38,7.6,20
2008-06-10,0.5,-1.80,1.5463,0.5,42,7.68,6.3,1063.38,7.6,20
2008-06-11,0.5,-1.80,1.5554,0.5,42,7.68,6.3,1063.38,7.6,20
2008-06-12,0.5,-1.80,1.5447,0.5,42,7.68,6.3,1063.38,7.6,20
2008-06-13,0.5,-1.80,1.538,0.5,42,7.68,6.3,1063.38,7.6,20
2008-06-16,0.5,-1.80,1.5467,0.5,42,7.68,6.3,1063.38,7.6,20
2008-06-17,0.5,-1.80,1.5509,0.5,42,7.68,6.3,1063.38,7.6,20
2008-06-18,0.5,-1.80,1.5534,0.5,42,7.68,6.3,1063.38,7.6,20
2008-06-19,0.5,-1.80,1.5501,0.5,42,7.68,6.3,1063.38,7.6,20
2008-06-20,0.5,-1.80,1.5605,0.5,42,7.68,6.3,1063.38,7.6,20
2008-06-23,0.5,-1.80,1.5524,0.5,42,7.68,6.3,1063.38,7.6,20
2008-06-24,0.5,-1.80,1.5566,0.5,42,7.68,6.3,1063.38,7.6,20
2008-06-25,0.5,-1.80,1.5671,0.5,42,7.68,6.3,1063.38,7.6,20
2008-06-26,0.5,-1.80,1.5755,0.5,42,7.68,6.3,1063.38,7.6,20
2008-06-27,0.5,-1.80,1.5795,0.5,42,7.68,6.3,1063.38,7.6,20
2008-06-30,0.5,-1.80,1.5756,-0.3,42,7.68,5.1,1063.38,7.6,20
2008-07-01,-0.6,1.20,1.579,-0.3,42,7.78,5.1,1063.38,7.2,20
2008-07-02,-0.6,1.20,1.588,-0.3,42,7.78,5.1,1063.38,7.2,20
2008-07-03,-0.6,1.20,1.5698,-0.3,42,7.78,5.1,1063.38,7.2,20
2008-07-04,-0.6,1.20,1.5706,-0.3,42,7.78,5.1,1063.38,7.2,20
2008-07-07,-0.6,1.20,1.5722,-0.3,42,7.78,5.1,1063.38,7.2,20
2008-07-08,-0.6,1.20,1.5672,-0.3,42,7.78,5.1,1063.38,7.2,20
2008-07-09,-0.6,1.20,1.5742,-0.3,42,7.78,5.1,1063.38,7.2,20
2008-07-10,-0.6,1.20,1.5785,-0.3,42,7.78,5.1,1063.38,7.2,20
2008-07-11,-0.6,1.20,1.5942,-0.3,42,7.78,5.1,1063.38,7.2,20
2008-07-14,-0.6,1.20,1.5905,-0.3,42,7.78,5.1,1063.38,7.2,20
2008-07-15,-0.6,1.20,1.5919,-0.3,42,7.78,5.1,1063.38,7.2,20
2008-07-16,-0.6,1.20,1.5824,-0.3,42,7.78,5.1,1063.38,7.2,20
2008-07-17,-0.6,1.20,1.5863,-0.3,42,7.78,5.1,1063.38,7.2,20
2008-07-18,-0.6,1.20,1.5848,-0.3,42,7.78,5.1,1063.38,7.2,20
2008-07-21,-0.6,1.20,1.593,-0.3,42,7.78,5.1,1063.38,7.2,20
2008-07-22,-0.6,1.20,1.5784,-0.3,42,7.78,5.1,1063.38,7.2,20
2008-07-23,-0.6,1.20,1.5688,-0.3,42,7.78,5.1,1063.38,7.2,20
2008-07-24,-0.6,1.20,1.5676,-0.3,42,7.78,5.1,1063.38,7.2,20
2008-07-25,-0.6,1.20,1.571,-0.3,42,7.78,5.1,1063.38,7.2,20
2008-07-28,-0.6,1.20,1.5746,-0.3,42,7.78,5.1,1063.38,7.2,20
2008-07-29,-0.6,1.20,1.5589,-0.3,42,7.78,5.1,1063.38,7.2,20
2008-07-30,-0.6,1.20,1.5577,-0.3,42,7.78,5.1,1063.38,7.2,20
2008-07-31,-0.6,1.20,1.5601,-0.3,42,7.78,5.1,1063.38,7.2,20
2008-08-01,-0.5,3.70,1.5566,-0.3,42,7.93,5.1,1063.38,7.2,20
2008-08-04,-0.5,3.70,1.5577,-0.3,42,7.93,5.1,1063.38,7.2,20
2008-08-05,-0.5,3.70,1.5458,-0.3,42,7.93,5.1,1063.38,7.2,20
2008-08-06,-0.5,3.70,1.5414,-0.3,42,7.93,5.1,1063.38,7.2,20
2008-08-07,-0.5,3.70,1.5322,-0.3,42,7.93,5.1,1063.38,7.2,20
2008-08-08,-0.5,3.70,1.5006,-0.3,42,7.93,5.1,1063.38,7.2,20
2008-08-11,-0.5,3.70,1.4905,-0.3,42,7.93,5.1,1063.38,7.2,20
2008-08-12,-0.5,3.70,1.492,-0.3,42,7.93,5.1,1063.38,7.2,20
2008-08-13,-0.5,3.70,1.4924,-0.3,42,7.93,5.1,1063.38,7.2,20
2008-08-14,-0.5,3.70,1.4808,-0.3,42,7.93,5.1,1063.38,7.2,20
2008-08-15,-0.5,3.70,1.4689,-0.3,42,7.93,5.1,1063.38,7.2,20
2008-08-18,-0.5,3.70,1.4696,-0.3,42,7.93,5.1,1063.38,7.2,20
2008-08-19,-0.5,3.70,1.4789,-0.3,42,7.93,5.1,1063.38,7.2,20
2008-08-20,-0.5,3.70,1.4744,-0.3,42,7.93,5.1,1063.38,7.2,20
2008-08-21,-0.5,3.70,1.4907,-0.3,42,7.93,5.1,1063.38,7.2,20
2008-08-22,-0.5,3.70,1.4793,-0.3,42,7.93,5.1,1063.38,7.2,20
2008-08-25,-0.5,3.70,1.4751,-0.3,42,7.93,5.1,1063.38,7.2,20
2008-08-26,-0.5,3.70,1.465,-0.3,42,7.93,5.1,1063.38,7.2,20
2008-08-27,-0.5,3.70,1.4722,-0.3,42,7.93,5.1,1063.38,7.2,20
2008-08-28,-0.5,3.70,1.4699,-0.3,42,7.93,5.1,1063.38,7.2,20
2008-08-29,-0.5,3.70,1.4674,-0.3,42,7.93,5.1,1063.38,7.2,20
2008-09-01,0.5,-1.10,1.4606,-0.3,42,7.83,5.1,1063.38,7.2,20
2008-09-02,0.5,-1.10,1.4517,-0.3,42,7.83,5.1,1063.38,7.2,20
2008-09-03,0.5,-1.10,1.4489,-0.3,42,7.83,5.1,1063.38,7.2,20
2008-09-04,0.5,-1.10,1.4251,-0.3,42,7.83,5.1,1063.38,7.2,20
2008-09-05,0.5,-1.10,1.4269,-0.3,42,7.83,5.1,1063.38,7.2,20
2008-09-08,0.5,-1.10,1.4127,-0.3,42,7.83,5.1,1063.38,7.2,20
2008-09-09,0.5,-1.10,1.4137,-0.3,42,7.83,5.1,1063.38,7.2,20
2008-09-10,0.5,-1.10,1.3986,-0.3,42,7.83,5.1,1063.38,7.2,20
2008-09-11,0.5,-1.10,1.403,-0.3,42,7.83,5.1,1063.38,7.2,20
2008-09-12,0.5,-1.10,1.4228,-0.3,42,7.83,5.1,1063.38,7.2,20
2008-09-15,0.5,-1.10,1.4266,-0.3,42,7.83,5.1,1063.38,7.2,20
2008-09-16,0.5,-1.10,1.4121,-0.3,42,7.83,5.1,1063.38,7.2,20
2008-09-17,0.5,-1.10,1.4305,-0.3,42,7.83,5.1,1063.38,7.2,20
2008-09-18,0.5,-1.10,1.4339,-0.3,42,7.83,5.1,1063.38,7.2,20
2008-09-19,0.5,-1.10,1.4466,-0.3,42,7.83,5.1,1063.38,7.2,20
2008-09-22,0.5,-1.10,1.4786,-0.3,42,7.83,5.1,1063.38,7.2,20
2008-09-23,0.5,-1.10,1.4645,-0.3,42,7.83,5.1,1063.38,7.2,20
2008-09-24,0.5,-1.10,1.4613,-0.3,42,7.83,5.1,1063.38,7.2,20
2008-09-25,0.5,-1.10,1.4622,-0.3,42,7.83,5.1,1063.38,7.2,20
2008-09-26,0.5,-1.10,1.4615,-0.3,42,7.83,5.1,1063.38,7.2,20
2008-09-29,0.5,-1.10,1.4418,-0.3,42,7.83,5.1,1063.38,7.2,20
2008-09-30,0.5,-1.10,1.4104,-0.5,42,7.83,5.7,1063.38,7.2,20
2008-10-01,-0.2,6.00,1.4021,-0.5,42,8.08,5.7,1063.38,7.6,20
2008-10-02,-0.2,6.00,1.3818,-0.5,42,8.08,5.7,1063.38,7.6,20
2008-10-03,-0.2,6.00,1.3771,-0.5,42,8.08,5.7,1063.38,7.6,20
2008-10-06,-0.2,6.00,1.349,-0.5,42,8.08,5.7,1063.38,7.6,20
2008-10-07,-0.2,6.00,1.3619,-0.5,42,8.08,5.7,1063.38,7.6,20
2008-10-08,-0.2,6.00,1.363,-0.5,42,8.08,5.7,1063.38,7.6,20
2008-10-09,-0.2,6.00,1.3597,-0.5,42,8.08,5.7,1063.38,7.6,20
2008-10-10,-0.2,6.00,1.3414,-0.5,42,8.08,5.7,1063.38,7.6,20
2008-10-13,-0.2,6.00,1.3593,-0.5,42,8.08,5.7,1063.38,7.6,20
2008-10-14,-0.2,6.00,1.3624,-0.5,42,8.08,5.7,1063.38,7.6,20
2008-10-15,-0.2,6.00,1.346,-0.5,42,8.08,5.7,1063.38,7.6,20
2008-10-16,-0.2,6.00,1.3487,-0.5,42,8.08,5.7,1063.38,7.6,20
2008-10-17,-0.2,6.00,1.3409,-0.5,42,8.08,5.7,1063.38,7.6,20
2008-10-20,-0.2,6.00,1.3344,-0.5,42,8.08,5.7,1063.38,7.6,20
2008-10-21,-0.2,6.00,1.3059,-0.5,42,8.08,5.7,1063.38,7.6,20
2008-10-22,-0.2,6.00,1.2854,-0.5,42,8.08,5.7,1063.38,7.6,20
2008-10-23,-0.2,6.00,1.298,-0.5,42,8.08,5.7,1063.38,7.6,20
2008-10-24,-0.2,6.00,1.2624,-0.5,42,8.08,5.7,1063.38,7.6,20
2008-10-27,-0.2,6.00,1.2467,-0.5,42,8.08,5.7,1063.38,7.6,20
2008-10-28,-0.2,6.00,1.2715,-0.5,42,8.08,5.7,1063.38,7.6,20
2008-10-29,-0.2,6.00,1.2963,-0.5,42,8.08,5.7,1063.38,7.6,20
2008-10-30,-0.2,6.00,1.2908,-0.5,42,8.08,5.7,1063.38,7.6,20
2008-10-31,-0.2,6.00,1.2733,-0.5,42,8.08,5.7,1063.38,7.6,20
2008-11-03,-0.6,3.50,1.2643,-0.5,42,7.97,5.7,1071.63,7.6,20
2008-11-04,-0.6,3.50,1.3034,-0.5,42,7.97,5.7,1071.63,7.6,20
2008-11-05,-0.6,3.50,1.2952,-0.5,42,7.97,5.7,1071.63,7.6,20
2008-11-06,-0.6,3.50,1.2702,-0.5,42,7.97,5.7,1071.63,7.6,20
2008-11-07,-0.6,3.50,1.2739,-0.5,42,7.97,5.7,1071.63,7.6,20
2008-11-10,-0.6,3.50,1.2733,-0.5,42,7.97,5.7,1071.63,7.6,20
2008-11-11,-0.6,3.50,1.2519,-0.5,42,7.97,5.7,1071.63,7.6,20
2008-11-12,-0.6,3.50,1.2472,-0.5,42,7.97,5.7,1071.63,7.6,20
2008-11-13,-0.6,3.50,1.283,-0.5,42,7.97,5.7,1071.63,7.6,20
2008-11-14,-0.6,3.50,1.2634,-0.5,42,7.97,5.7,1071.63,7.6,20
2008-11-17,-0.6,3.50,1.2647,-0.5,42,7.97,5.7,1071.63,7.6,20
2008-11-18,-0.6,3.50,1.2622,-0.5,42,7.97,5.7,1071.63,7.6,20
2008-11-19,-0.6,3.50,1.2523,-0.5,42,7.97,5.7,1071.63,7.6,20
2008-11-20,-0.6,3.50,1.2458,-0.5,42,7.97,5.7,1071.63,7.6,20
2008-11-21,-0.6,3.50,1.2581,-0.5,42,7.97,5.7,1071.63,7.6,20
2008-11-24,-0.6,3.50,1.2914,-0.5,42,7.97,5.7,1071.63,7.6,20
2008-11-25,-0.6,3.50,1.3058,-0.5,42,7.97,5.7,1071.63,7.6,20
2008-11-26,-0.6,3.50,1.2893,-0.5,42,7.97,5.7,1071.63,7.6,20
2008-11-27,-0.6,3.50,1.2893,-0.5,42,7.97,5.7,1071.63,7.6,20
2008-11-28,-0.6,3.50,1.2698,-0.5,42,7.97,5.7,1071.63,7.6,20
2008-12-01,-0.5,-0.70,1.2626,-0.5,42,7.26,5.7,1071.63,7.6,20
2008-12-02,-0.5,-0.70,1.2715,-0.5,42,7.26,5.7,1071.63,7.6,20
2008-12-03,-0.5,-0.70,1.2715,-0.5,42,7.26,5.7,1071.63,7.6,20
2008-12-04,-0.5,-0.70,1.2771,-0.5,42,7.26,5.7,1071.63,7.6,20
2008-12-05,-0.5,-0.70,1.2736,-0.5,42,7.26,5.7,1071.63,7.6,20
2008-12-08,-0.5,-0.70,1.2937,-0.5,42,7.26,5.7,1071.63,7.6,20
2008-12-09,-0.5,-0.70,1.2913,-0.5,42,7.26,5.7,1071.63,7.6,20
2008-12-10,-0.5,-0.70,1.3018,-0.5,42,7.26,5.7,1071.63,7.6,20
2008-12-11,-0.5,-0.70,1.3359,-0.5,42,7.26,5.7,1071.63,7.6,20
2008-12-12,-0.5,-0.70,1.3373,-0.5,42,7.26,5.7,1071.63,7.6,20
2008-12-15,-0.5,-0.70,1.3712,-0.5,42,7.26,5.7,1071.63,7.6,20
2008-12-16,-0.5,-0.70,1.41,-0.5,42,7.26,5.7,1071.63,7.6,20
2008-12-17,-0.5,-0.70,1.4403,-0.5,42,7.26,5.7,1071.63,7.6,20
2008-12-18,-0.5,-0.70,1.4211,-0.5,42,7.26,5.7,1071.63,7.6,20
2008-12-19,-0.5,-0.70,1.3919,-0.5,42,7.26,5.7,1071.63,7.6,20
2008-12-22,-0.5,-0.70,1.3945,-0.5,42,7.26,5.7,1071.63,7.6,20
2008-12-23,-0.5,-0.70,1.3963,-0.5,42,7.26,5.7,1071.63,7.6,20
2008-12-24,-0.5,-0.70,1.4004,-0.5,42,7.26,5.7,1071.63,7.6,20
2008-12-25,-0.5,-0.70,1.4015,-0.5,42,7.26,5.7,1071.63,7.6,20
2008-12-26,-0.5,-0.70,1.4063,-0.5,42,7.26,5.7,1071.63,7.6,20
2008-12-29,-0.5,-0.70,1.3977,-0.5,42,7.26,5.7,1071.63,7.6,20
2008-12-30,-0.5,-0.70,1.4072,-0.5,42,7.26,5.7,1071.63,7.6,20
2008-12-31,-0.5,-0.70,1.398,-0.5,42,7.26,7,1071.63,7.6,20
2009-01-01,-0.6,-0.60,1.399,-0.5,42,7.12,7,1071.63,7.8,20
2009-01-02,-0.6,-0.60,1.3879,-0.5,42,7.12,7,1071.63,7.8,20
2009-01-05,-0.6,-0.60,1.3605,-0.5,42,7.12,7,1071.63,7.8,20
2009-01-06,-0.6,-0.60,1.351,-0.5,42,7.12,7,1071.63,7.8,20
2009-01-07,-0.6,-0.60,1.3634,-0.5,42,7.12,7,1071.63,7.8,20
2009-01-08,-0.6,-0.60,1.3727,-0.5,42,7.12,7,1071.63,7.8,20
2009-01-09,-0.6,-0.60,1.344,-0.5,42,7.12,7,1071.63,7.8,20
2009-01-12,-0.6,-0.60,1.3371,-0.5,42,7.12,7,1071.63,7.8,20
2009-01-13,-0.6,-0.60,1.3196,-0.5,42,7.12,7,1071.63,7.8,20
2009-01-14,-0.6,-0.60,1.3162,-0.5,42,7.12,7,1071.63,7.8,20
2009-01-15,-0.6,-0.60,1.3154,-0.5,42,7.12,7,1071.63,7.8,20
2009-01-16,-0.6,-0.60,1.3304,-0.5,42,7.12,7,1071.63,7.8,20
2009-01-19,-0.6,-0.60,1.3112,-0.5,42,7.12,7,1071.63,7.8,20
2009-01-20,-0.6,-0.60,1.2889,-0.5,42,7.12,7,1071.63,7.8,20
2009-01-21,-0.6,-0.60,1.3041,-0.5,42,7.12,7,1071.63,7.8,20
2009-01-22,-0.6,-0.60,1.2986,-0.5,42,7.12,7,1071.63,7.8,20
2009-01-23,-0.6,-0.60,1.2992,-0.5,42,7.12,7,1071.63,7.8,20
2009-01-26,-0.6,-0.60,1.3166,-0.5,42,7.12,7,1071.63,7.8,20
2009-01-27,-0.6,-0.60,1.3178,-0.5,42,7.12,7,1071.63,7.8,20
2009-01-28,-0.6,-0.60,1.3138,-0.5,42,7.12,7,1071.63,7.8,20
2009-01-29,-0.6,-0.60,1.2959,-0.5,42,7.12,7,1071.63,7.8,20
2009-01-30,-0.6,-0.60,1.2782,-0.5,42,7.12,7,1071.63,7.8,20
2009-02-02,-0.1,-2.70,1.2851,-0.5,42,6.5,7,1071.63,7.8,20
2009-02-03,-0.1,-2.70,1.3037,-0.5,42,6.5,7,1071.63,7.8,20
2009-02-04,-0.1,-2.70,1.283,-0.5,42,6.5,7,1071.63,7.8,20
2009-02-05,-0.1,-2.70,1.2786,-0.5,42,6.5,7,1071.63,7.8,20
2009-02-06,-0.1,-2.70,1.2933,-0.5,42,6.5,7,1071.63,7.8,20
2009-02-09,-0.1,-2.70,1.301,-0.5,42,6.5,7,1071.63,7.8,20
2009-02-10,-0.1,-2.70,1.2898,-0.5,42,6.5,7,1071.63,7.8,20
2009-02-11,-0.1,-2.70,1.2896,-0.5,42,6.5,7,1071.63,7.8,20
2009-02-12,-0.1,-2.70,1.2864,-0.5,42,6.5,7,1071.63,7.8,20
2009-02-13,-0.1,-2.70,1.2862,-0.5,42,6.5,7,1071.63,7.8,20
2009-02-16,-0.1,-2.70,1.2778,-0.5,42,6.5,7,1071.63,7.8,20
2009-02-17,-0.1,-2.70,1.2591,-0.5,42,6.5,7,1071.63,7.8,20
2009-02-18,-0.1,-2.70,1.2539,-0.5,42,6.5,7,1071.63,7.8,20
2009-02-19,-0.1,-2.70,1.2663,-0.5,42,6.5,7,1071.63,7.8,20
2009-02-20,-0.1,-2.70,1.2843,-0.5,42,6.5,7,1071.63,7.8,20
2009-02-23,-0.1,-2.70,1.2708,-0.5,42,6.5,7,1071.63,7.8,20
2009-02-24,-0.1,-2.70,1.284,-0.5,42,6.5,7,1071.63,7.8,20
2009-02-25,-0.1,-2.70,1.271,-0.5,42,6.5,7,1071.63,7.8,20
2009-02-26,-0.1,-2.70,1.2731,-0.5,42,6.5,7,1071.63,7.8,20
2009-02-27,-0.1,-2.70,1.2669,-0.5,42,6.5,7,1071.63,7.8,20
2009-03-02,0.8,-2.60,1.2584,-0.5,42,6.16,7,1071.63,7.8,20
2009-03-03,0.8,-2.60,1.2567,-0.5,42,6.16,7,1071.63,7.8,20
2009-03-04,0.8,-2.60,1.2637,-0.5,42,6.16,7,1071.63,7.8,20
2009-03-05,0.8,-2.60,1.2561,-0.5,42,6.16,7,1071.63,7.8,20
2009-03-06,0.8,-2.60,1.2641,-0.5,42,6.16,7,1071.63,7.8,20
2009-03-09,0.8,-2.60,1.2611,-0.5,42,6.16,7,1071.63,7.8,20
2009-03-10,0.8,-2.60,1.2671,-0.5,42,6.16,7,1071.63,7.8,20
2009-03-11,0.8,-2.60,1.2829,-0.5,42,6.16,7,1071.63,7.8,20
2009-03-12,0.8,-2.60,1.2912,-0.5,42,6.16,7,1071.63,7.8,20
2009-03-13,0.8,-2.60,1.2925,-0.5,42,6.16,7,1071.63,7.8,20
2009-03-16,0.8,-2.60,1.2966,-0.5,42,6.16,7,1071.63,7.8,20
2009-03-17,0.8,-2.60,1.3013,-0.5,42,6.16,7,1071.63,7.8,20
2009-03-18,0.8,-2.60,1.3508,-0.5,42,6.16,7,1071.63,7.8,20
2009-03-19,0.8,-2.60,1.3666,-0.5,42,6.16,7,1071.63,7.8,20
2009-03-20,0.8,-2.60,1.3583,-0.5,42,6.16,7,1071.63,7.8,20
2009-03-23,0.8,-2.60,1.363,-0.5,42,6.16,7,1071.63,7.8,20
2009-03-24,0.8,-2.60,1.346,-0.5,42,6.16,7,1071.63,7.8,20
2009-03-25,0.8,-2.60,1.3586,-0.5,42,6.16,7,1071.63,7.8,20
2009-03-26,0.8,-2.60,1.3534,-0.5,42,6.16,7,1071.63,7.8,20
2009-03-27,0.8,-2.60,1.3301,-0.5,42,6.16,7,1071.63,7.8,20
2009-03-30,0.8,-2.60,1.3207,-0.5,42,6.16,7,1071.63,7.8,20
2009-03-31,0.8,-2.60,1.3251,-3.2,42,6.16,7.7,1071.63,7.8,20
2009-04-01,0.2,2.80,1.3232,-3.2,42,5.85,7.7,1071.63,8.8,20
2009-04-02,0.2,2.80,1.3463,-3.2,42,5.85,7.7,1071.63,8.8,20
2009-04-03,0.2,2.80,1.3483,-3.2,42,5.85,7.7,1071.63,8.8,20
2009-04-06,0.2,2.80,1.3407,-3.2,42,5.85,7.7,1071.63,8.8,20
2009-04-07,0.2,2.80,1.3268,-3.2,42,5.85,7.7,1071.63,8.8,20
2009-04-08,0.2,2.80,1.326,-3.2,42,5.85,7.7,1071.63,8.8,20
2009-04-09,0.2,2.80,1.3165,-3.2,42,5.85,7.7,1071.63,8.8,20
2009-04-10,0.2,2.80,1.3188,-3.2,42,5.85,7.7,1071.63,8.8,20
2009-04-13,0.2,2.80,1.3365,-3.2,42,5.85,7.7,1071.63,8.8,20
2009-04-14,0.2,2.80,1.3255,-3.2,42,5.85,7.7,1071.63,8.8,20
2009-04-15,0.2,2.80,1.322,-3.2,42,5.85,7.7,1071.63,8.8,20
2009-04-16,0.2,2.80,1.3179,-3.2,42,5.85,7.7,1071.63,8.8,20
2009-04-17,0.2,2.80,1.3041,-3.2,42,5.85,7.7,1071.63,8.8,20
2009-04-20,0.2,2.80,1.2916,-3.2,42,5.85,7.7,1071.63,8.8,20
2009-04-21,0.2,2.80,1.2935,-3.2,42,5.85,7.7,1071.63,8.8,20
2009-04-22,0.2,2.80,1.2999,-3.2,42,5.85,7.7,1071.63,8.8,20
2009-04-23,0.2,2.80,1.3147,-3.2,42,5.85,7.7,1071.63,8.8,20
2009-04-24,0.2,2.80,1.3255,-3.2,42,5.85,7.7,1071.63,8.8,20
2009-04-27,0.2,2.80,1.3019,-3.2,42,5.85,7.7,1071.63,8.8,20
2009-04-28,0.2,2.80,1.3146,-3.2,42,5.85,7.7,1071.63,8.8,20
2009-04-29,0.2,2.80,1.3266,-3.2,42,5.85,7.7,1071.63,8.8,20
2009-04-30,0.2,2.80,1.3226,-3.2,42,5.85,7.7,1071.63,8.8,20
2009-05-01,-0.2,-1.90,1.3266,-3.2,42,5.71,7.7,1093.38,8.8,20
2009-05-04,-0.2,-1.90,1.3405,-3.2,42,5.71,7.7,1093.38,8.8,20
2009-05-05,-0.2,-1.90,1.3323,-3.2,42,5.71,7.7,1093.38,8.8,20
2009-05-06,-0.2,-1.90,1.3319,-3.2,42,5.71,7.7,1093.38,8.8,20
2009-05-07,-0.2,-1.90,1.3399,-3.2,42,5.71,7.7,1093.38,8.8,20
2009-05-08,-0.2,-1.90,1.3647,-3.2,42,5.71,7.7,1093.38,8.8,20
2009-05-11,-0.2,-1.90,1.3575,-3.2,42,5.71,7.7,1093.38,8.8,20
2009-05-12,-0.2,-1.90,1.3644,-3.2,42,5.71,7.7,1093.38,8.8,20
2009-05-13,-0.2,-1.90,1.3599,-3.2,42,5.71,7.7,1093.38,8.8,20
2009-05-14,-0.2,-1.90,1.3634,-3.2,42,5.71,7.7,1093.38,8.8,20
2009-05-15,-0.2,-1.90,1.3496,-3.2,42,5.71,7.7,1093.38,8.8,20
2009-05-18,-0.2,-1.90,1.3557,-3.2,42,5.71,7.7,1093.38,8.8,20
2009-05-19,-0.2,-1.90,1.3625,-3.2,42,5.71,7.7,1093.38,8.8,20
2009-05-20,-0.2,-1.90,1.3771,-3.2,42,5.71,7.7,1093.38,8.8,20
2009-05-21,-0.2,-1.90,1.3893,-3.2,42,5.71,7.7,1093.38,8.8,20
2009-05-22,-0.2,-1.90,1.3994,-3.2,42,5.71,7.7,1093.38,8.8,20
2009-05-25,-0.2,-1.90,1.4009,-3.2,42,5.71,7.7,1093.38,8.8,20
2009-05-26,-0.2,-1.90,1.3991,-3.2,42,5.71,7.7,1093.38,8.8,20
2009-05-27,-0.2,-1.90,1.3836,-3.2,42,5.71,7.7,1093.38,8.8,20
2009-05-28,-0.2,-1.90,1.3937,-3.2,42,5.71,7.7,1093.38,8.8,20
2009-05-29,-0.2,-1.90,1.4154,-3.2,42,5.71,7.7,1093.38,8.8,20
2009-06-01,0.1,-2.10,1.4165,-3.2,42,5.68,7.7,1093.38,8.8,20
2009-06-02,0.1,-2.10,1.4305,-3.2,42,5.68,7.7,1093.38,8.8,20
2009-06-03,0.1,-2.10,1.4152,-3.2,42,5.68,7.7,1093.38,8.8,20
2009-06-04,0.1,-2.10,1.4188,-3.2,42,5.68,7.7,1093.38,8.8,20
2009-06-05,0.1,-2.10,1.3975,-3.2,42,5.68,7.7,1093.38,8.8,20
2009-06-08,0.1,-2.10,1.3898,-3.2,42,5.68,7.7,1093.38,8.8,20
2009-06-09,0.1,-2.10,1.4066,-3.2,42,5.68,7.7,1093.38,8.8,20
2009-06-10,0.1,-2.10,1.3967,-3.2,42,5.68,7.7,1093.38,8.8,20
2009-06-11,0.1,-2.10,1.4106,-3.2,42,5.68,7.7,1093.38,8.8,20
2009-06-12,0.1,-2.10,1.4024,-3.2,42,5.68,7.7,1093.38,8.8,20
2009-06-15,0.1,-2.10,1.3792,-3.2,42,5.68,7.7,1093.38,8.8,20
2009-06-16,0.1,-2.10,1.3836,-3.2,42,5.68,7.7,1093.38,8.8,20
2009-06-17,0.1,-2.10,1.3942,-3.2,42,5.68,7.7,1093.38,8.8,20
2009-06-18,0.1,-2.10,1.3906,-3.2,42,5.68,7.7,1093.38,8.8,20
2009-06-19,0.1,-2.10,1.3943,-3.2,42,5.68,7.7,1093.38,8.8,20
2009-06-22,0.1,-2.10,1.3862,-3.2,42,5.68,7.7,1093.38,8.8,20
2009-06-23,0.1,-2.10,1.4079,-3.2,42,5.68,7.7,1093.38,8.8,20
2009-06-24,0.1,-2.10,1.3926,-3.2,42,5.68,7.7,1093.38,8.8,20
2009-06-25,0.1,-2.10,1.3988,-3.2,42,5.68,7.7,1093.38,8.8,20
2009-06-26,0.1,-2.10,1.4053,-3.2,42,5.68,7.7,1093.38,8.8,20
2009-06-29,0.1,-2.10,1.4076,-3.2,42,5.68,7.7,1093.38,8.8,20
2009-06-30,0.1,-2.10,1.4036,0,42,5.68,9.5,1093.38,8.8,20
2009-07-01,-0.5,-1.80,1.4152,0,42,5.51,9.5,1093.38,9,20
2009-07-02,-0.5,-1.80,1.3941,0,42,5.51,9.5,1093.38,9,20
2009-07-03,-0.5,-1.80,1.3964,0,42,5.51,9.5,1093.38,9,20
2009-07-06,-0.5,-1.80,1.3975,0,42,5.51,9.5,1093.38,9,20
2009-07-07,-0.5,-1.80,1.3922,0,42,5.51,9.5,1093.38,9,20
2009-07-08,-0.5,-1.80,1.3877,0,42,5.51,9.5,1093.38,9,20
2009-07-09,-0.5,-1.80,1.4026,0,42,5.51,9.5,1093.38,9,20
2009-07-10,-0.5,-1.80,1.3933,0,42,5.51,9.5,1093.38,9,20
2009-07-13,-0.5,-1.80,1.3979,0,42,5.51,9.5,1093.38,9,20
2009-07-14,-0.5,-1.80,1.397,0,42,5.51,9.5,1093.38,9,20
2009-07-15,-0.5,-1.80,1.4106,0,42,5.51,9.5,1093.38,9,20
2009-07-16,-0.5,-1.80,1.4148,0,42,5.51,9.5,1093.38,9,20
2009-07-17,-0.5,-1.80,1.4099,0,42,5.51,9.5,1093.38,9,20
2009-07-20,-0.5,-1.80,1.4228,0,42,5.51,9.5,1093.38,9,20
2009-07-21,-0.5,-1.80,1.4213,0,42,5.51,9.5,1093.38,9,20
2009-07-22,-0.5,-1.80,1.4211,0,42,5.51,9.5,1093.38,9,20
2009-07-23,-0.5,-1.80,1.416,0,42,5.51,9.5,1093.38,9,20
2009-07-24,-0.5,-1.80,1.4205,0,42,5.51,9.5,1093.38,9,20
2009-07-27,-0.5,-1.80,1.4245,0,42,5.51,9.5,1093.38,9,20
2009-07-28,-0.5,-1.80,1.4177,0,42,5.51,9.5,1093.38,9,20
2009-07-29,-0.5,-1.80,1.4037,0,42,5.51,9.5,1093.38,9,20
2009-07-30,-0.5,-1.80,1.4074,0,42,5.51,9.5,1093.38,9,20
2009-07-31,-0.5,-1.80,1.425,0,42,5.51,9.5,1093.38,9,20
2009-08-03,-0.3,-2.70,1.4418,0,42,5.43,9.5,1093.38,9,20
2009-08-04,-0.3,-2.70,1.44,0,42,5.43,9.5,1093.38,9,20
2009-08-05,-0.3,-2.70,1.4412,0,42,5.43,9.5,1093.38,9,20
2009-08-06,-0.3,-2.70,1.4348,0,42,5.43,9.5,1093.38,9,20
2009-08-07,-0.3,-2.70,1.4188,0,42,5.43,9.5,1093.38,9,20
2009-08-10,-0.3,-2.70,1.4146,0,42,5.43,9.5,1093.38,9,20
2009-08-11,-0.3,-2.70,1.4146,0,42,5.43,9.5,1093.38,9,20
2009-08-12,-0.3,-2.70,1.4203,0,42,5.43,9.5,1093.38,9,20
2009-08-13,-0.3,-2.70,1.4289,0,42,5.43,9.5,1093.38,9,20
2009-08-14,-0.3,-2.70,1.4205,0,42,5.43,9.5,1093.38,9,20
2009-08-17,-0.3,-2.70,1.4078,0,42,5.43,9.5,1093.38,9,20
2009-08-18,-0.3,-2.70,1.4133,0,42,5.43,9.5,1093.38,9,20
2009-08-19,-0.3,-2.70,1.4236,0,42,5.43,9.5,1093.38,9,20
2009-08-20,-0.3,-2.70,1.425,0,42,5.43,9.5,1093.38,9,20
2009-08-21,-0.3,-2.70,1.4323,0,42,5.43,9.5,1093.38,9,20
2009-08-24,-0.3,-2.70,1.4303,0,42,5.43,9.5,1093.38,9,20
2009-08-25,-0.3,-2.70,1.4298,0,42,5.43,9.5,1093.38,9,20
2009-08-26,-0.3,-2.70,1.425,0,42,5.43,9.5,1093.38,9,20
2009-08-27,-0.3,-2.70,1.4351,0,42,5.43,9.5,1093.38,9,20
2009-08-28,-0.3,-2.70,1.4299,0,42,5.43,9.5,1093.38,9,20
2009-08-31,-0.3,-2.70,1.4331,0,42,5.43,9.5,1093.38,9,20
2009-09-01,0.2,-1.10,1.4221,0,42,5.28,9.5,1093.38,9,20
2009-09-02,0.2,-1.10,1.4264,0,42,5.28,9.5,1093.38,9,20
2009-09-03,0.2,-1.10,1.4254,0,42,5.28,9.5,1093.38,9,20
2009-09-04,0.2,-1.10,1.4293,0,42,5.28,9.5,1093.38,9,20
2009-09-07,0.2,-1.10,1.4335,0,42,5.28,9.5,1093.38,9,20
2009-09-08,0.2,-1.10,1.4485,0,42,5.28,9.5,1093.38,9,20
2009-09-09,0.2,-1.10,1.4561,0,42,5.28,9.5,1093.38,9,20
2009-09-10,0.2,-1.10,1.4579,0,42,5.28,9.5,1093.38,9,20
2009-09-11,0.2,-1.10,1.457,0,42,5.28,9.5,1093.38,9,20
2009-09-14,0.2,-1.10,1.4624,0,42,5.28,9.5,1093.38,9,20
2009-09-15,0.2,-1.10,1.4661,0,42,5.28,9.5,1093.38,9,20
2009-09-16,0.2,-1.10,1.4712,0,42,5.28,9.5,1093.38,9,20
2009-09-17,0.2,-1.10,1.4739,0,42,5.28,9.5,1093.38,9,20
2009-09-18,0.2,-1.10,1.471,0,42,5.28,9.5,1093.38,9,20
2009-09-21,0.2,-1.10,1.4675,0,42,5.28,9.5,1093.38,9,20
2009-09-22,0.2,-1.10,1.479,0,42,5.28,9.5,1093.38,9,20
2009-09-23,0.2,-1.10,1.4731,0,42,5.28,9.5,1093.38,9,20
2009-09-24,0.2,-1.10,1.4661,0,42,5.28,9.5,1093.38,9,20
2009-09-25,0.2,-1.10,1.4688,0,42,5.28,9.5,1093.38,9,20
2009-09-28,0.2,-1.10,1.4621,0,42,5.28,9.5,1093.38,9,20
2009-09-29,0.2,-1.10,1.4585,0,42,5.28,9.5,1093.38,9,20
2009-09-30,0.2,-1.10,1.4636,0.4,42,5.28,9.5,1093.38,9,20
2009-10-01,0.1,-2.90,1.4533,0.4,42,5.19,9.5,1093.38,9.8,20
2009-10-02,0.1,-2.90,1.4572,0.4,42,5.19,9.5,1093.38,9.8,20
2009-10-05,0.1,-2.90,1.465,0.4,42,5.19,9.5,1093.38,9.8,20
2009-10-06,0.1,-2.90,1.4718,0.4,42,5.19,9.5,1093.38,9.8,20
2009-10-07,0.1,-2.90,1.4688,0.4,42,5.19,9.5,1093.38,9.8,20
2009-10-08,0.1,-2.90,1.479,0.4,42,5.19,9.5,1093.38,9.8,20
2009-10-09,0.1,-2.90,1.473,0.4,42,5.19,9.5,1093.38,9.8,20
2009-10-12,0.1,-2.90,1.4773,0.4,42,5.19,9.5,1093.38,9.8,20
2009-10-13,0.1,-2.90,1.4859,0.4,42,5.19,9.5,1093.38,9.8,20
2009-10-14,0.1,-2.90,1.4926,0.4,42,5.19,9.5,1093.38,9.8,20
2009-10-15,0.1,-2.90,1.4945,0.4,42,5.19,9.5,1093.38,9.8,20
2009-10-16,0.1,-2.90,1.4906,0.4,42,5.19,9.5,1093.38,9.8,20
2009-10-19,0.1,-2.90,1.4964,0.4,42,5.19,9.5,1093.38,9.8,20
2009-10-20,0.1,-2.90,1.4939,0.4,42,5.19,9.5,1093.38,9.8,20
2009-10-21,0.1,-2.90,1.501,0.4,42,5.19,9.5,1093.38,9.8,20
2009-10-22,0.1,-2.90,1.5023,0.4,42,5.19,9.5,1093.38,9.8,20
2009-10-23,0.1,-2.90,1.5003,0.4,42,5.19,9.5,1093.38,9.8,20
2009-10-26,0.1,-2.90,1.487,0.4,42,5.19,9.5,1093.38,9.8,20
2009-10-27,0.1,-2.90,1.4809,0.4,42,5.19,9.5,1093.38,9.8,20
2009-10-28,0.1,-2.90,1.4712,0.4,42,5.19,9.5,1093.38,9.8,20
2009-10-29,0.1,-2.90,1.4834,0.4,42,5.19,9.5,1093.38,9.8,20
2009-10-30,0.1,-2.90,1.4718,0.4,42,5.19,9.5,1093.38,9.8,20
2009-11-02,0.2,-6.90,1.4769,0.4,42,5.19,9.5,1101.92,9.8,20
2009-11-03,0.2,-6.90,1.4715,0.4,42,5.08,9.5,1101.92,9.8,20
2009-11-04,0.2,-6.90,1.4878,0.4,42,5.08,9.5,1101.92,9.8,20
2009-11-05,0.2,-6.90,1.4881,0.4,42,5.08,9.5,1101.92,9.8,20
2009-11-06,0.2,-6.90,1.4849,0.4,42,5.08,9.5,1101.92,9.8,20
2009-11-09,0.2,-6.90,1.4994,0.4,42,5.08,9.5,1101.92,9.8,20
2009-11-10,0.2,-6.90,1.4983,0.4,42,5.08,9.5,1101.92,9.8,20
2009-11-11,0.2,-6.90,1.4983,0.4,42,5.08,9.5,1101.92,9.8,20
2009-11-12,0.2,-6.90,1.4843,0.4,42,5.08,9.5,1101.92,9.8,20
2009-11-13,0.2,-6.90,1.4917,0.4,42,5.08,9.5,1101.92,9.8,20
2009-11-16,0.2,-6.90,1.4973,0.4,42,5.08,9.5,1101.92,9.8,20
2009-11-17,0.2,-6.90,1.4867,0.4,42,5.08,9.5,1101.92,9.8,20
2009-11-18,0.2,-6.90,1.4965,0.4,42,5.08,9.5,1101.92,9.8,20
2009-11-19,0.2,-6.90,1.4918,0.4,42,5.08,9.5,1101.92,9.8,20
2009-11-20,0.2,-6.90,1.4861,0.4,42,5.08,9.5,1101.92,9.8,20
2009-11-23,0.2,-6.90,1.4966,0.4,42,5.08,9.5,1101.92,9.8,20
2009-11-24,0.2,-6.90,1.4961,0.4,42,5.08,9.5,1101.92,9.8,20
2009-11-25,0.2,-6.90,1.514,0.4,42,5.08,9.5,1101.92,9.8,20
2009-11-26,0.2,-6.90,1.5013,0.4,42,5.08,9.5,1101.92,9.8,20
2009-11-27,0.2,-6.90,1.4967,0.4,42,5.08,9.5,1101.92,9.8,20
2009-11-30,0.2,-6.90,1.5009,0.4,42,5.08,9.5,1101.92,9.8,20
2009-12-01,0.1,-1.90,1.5088,0.4,42,4.95,9.5,1101.92,9.8,20
2009-12-02,0.1,-1.90,1.5046,0.4,42,4.95,9.5,1101.92,9.8,20
2009-12-03,0.1,-1.90,1.507,0.4,42,4.95,9.5,1101.92,9.8,20
2009-12-04,0.1,-1.90,1.4851,0.4,42,4.95,9.5,1101.92,9.8,20
2009-12-07,0.1,-1.90,1.4819,0.4,42,4.95,9.5,1101.92,9.8,20
2009-12-08,0.1,-1.90,1.4699,0.4,42,4.95,9.5,1101.92,9.8,20
2009-12-09,0.1,-1.90,1.4727,0.4,42,4.95,9.5,1101.92,9.8,20
2009-12-10,0.1,-1.90,1.4735,0.4,42,4.95,9.5,1101.92,9.8,20
2009-12-11,0.1,-1.90,1.4623,0.4,42,4.95,9.5,1101.92,9.8,20
2009-12-14,0.1,-1.90,1.4656,0.4,42,4.95,9.5,1101.92,9.8,20
2009-12-15,0.1,-1.90,1.4536,0.4,42,4.95,9.5,1101.92,9.8,20
2009-12-16,0.1,-1.90,1.4537,0.4,42,4.95,9.5,1101.92,9.8,20
2009-12-17,0.1,-1.90,1.4345,0.4,42,4.95,9.5,1101.92,9.8,20
2009-12-18,0.1,-1.90,1.4343,0.4,42,4.95,9.5,1101.92,9.8,20
2009-12-21,0.1,-1.90,1.4284,0.4,42,4.95,9.5,1101.92,9.8,20
2009-12-22,0.1,-1.90,1.425,0.4,42,4.95,9.5,1101.92,9.8,20
2009-12-23,0.1,-1.90,1.4327,0.4,42,4.95,9.5,1101.92,9.8,20
2009-12-24,0.1,-1.90,1.4375,0.4,42,4.95,9.5,1101.92,9.8,20
2009-12-25,0.1,-1.90,1.4397,0.4,42,4.95,9.5,1101.92,9.8,20
2009-12-28,0.1,-1.90,1.4383,0.4,42,4.95,9.5,1101.92,9.8,20
2009-12-29,0.1,-1.90,1.4354,0.4,42,4.95,9.5,1101.92,9.8,20
2009-12-30,0.1,-1.90,1.4335,0.4,42,4.95,9.5,1101.92,9.8,20
2009-12-31,0.1,-1.90,1.4318,0.5,42,4.95,11.6,1101.92,9.8,20
2010-01-01,-0.5,-3.00,1.4326,0.5,45.9,5.09,11.6,1101.92,10.1,21
2010-01-04,-0.5,-3.00,1.4413,0.5,45.9,5.09,11.6,1101.92,10.1,21
2010-01-05,-0.5,-3.00,1.4369,0.5,45.9,5.09,11.6,1101.92,10.1,21
2010-01-06,-0.5,-3.00,1.4413,0.5,45.9,5.09,11.6,1101.92,10.1,21
2010-01-07,-0.5,-3.00,1.4318,0.5,45.9,5.09,11.6,1101.92,10.1,21
2010-01-08,-0.5,-3.00,1.4413,0.5,45.9,5.09,11.6,1101.92,10.1,21
2010-01-11,-0.5,-3.00,1.4514,0.5,45.9,5.09,11.6,1101.92,10.1,21
2010-01-12,-0.5,-3.00,1.4495,0.5,45.9,5.09,11.6,1101.92,10.1,21
2010-01-13,-0.5,-3.00,1.4512,0.5,45.9,5.09,11.6,1101.92,10.1,21
2010-01-14,-0.5,-3.00,1.4503,0.5,45.9,5.09,11.6,1101.92,10.1,21
2010-01-15,-0.5,-3.00,1.4385,0.5,45.9,5.09,11.6,1101.92,10.1,21
2010-01-18,-0.5,-3.00,1.4386,0.5,45.9,5.09,11.6,1101.92,10.1,21
2010-01-19,-0.5,-3.00,1.4301,0.5,45.9,5.09,11.6,1101.92,10.1,21
2010-01-20,-0.5,-3.00,1.4101,0.5,45.9,5.09,11.6,1101.92,10.1,21
2010-01-21,-0.5,-3.00,1.4091,0.5,45.9,5.09,11.6,1101.92,10.1,21
2010-01-22,-0.5,-3.00,1.4138,0.5,45.9,5.09,11.6,1101.92,10.1,21
2010-01-25,-0.5,-3.00,1.4152,0.5,45.9,5.09,11.6,1101.92,10.1,21
2010-01-26,-0.5,-3.00,1.4076,0.5,45.9,5.09,11.6,1101.92,10.1,21
2010-01-27,-0.5,-3.00,1.4019,0.5,45.9,5.09,11.6,1101.92,10.1,21
2010-01-28,-0.5,-3.00,1.3963,0.5,45.9,5.09,11.6,1101.92,10.1,21
2010-01-29,-0.5,-3.00,1.3864,0.5,45.9,5.09,11.6,1101.92,10.1,21
2010-02-01,0,-4.30,1.3929,0.5,45.9,5.09,11.6,1101.92,10.1,21
2010-02-02,0,-4.30,1.3963,0.5,45.9,5.14,11.6,1101.92,10.1,21
2010-02-03,0,-4.30,1.3899,0.5,45.9,5.14,11.6,1101.92,10.1,21
2010-02-04,0,-4.30,1.3736,0.5,45.9,5.14,11.6,1101.92,10.1,21
2010-02-05,0,-4.30,1.3664,0.5,45.9,5.14,11.6,1101.92,10.1,21
2010-02-08,0,-4.30,1.3653,0.5,45.9,5.14,11.6,1101.92,10.1,21
2010-02-09,0,-4.30,1.379,0.5,45.9,5.14,11.6,1101.92,10.1,21
2010-02-10,0,-4.30,1.3727,0.5,45.9,5.14,11.6,1101.92,10.1,21
2010-02-11,0,-4.30,1.3682,0.5,45.9,5.14,11.6,1101.92,10.1,21
2010-02-12,0,-4.30,1.3618,0.5,45.9,5.14,11.6,1101.92,10.1,21
2010-02-15,0,-4.30,1.3599,0.5,45.9,5.14,11.6,1101.92,10.1,21
2010-02-16,0,-4.30,1.3769,0.5,45.9,5.14,11.6,1101.92,10.1,21
2010-02-17,0,-4.30,1.3606,0.5,45.9,5.14,11.6,1101.92,10.1,21
2010-02-18,0,-4.30,1.3617,0.5,45.9,5.14,11.6,1101.92,10.1,21
2010-02-19,0,-4.30,1.3615,0.5,45.9,5.14,11.6,1101.92,10.1,21
2010-02-22,0,-4.30,1.3598,0.5,45.9,5.14,11.6,1101.92,10.1,21
2010-02-23,0,-4.30,1.3506,0.5,45.9,5.14,11.6,1101.92,10.1,21
2010-02-24,0,-4.30,1.3531,0.5,45.9,5.14,11.6,1101.92,10.1,21
2010-02-25,0,-4.30,1.3556,0.5,45.9,5.14,11.6,1101.92,10.1,21
2010-02-26,0,-4.30,1.3626,0.5,45.9,5.14,11.6,1101.92,10.1,21
2010-03-01,1.2,-2.90,1.3561,0.5,45.9,5.1,11.6,1101.92,10.1,21
2010-03-02,1.2,-2.90,1.3605,0.5,45.9,5.1,11.6,1101.92,10.1,21
2010-03-03,1.2,-2.90,1.37,0.5,45.9,5.1,11.6,1101.92,10.1,21
2010-03-04,1.2,-2.90,1.358,0.5,45.9,5.1,11.6,1101.92,10.1,21
2010-03-05,1.2,-2.90,1.3622,0.5,45.9,5.1,11.6,1101.92,10.1,21
2010-03-08,1.2,-2.90,1.363,0.5,45.9,5.1,11.6,1101.92,10.1,21
2010-03-09,1.2,-2.90,1.3601,0.5,45.9,5.1,11.6,1101.92,10.1,21
2010-03-10,1.2,-2.90,1.366,0.5,45.9,5.1,11.6,1101.92,10.1,21
2010-03-11,1.2,-2.90,1.3679,0.5,45.9,5.1,11.6,1101.92,10.1,21
2010-03-12,1.2,-2.90,1.3763,0.5,45.9,5.1,11.6,1101.92,10.1,21
2010-03-15,1.2,-2.90,1.3676,0.5,45.9,5.1,11.6,1101.92,10.1,21
2010-03-16,1.2,-2.90,1.3772,0.5,45.9,5.1,11.6,1101.92,10.1,21
2010-03-17,1.2,-2.90,1.3738,0.5,45.9,5.1,11.6,1101.92,10.1,21
2010-03-18,1.2,-2.90,1.3607,0.5,45.9,5.1,11.6,1101.92,10.1,21
2010-03-19,1.2,-2.90,1.3534,0.5,45.9,5.1,11.6,1101.92,10.1,21
2010-03-22,1.2,-2.90,1.3556,0.5,45.9,5.1,11.6,1101.92,10.1,21
2010-03-23,1.2,-2.90,1.35,0.5,45.9,5.1,11.6,1101.92,10.1,21
2010-03-24,1.2,-2.90,1.3314,0.5,45.9,5.1,11.6,1101.92,10.1,21
2010-03-25,1.2,-2.90,1.3279,0.5,45.9,5.1,11.6,1101.92,10.1,21
2010-03-26,1.2,-2.90,1.3413,0.5,45.9,5.1,11.6,1101.92,10.1,21
2010-03-29,1.2,-2.90,1.3478,0.5,45.9,5.1,11.6,1101.92,10.1,21
2010-03-30,1.2,-2.90,1.3413,0.5,45.9,5.1,11.6,1101.92,10.1,21
2010-03-31,1.2,-2.90,1.3512,0.4,45.9,5.1,11.5,1101.92,10.1,21
2010-04-01,0.4,0.60,1.3582,0.4,45.9,5.21,11.5,1101.92,10.6,21
2010-04-02,0.4,0.60,1.3504,0.4,45.9,5.21,11.5,1101.92,10.6,21
2010-04-05,0.4,0.60,1.3486,0.4,45.9,5.21,11.5,1101.92,10.6,21
2010-04-06,0.4,0.60,1.3399,0.4,45.9,5.21,11.5,1101.92,10.6,21
2010-04-07,0.4,0.60,1.334,0.4,45.9,5.21,11.5,1101.92,10.6,21
2010-04-08,0.4,0.60,1.336,0.4,45.9,5.21,11.5,1101.92,10.6,21
2010-04-09,0.4,0.60,1.3499,0.4,45.9,5.21,11.5,1101.92,10.6,21
2010-04-12,0.4,0.60,1.3586,0.4,45.9,5.21,11.5,1101.92,10.6,21
2010-04-13,0.4,0.60,1.3607,0.4,45.9,5.21,11.5,1101.92,10.6,21
2010-04-14,0.4,0.60,1.3653,0.4,45.9,5.21,11.5,1101.92,10.6,21
2010-04-15,0.4,0.60,1.358,0.4,45.9,5.21,11.5,1101.92,10.6,21
2010-04-16,0.4,0.60,1.3499,0.4,45.9,5.21,11.5,1101.92,10.6,21
2010-04-19,0.4,0.60,1.3485,0.4,45.9,5.21,11.5,1101.92,10.6,21
2010-04-20,0.4,0.60,1.3438,0.4,45.9,5.21,11.5,1101.92,10.6,21
2010-04-21,0.4,0.60,1.3387,0.4,45.9,5.21,11.5,1101.92,10.6,21
2010-04-22,0.4,0.60,1.3293,0.4,45.9,5.21,11.5,1101.92,10.6,21
2010-04-23,0.4,0.60,1.3386,0.4,45.9,5.21,11.5,1101.92,10.6,21
2010-04-26,0.4,0.60,1.3397,0.4,45.9,5.21,11.5,1101.92,10.6,21
2010-04-27,0.4,0.60,1.3165,0.4,45.9,5.21,11.5,1101.92,10.6,21
2010-04-28,0.4,0.60,1.3214,0.4,45.9,5.21,11.5,1101.92,10.6,21
2010-04-29,0.4,0.60,1.3225,0.4,45.9,5.21,11.5,1101.92,10.6,21
2010-04-30,0.4,0.60,1.3298,0.4,45.9,5.21,11.5,1101.92,10.6,21
2010-05-03,0.1,-1.30,1.3194,0.4,45.9,5.13,11.5,1109.27,10.6,21
2010-05-04,0.1,-1.30,1.2982,0.4,45.9,5.13,11.5,1109.27,10.6,21
2010-05-05,0.1,-1.30,1.2814,0.4,45.9,5.13,11.5,1109.27,10.6,21
2010-05-06,0.1,-1.30,1.2656,0.4,45.9,5.13,11.5,1109.27,10.6,21
2010-05-07,0.1,-1.30,1.2762,0.4,45.9,5.13,11.5,1109.27,10.6,21
2010-05-10,0.1,-1.30,1.2782,0.4,45.9,5.13,11.5,1109.27,10.6,21
2010-05-11,0.1,-1.30,1.2655,0.4,45.9,5.13,11.5,1109.27,10.6,21
2010-05-12,0.1,-1.30,1.2622,0.4,45.9,5.13,11.5,1109.27,10.6,21
2010-05-13,0.1,-1.30,1.253,0.4,45.9,5.13,11.5,1109.27,10.6,21
2010-05-14,0.1,-1.30,1.2363,0.4,45.9,5.13,11.5,1109.27,10.6,21
2010-05-17,0.1,-1.30,1.2395,0.4,45.9,5.13,11.5,1109.27,10.6,21
2010-05-18,0.1,-1.30,1.2183,0.4,45.9,5.13,11.5,1109.27,10.6,21
2010-05-19,0.1,-1.30,1.2429,0.4,45.9,5.13,11.5,1109.27,10.6,21
2010-05-20,0.1,-1.30,1.2468,0.4,45.9,5.13,11.5,1109.27,10.6,21
2010-05-21,0.1,-1.30,1.2573,0.4,45.9,5.13,11.5,1109.27,10.6,21
2010-05-24,0.1,-1.30,1.2353,0.4,45.9,5.13,11.5,1109.27,10.6,21
2010-05-25,0.1,-1.30,1.2365,0.4,45.9,5.13,11.5,1109.27,10.6,21
2010-05-26,0.1,-1.30,1.2168,0.4,45.9,5.13,11.5,1109.27,10.6,21
2010-05-27,0.1,-1.30,1.2369,0.4,45.9,5.13,11.5,1109.27,10.6,21
2010-05-28,0.1,-1.30,1.227,0.4,45.9,5.13,11.5,1109.27,10.6,21
2010-05-31,0.1,-1.30,1.2306,0.4,45.9,5.13,11.5,1109.27,10.6,21
2010-06-01,0.2,0.90,1.2227,0.4,45.9,5.25,11.5,1109.27,10.6,21
2010-06-02,0.2,0.90,1.2251,0.4,45.9,5.25,11.5,1109.27,10.6,21
2010-06-03,0.2,0.90,1.2157,0.4,45.9,5.25,11.5,1109.27,10.6,21
2010-06-04,0.2,0.90,1.1976,0.4,45.9,5.25,11.5,1109.27,10.6,21
2010-06-07,0.2,0.90,1.1915,0.4,45.9,5.25,11.5,1109.27,10.6,21
2010-06-08,0.2,0.90,1.1975,0.4,45.9,5.25,11.5,1109.27,10.6,21
2010-06-09,0.2,0.90,1.1986,0.4,45.9,5.25,11.5,1109.27,10.6,21
2010-06-10,0.2,0.90,1.2109,0.4,45.9,5.25,11.5,1109.27,10.6,21
2010-06-11,0.2,0.90,1.2113,0.4,45.9,5.25,11.5,1109.27,10.6,21
2010-06-14,0.2,0.90,1.2218,0.4,45.9,5.25,11.5,1109.27,10.6,21
2010-06-15,0.2,0.90,1.2324,0.4,45.9,5.25,11.5,1109.27,10.6,21
2010-06-16,0.2,0.90,1.2308,0.4,45.9,5.25,11.5,1109.27,10.6,21
2010-06-17,0.2,0.90,1.238,0.4,45.9,5.25,11.5,1109.27,10.6,21
2010-06-18,0.2,0.90,1.2387,0.4,45.9,5.25,11.5,1109.27,10.6,21
2010-06-21,0.2,0.90,1.2308,0.4,45.9,5.25,11.5,1109.27,10.6,21
2010-06-22,0.2,0.90,1.2268,0.4,45.9,5.25,11.5,1109.27,10.6,21
2010-06-23,0.2,0.90,1.2315,0.4,45.9,5.25,11.5,1109.27,10.6,21
2010-06-24,0.2,0.90,1.2334,0.4,45.9,5.25,11.5,1109.27,10.6,21
2010-06-25,0.2,0.90,1.2377,0.4,45.9,5.25,11.5,1109.27,10.6,21
2010-06-28,0.2,0.90,1.2279,0.4,45.9,5.25,11.5,1109.27,10.6,21
2010-06-29,0.2,0.90,1.2182,0.4,45.9,5.25,11.5,1109.27,10.6,21
2010-06-30,0.2,0.90,1.2236,1,45.9,5.25,10.8,1109.27,10.6,21
2010-07-01,0.2,-0.30,1.2519,1,45.9,5.32,10.8,1109.27,10.6,21
2010-07-02,0.2,-0.30,1.2563,1,45.9,5.32,10.8,1109.27,10.6,21
2010-07-05,0.2,-0.30,1.254,1,45.9,5.32,10.8,1109.27,10.6,21
2010-07-06,0.2,-0.30,1.2624,1,45.9,5.32,10.8,1109.27,10.6,21
2010-07-07,0.2,-0.30,1.2635,1,45.9,5.32,10.8,1109.27,10.6,21
2010-07-08,0.2,-0.30,1.2694,1,45.9,5.32,10.8,1109.27,10.6,21
2010-07-09,0.2,-0.30,1.2637,1,45.9,5.32,10.8,1109.27,10.6,21
2010-07-12,0.2,-0.30,1.259,1,45.9,5.32,10.8,1109.27,10.6,21
2010-07-13,0.2,-0.30,1.2728,1,45.9,5.32,10.8,1109.27,10.6,21
2010-07-14,0.2,-0.30,1.2741,1,45.9,5.32,10.8,1109.27,10.6,21
2010-07-15,0.2,-0.30,1.2939,1,45.9,5.32,10.8,1109.27,10.6,21
2010-07-16,0.2,-0.30,1.2933,1,45.9,5.32,10.8,1109.27,10.6,21
2010-07-19,0.2,-0.30,1.294,1,45.9,5.32,10.8,1109.27,10.6,21
2010-07-20,0.2,-0.30,1.2886,1,45.9,5.32,10.8,1109.27,10.6,21
2010-07-21,0.2,-0.30,1.2757,1,45.9,5.32,10.8,1109.27,10.6,21
2010-07-22,0.2,-0.30,1.2891,1,45.9,5.32,10.8,1109.27,10.6,21
2010-07-23,0.2,-0.30,1.2907,1,45.9,5.32,10.8,1109.27,10.6,21
2010-07-26,0.2,-0.30,1.2995,1,45.9,5.32,10.8,1109.27,10.6,21
2010-07-27,0.2,-0.30,1.2995,1,45.9,5.32,10.8,1109.27,10.6,21
2010-07-28,0.2,-0.30,1.2993,1,45.9,5.32,10.8,1109.27,10.6,21
2010-07-29,0.2,-0.30,1.3079,1,45.9,5.32,10.8,1109.27,10.6,21
2010-07-30,0.2,-0.30,1.3048,1,45.9,5.32,10.8,1109.27,10.6,21
2010-08-02,-0.2,-2.20,1.3182,1,45.9,5.58,10.8,1109.27,10.6,21
2010-08-03,-0.2,-2.20,1.3228,1,45.9,5.58,10.8,1109.27,10.6,21
2010-08-04,-0.2,-2.20,1.316,1,45.9,5.58,10.8,1109.27,10.6,21
2010-08-05,-0.2,-2.20,1.3192,1,45.9,5.58,10.8,1109.27,10.6,21
2010-08-06,-0.2,-2.20,1.3285,1,45.9,5.58,10.8,1109.27,10.6,21
2010-08-09,-0.2,-2.20,1.3235,1,45.9,5.58,10.8,1109.27,10.6,21
2010-08-10,-0.2,-2.20,1.3178,1,45.9,5.58,10.8,1109.27,10.6,21
2010-08-11,-0.2,-2.20,1.2833,1,45.9,5.58,10.8,1109.27,10.6,21
2010-08-12,-0.2,-2.20,1.2824,1,45.9,5.58,10.8,1109.27,10.6,21
2010-08-13,-0.2,-2.20,1.2752,1,45.9,5.58,10.8,1109.27,10.6,21
2010-08-16,-0.2,-2.20,1.2826,1,45.9,5.58,10.8,1109.27,10.6,21
2010-08-17,-0.2,-2.20,1.2881,1,45.9,5.58,10.8,1109.27,10.6,21
2010-08-18,-0.2,-2.20,1.2857,1,45.9,5.58,10.8,1109.27,10.6,21
2010-08-19,-0.2,-2.20,1.2821,1,45.9,5.58,10.8,1109.27,10.6,21
2010-08-20,-0.2,-2.20,1.2708,1,45.9,5.58,10.8,1109.27,10.6,21
2010-08-23,-0.2,-2.20,1.2658,1,45.9,5.58,10.8,1109.27,10.6,21
2010-08-24,-0.2,-2.20,1.2625,1,45.9,5.58,10.8,1109.27,10.6,21
2010-08-25,-0.2,-2.20,1.2658,1,45.9,5.58,10.8,1109.27,10.6,21
2010-08-26,-0.2,-2.20,1.272,1,45.9,5.58,10.8,1109.27,10.6,21
2010-08-27,-0.2,-2.20,1.2765,1,45.9,5.58,10.8,1109.27,10.6,21
2010-08-30,-0.2,-2.20,1.2664,1,45.9,5.58,10.8,1109.27,10.6,21
2010-08-31,-0.2,-2.20,1.2687,1,45.9,5.58,10.8,1109.27,10.6,21
2010-09-01,0.2,1.70,1.2812,1,45.9,5.54,10.8,1109.27,10.6,21
2010-09-02,0.2,1.70,1.2826,1,45.9,5.54,10.8,1109.27,10.6,21
2010-09-03,0.2,1.70,1.2896,1,45.9,5.54,10.8,1109.27,10.6,21
2010-09-06,0.2,1.70,1.2873,1,45.9,5.54,10.8,1109.27,10.6,21
2010-09-07,0.2,1.70,1.2683,1,45.9,5.54,10.8,1109.27,10.6,21
2010-09-08,0.2,1.70,1.2723,1,45.9,5.54,10.8,1109.27,10.6,21
2010-09-09,0.2,1.70,1.2694,1,45.9,5.54,10.8,1109.27,10.6,21
2010-09-10,0.2,1.70,1.268,1,45.9,5.54,10.8,1109.27,10.6,21
2010-09-13,0.2,1.70,1.288,1,45.9,5.54,10.8,1109.27,10.6,21
2010-09-14,0.2,1.70,1.2996,1,45.9,5.54,10.8,1109.27,10.6,21
2010-09-15,0.2,1.70,1.3005,1,45.9,5.54,10.8,1109.27,10.6,21
2010-09-16,0.2,1.70,1.3076,1,45.9,5.54,10.8,1109.27,10.6,21
2010-09-17,0.2,1.70,1.3048,1,45.9,5.54,10.8,1109.27,10.6,21
2010-09-20,0.2,1.70,1.3066,1,45.9,5.54,10.8,1109.27,10.6,21
2010-09-21,0.2,1.70,1.3252,1,45.9,5.54,10.8,1109.27,10.6,21
2010-09-22,0.2,1.70,1.34,1,45.9,5.54,10.8,1109.27,10.6,21
2010-09-23,0.2,1.70,1.3312,1,45.9,5.54,10.8,1109.27,10.6,21
2010-09-24,0.2,1.70,1.3491,1,45.9,5.54,10.8,1109.27,10.6,21
2010-09-27,0.2,1.70,1.3457,1,45.9,5.54,10.8,1109.27,10.6,21
2010-09-28,0.2,1.70,1.3582,1,45.9,5.54,10.8,1109.27,10.6,21
2010-09-29,0.2,1.70,1.3629,1,45.9,5.54,10.8,1109.27,10.6,21
2010-09-30,0.2,1.70,1.3633,0.4,45.9,5.54,10.4,1109.27,10.6,21
2010-10-01,0.4,0.00,1.3792,0.4,45.9,5.72,10.4,1109.27,10.9,21
2010-10-04,0.4,0.00,1.3682,0.4,45.9,5.72,10.4,1109.27,10.9,21
2010-10-05,0.4,0.00,1.3834,0.4,45.9,5.72,10.4,1109.27,10.9,21
2010-10-06,0.4,0.00,1.3937,0.4,45.9,5.72,10.4,1109.27,10.9,21
2010-10-07,0.4,0.00,1.3927,0.4,45.9,5.72,10.4,1109.27,10.9,21
2010-10-08,0.4,0.00,1.3943,0.4,45.9,5.72,10.4,1109.27,10.9,21
2010-10-11,0.4,0.00,1.3874,0.4,45.9,5.72,10.4,1109.27,10.9,21
2010-10-12,0.4,0.00,1.3925,0.4,45.9,5.72,10.4,1109.27,10.9,21
2010-10-13,0.4,0.00,1.3963,0.4,45.9,5.72,10.4,1109.27,10.9,21
2010-10-14,0.4,0.00,1.4081,0.4,45.9,5.72,10.4,1109.27,10.9,21
2010-10-15,0.4,0.00,1.3979,0.4,45.9,5.72,10.4,1109.27,10.9,21
2010-10-18,0.4,0.00,1.3948,0.4,45.9,5.72,10.4,1109.27,10.9,21
2010-10-19,0.4,0.00,1.3735,0.4,45.9,5.72,10.4,1109.27,10.9,21
2010-10-20,0.4,0.00,1.3967,0.4,45.9,5.72,10.4,1109.27,10.9,21
2010-10-21,0.4,0.00,1.392,0.4,45.9,5.72,10.4,1109.27,10.9,21
2010-10-22,0.4,0.00,1.3952,0.4,45.9,5.72,10.4,1109.27,10.9,21
2010-10-25,0.4,0.00,1.3966,0.4,45.9,5.72,10.4,1109.27,10.9,21
2010-10-26,0.4,0.00,1.3861,0.4,45.9,5.72,10.4,1109.27,10.9,21
2010-10-27,0.4,0.00,1.3769,0.4,45.9,5.72,10.4,1109.27,10.9,21
2010-10-28,0.4,0.00,1.3932,0.4,45.9,5.72,10.4,1109.27,10.9,21
2010-10-29,0.4,0.00,1.395,0.4,45.9,5.72,10.4,1109.27,10.9,21
2010-11-01,0.2,-2.20,1.3891,0.4,45.9,5.99,10.4,1118.48,10.9,21
2010-11-02,0.2,-2.20,1.404,0.4,45.9,5.99,10.4,1118.48,10.9,21
2010-11-03,0.2,-2.20,1.4145,0.4,45.9,5.99,10.4,1118.48,10.9,21
2010-11-04,0.2,-2.20,1.42,0.4,45.9,5.99,10.4,1118.48,10.9,21
2010-11-05,0.2,-2.20,1.4034,0.4,45.9,5.99,10.4,1118.48,10.9,21
2010-11-08,0.2,-2.20,1.3921,0.4,45.9,5.99,10.4,1118.48,10.9,21
2010-11-09,0.2,-2.20,1.3779,0.4,45.9,5.99,10.4,1118.48,10.9,21
2010-11-10,0.2,-2.20,1.3784,0.4,45.9,5.99,10.4,1118.48,10.9,21
2010-11-11,0.2,-2.20,1.3658,0.4,45.9,5.99,10.4,1118.48,10.9,21
2010-11-12,0.2,-2.20,1.3693,0.4,45.9,5.99,10.4,1118.48,10.9,21
2010-11-15,0.2,-2.20,1.3586,0.4,45.9,5.99,10.4,1118.48,10.9,21
2010-11-16,0.2,-2.20,1.3493,0.4,45.9,5.99,10.4,1118.48,10.9,21
2010-11-17,0.2,-2.20,1.3519,0.4,45.9,5.99,10.4,1118.48,10.9,21
2010-11-18,0.2,-2.20,1.3645,0.4,45.9,5.99,10.4,1118.48,10.9,21
2010-11-19,0.2,-2.20,1.3687,0.4,45.9,5.99,10.4,1118.48,10.9,21
2010-11-22,0.2,-2.20,1.3626,0.4,45.9,5.99,10.4,1118.48,10.9,21
2010-11-23,0.2,-2.20,1.3373,0.4,45.9,5.99,10.4,1118.48,10.9,21
2010-11-24,0.2,-2.20,1.3332,0.4,45.9,5.99,10.4,1118.48,10.9,21
2010-11-25,0.2,-2.20,1.3363,0.4,45.9,5.99,10.4,1118.48,10.9,21
2010-11-26,0.2,-2.20,1.3243,0.4,45.9,5.99,10.4,1118.48,10.9,21
2010-11-29,0.2,-2.20,1.3121,0.4,45.9,5.99,10.4,1118.48,10.9,21
2010-11-30,0.2,-2.20,1.298,0.4,45.9,5.99,10.4,1118.48,10.9,21
2010-12-01,0.3,0.50,1.3143,0.4,45.9,5.92,10.4,1118.48,10.9,21
2010-12-02,0.3,0.50,1.3227,0.4,45.9,5.92,10.4,1118.48,10.9,21
2010-12-03,0.3,0.50,1.3415,0.4,45.9,5.92,10.4,1118.48,10.9,21
2010-12-06,0.3,0.50,1.3306,0.4,45.9,5.92,10.4,1118.48,10.9,21
2010-12-07,0.3,0.50,1.3264,0.4,45.9,5.92,10.4,1118.48,10.9,21
2010-12-08,0.3,0.50,1.3259,0.4,45.9,5.92,10.4,1118.48,10.9,21
2010-12-09,0.3,0.50,1.3245,0.4,45.9,5.92,10.4,1118.48,10.9,21
2010-12-10,0.3,0.50,1.3234,0.4,45.9,5.92,10.4,1118.48,10.9,21
2010-12-13,0.3,0.50,1.3391,0.4,45.9,5.92,10.4,1118.48,10.9,21
2010-12-14,0.3,0.50,1.3384,0.4,45.9,5.92,10.4,1118.48,10.9,21
2010-12-15,0.3,0.50,1.3213,0.4,45.9,5.92,10.4,1118.48,10.9,21
2010-12-16,0.3,0.50,1.3239,0.4,45.9,5.92,10.4,1118.48,10.9,21
2010-12-17,0.3,0.50,1.3182,0.4,45.9,5.92,10.4,1118.48,10.9,21
2010-12-20,0.3,0.50,1.3121,0.4,45.9,5.92,10.4,1118.48,10.9,21
2010-12-21,0.3,0.50,1.3096,0.4,45.9,5.92,10.4,1118.48,10.9,21
2010-12-22,0.3,0.50,1.31,0.4,45.9,5.92,10.4,1118.48,10.9,21
2010-12-23,0.3,0.50,1.312,0.4,45.9,5.92,10.4,1118.48,10.9,21
2010-12-24,0.3,0.50,1.3118,0.4,45.9,5.92,10.4,1118.48,10.9,21
2010-12-27,0.3,0.50,1.3161,0.4,45.9,5.92,10.4,1118.48,10.9,21
2010-12-28,0.3,0.50,1.312,0.4,45.9,5.92,10.4,1118.48,10.9,21
2010-12-29,0.3,0.50,1.3224,0.4,45.9,5.92,10.4,1118.48,10.9,21
2010-12-30,0.3,0.50,1.3283,0.4,45.9,5.92,10.4,1118.48,10.9,21