"Date","Price","Open","High","Low","Change %"
"Dec 30, 2010","1.3283","1.3225","1.3316","1.3212","0.45%"
"Dec 29, 2010","1.3224","1.3116","1.3239","1.3082","0.79%"
"Dec 28, 2010","1.3120","1.3166","1.3277","1.3094","-0.31%"
"Dec 27, 2010","1.3161","1.3115","1.3171","1.3072","0.33%"
"Dec 24, 2010","1.3118","1.3117","1.3151","1.3095","-0.02%"
"Dec 23, 2010","1.3120","1.3096","1.3154","1.3054","0.15%"
"Dec 22, 2010","1.3100","1.3095","1.3182","1.3076","0.03%"
"Dec 21, 2010","1.3096","1.3127","1.3203","1.3072","-0.19%"
"Dec 20, 2010","1.3121","1.3182","1.3190","1.3095","-0.46%"
"Dec 17, 2010","1.3182","1.3239","1.3361","1.3133","-0.43%"
"Dec 16, 2010","1.3239","1.3213","1.3268","1.3180","0.20%"
"Dec 15, 2010","1.3213","1.3383","1.3384","1.3209","-1.28%"
"Dec 14, 2010","1.3384","1.3388","1.3498","1.3361","-0.05%"
"Dec 13, 2010","1.3391","1.3207","1.3435","1.3182","1.19%"
"Dec 10, 2010","1.3234","1.3237","1.3283","1.3178","-0.08%"
"Dec 09, 2010","1.3245","1.3264","1.3325","1.3165","-0.11%"
"Dec 08, 2010","1.3259","1.3263","1.3283","1.3180","-0.04%"
"Dec 07, 2010","1.3264","1.3304","1.3401","1.3260","-0.32%"
"Dec 06, 2010","1.3306","1.3382","1.3422","1.3243","-0.81%"
"Dec 03, 2010","1.3415","1.3222","1.3418","1.3192","1.42%"
"Dec 02, 2010","1.3227","1.3137","1.3250","1.3059","0.64%"
"Dec 01, 2010","1.3143","1.2985","1.3181","1.2970","1.26%"
"Nov 30, 2010","1.2980","1.3124","1.3152","1.2967","-1.07%"
"Nov 29, 2010","1.3121","1.3287","1.3304","1.3064","-0.92%"
"Nov 26, 2010","1.3243","1.3355","1.3368","1.3199","-0.90%"
"Nov 25, 2010","1.3363","1.3333","1.3388","1.3287","0.23%"
"Nov 24, 2010","1.3332","1.3367","1.3424","1.3284","-0.31%"
"Nov 23, 2010","1.3373","1.3619","1.3634","1.3361","-1.86%"
"Nov 22, 2010","1.3626","1.3714","1.3786","1.3575","-0.45%"
"Nov 19, 2010","1.3687","1.3647","1.3733","1.3609","0.31%"
"Nov 18, 2010","1.3645","1.3527","1.3668","1.3525","0.93%"
"Nov 17, 2010","1.3519","1.3487","1.3566","1.3458","0.19%"
"Nov 16, 2010","1.3493","1.3587","1.3655","1.3447","-0.68%"
"Nov 15, 2010","1.3586","1.3712","1.3752","1.3565","-0.78%"
"Nov 12, 2010","1.3693","1.3666","1.3779","1.3573","0.26%"
"Nov 11, 2010","1.3658","1.3784","1.3823","1.3637","-0.91%"
"Nov 10, 2010","1.3784","1.3777","1.3828","1.3672","0.04%"
"Nov 09, 2010","1.3779","1.3920","1.3975","1.3750","-1.02%"
"Nov 08, 2010","1.3921","1.4051","1.4085","1.3886","-0.81%"
"Nov 05, 2010","1.4034","1.4216","1.4250","1.4025","-1.17%"
"Nov 04, 2010","1.4200","1.4139","1.4284","1.4103","0.39%"
"Nov 03, 2010","1.4145","1.4038","1.4177","1.3991","0.75%"
"Nov 02, 2010","1.4040","1.3897","1.4061","1.3881","1.07%"
"Nov 01, 2010","1.3891","1.3963","1.4013","1.3862","-0.42%"
"Oct 29, 2010","1.3950","1.3927","1.3954","1.3806","0.13%"
"Oct 28, 2010","1.3932","1.3761","1.3946","1.3757","1.18%"
"Oct 27, 2010","1.3769","1.3859","1.3878","1.3733","-0.66%"
"Oct 26, 2010","1.3861","1.3966","1.3984","1.3825","-0.75%"
"Oct 25, 2010","1.3966","1.3958","1.4083","1.3935","0.10%"
"Oct 22, 2010","1.3952","1.3924","1.3976","1.3858","0.23%"
"Oct 21, 2010","1.3920","1.3960","1.4051","1.3870","-0.34%"
"Oct 20, 2010","1.3967","1.3731","1.3994","1.3699","1.69%"
"Oct 19, 2010","1.3735","1.3951","1.4006","1.3714","-1.53%"
"Oct 18, 2010","1.3948","1.3977","1.4000","1.3832","-0.22%"
"Oct 15, 2010","1.3979","1.4078","1.4160","1.3938","-0.72%"
"Oct 14, 2010","1.4081","1.3958","1.4124","1.3955","0.85%"
"Oct 13, 2010","1.3963","1.3915","1.4002","1.3910","0.27%"
"Oct 12, 2010","1.3925","1.3874","1.3933","1.3773","0.37%"
"Oct 11, 2010","1.3874","1.3994","1.4013","1.3866","-0.49%"
"Oct 08, 2010","1.3943","1.3921","1.3986","1.3836","0.11%"
"Oct 07, 2010","1.3927","1.3929","1.4028","1.3855","-0.07%"
"Oct 06, 2010","1.3937","1.3836","1.3948","1.3798","0.74%"
"Oct 05, 2010","1.3834","1.3679","1.3861","1.3636","1.11%"
"Oct 04, 2010","1.3682","1.3792","1.3793","1.3666","-0.80%"
"Oct 01, 2010","1.3792","1.3632","1.3796","1.3620","1.17%"
"Sep 30, 2010","1.3633","1.3626","1.3686","1.3561","0.03%"
"Sep 29, 2010","1.3629","1.3579","1.3648","1.3565","0.35%"
"Sep 28, 2010","1.3582","1.3445","1.3598","1.3382","0.93%"
"Sep 27, 2010","1.3457","1.3482","1.3509","1.3426","-0.25%"
"Sep 24, 2010","1.3491","1.3315","1.3498","1.3287","1.34%"
"Sep 23, 2010","1.3312","1.3394","1.3415","1.3304","-0.66%"
"Sep 22, 2010","1.3400","1.3253","1.3441","1.3246","1.12%"
"Sep 21, 2010","1.3252","1.3062","1.3282","1.3056","1.42%"
"Sep 20, 2010","1.3066","1.3053","1.3121","1.3026","0.14%"
"Sep 17, 2010","1.3048","1.3081","1.3162","1.3019","-0.21%"
"Sep 16, 2010","1.3076","1.3012","1.3119","1.2976","0.55%"
"Sep 15, 2010","1.3005","1.2993","1.3037","1.2954","0.07%"
"Sep 14, 2010","1.2996","1.2878","1.3034","1.2827","0.90%"
"Sep 13, 2010","1.2880","1.2708","1.2894","1.2703","1.58%"
"Sep 10, 2010","1.2680","1.2699","1.2750","1.2645","-0.11%"
"Sep 09, 2010","1.2694","1.2721","1.2767","1.2662","-0.23%"
"Sep 08, 2010","1.2723","1.2686","1.2766","1.2661","0.32%"
"Sep 07, 2010","1.2683","1.2873","1.2877","1.2676","-1.48%"
"Sep 06, 2010","1.2873","1.2889","1.2920","1.2865","-0.18%"
"Sep 03, 2010","1.2896","1.2829","1.2900","1.2810","0.55%"
"Sep 02, 2010","1.2826","1.2799","1.2849","1.2776","0.11%"
"Sep 01, 2010","1.2812","1.2686","1.2856","1.2662","0.99%"
"Aug 31, 2010","1.2687","1.2664","1.2744","1.2624","0.18%"
"Aug 30, 2010","1.2664","1.2766","1.2770","1.2658","-0.79%"
"Aug 27, 2010","1.2765","1.2716","1.2781","1.2679","0.35%"
"Aug 26, 2010","1.2720","1.2660","1.2765","1.2649","0.49%"
"Aug 25, 2010","1.2658","1.2631","1.2726","1.2604","0.26%"
"Aug 24, 2010","1.2625","1.2650","1.2719","1.2585","-0.26%"
"Aug 23, 2010","1.2658","1.2704","1.2731","1.2645","-0.39%"
"Aug 20, 2010","1.2708","1.2821","1.2835","1.2664","-0.88%"
"Aug 19, 2010","1.2821","1.2855","1.2903","1.2771","-0.28%"
"Aug 18, 2010","1.2857","1.2881","1.2925","1.2823","-0.19%"
"Aug 17, 2010","1.2881","1.2824","1.2917","1.2804","0.43%"
"Aug 16, 2010","1.2826","1.2761","1.2874","1.2736","0.58%"
"Aug 13, 2010","1.2752","1.2830","1.2909","1.2750","-0.56%"
"Aug 12, 2010","1.2824","1.2846","1.2933","1.2780","-0.07%"
"Aug 11, 2010","1.2833","1.3176","1.3191","1.2829","-2.62%"
"Aug 10, 2010","1.3178","1.3222","1.3235","1.3072","-0.43%"
"Aug 09, 2010","1.3235","1.3292","1.3310","1.3216","-0.38%"
"Aug 06, 2010","1.3285","1.3185","1.3336","1.3158","0.70%"
"Aug 05, 2010","1.3192","1.3153","1.3235","1.3118","0.24%"
"Aug 04, 2010","1.3160","1.3229","1.3241","1.3132","-0.51%"
"Aug 03, 2010","1.3228","1.3181","1.3263","1.3145","0.35%"
"Aug 02, 2010","1.3182","1.3062","1.3197","1.3053","1.03%"
"Jul 30, 2010","1.3048","1.3081","1.3096","1.2981","-0.24%"
"Jul 29, 2010","1.3079","1.2990","1.3108","1.2980","0.66%"
"Jul 28, 2010","1.2993","1.3002","1.3042","1.2965","-0.02%"
"Jul 27, 2010","1.2995","1.2990","1.3047","1.2951","0.00%"
"Jul 26, 2010","1.2995","1.2900","1.3005","1.2875","0.68%"
"Jul 23, 2010","1.2907","1.2887","1.2970","1.2794","0.12%"
"Jul 22, 2010","1.2891","1.2753","1.2932","1.2738","1.05%"
"Jul 21, 2010","1.2757","1.2881","1.2914","1.2731","-1.00%"
"Jul 20, 2010","1.2886","1.2948","1.3030","1.2840","-0.42%"
"Jul 19, 2010","1.2940","1.2893","1.2992","1.2868","0.05%"
"Jul 16, 2010","1.2933","1.2930","1.3010","1.2891","-0.05%"
"Jul 15, 2010","1.2939","1.2741","1.2956","1.2708","1.55%"
"Jul 14, 2010","1.2741","1.2723","1.2779","1.2681","0.10%"
"Jul 13, 2010","1.2728","1.2590","1.2739","1.2522","1.10%"
"Jul 12, 2010","1.2590","1.2639","1.2647","1.2548","-0.37%"
"Jul 09, 2010","1.2637","1.2698","1.2725","1.2608","-0.45%"
"Jul 08, 2010","1.2694","1.2633","1.2712","1.2620","0.47%"
"Jul 07, 2010","1.2635","1.2628","1.2666","1.2553","0.09%"
"Jul 06, 2010","1.2624","1.2538","1.2664","1.2479","0.67%"
"Jul 05, 2010","1.2540","1.2557","1.2565","1.2508","-0.18%"
"Jul 02, 2010","1.2563","1.2517","1.2616","1.2483","0.35%"
"Jul 01, 2010","1.2519","1.2235","1.2540","1.2193","2.31%"
"Jun 30, 2010","1.2236","1.2185","1.2306","1.2166","0.44%"
"Jun 29, 2010","1.2182","1.2277","1.2293","1.2152","-0.79%"
"Jun 28, 2010","1.2279","1.2372","1.2399","1.2264","-0.79%"
"Jun 25, 2010","1.2377","1.2330","1.2398","1.2253","0.35%"
"Jun 24, 2010","1.2334","1.2317","1.2388","1.2260","0.15%"
"Jun 23, 2010","1.2315","1.2264","1.2346","1.2209","0.38%"
"Jun 22, 2010","1.2268","1.2322","1.2355","1.2250","-0.32%"
"Jun 21, 2010","1.2308","1.2439","1.2469","1.2303","-0.64%"
"Jun 18, 2010","1.2387","1.2384","1.2419","1.2354","0.06%"
"Jun 17, 2010","1.2380","1.2299","1.2414","1.2243","0.58%"
"Jun 16, 2010","1.2308","1.2322","1.2357","1.2256","-0.13%"
"Jun 15, 2010","1.2324","1.2213","1.2350","1.2164","0.87%"
"Jun 14, 2010","1.2218","1.2125","1.2300","1.2115","0.87%"
"Jun 11, 2010","1.2113","1.2109","1.2155","1.2046","0.03%"
"Jun 10, 2010","1.2109","1.1981","1.2143","1.1955","1.03%"
"Jun 09, 2010","1.1986","1.1970","1.2076","1.1923","0.09%"
"Jun 08, 2010","1.1975","1.1919","1.2011","1.1901","0.50%"
"Jun 07, 2010","1.1915","1.1946","1.1992","1.1876","-0.51%"
"Jun 04, 2010","1.1976","1.2165","1.2218","1.1956","-1.49%"
"Jun 03, 2010","1.2157","1.2247","1.2327","1.2151","-0.77%"
"Jun 02, 2010","1.2251","1.2207","1.2277","1.2174","0.20%"
"Jun 01, 2010","1.2227","1.2305","1.2355","1.2111","-0.64%"
"May 31, 2010","1.2306","1.2273","1.2334","1.2264","0.29%"
"May 28, 2010","1.2270","1.2363","1.2455","1.2266","-0.80%"
"May 27, 2010","1.2369","1.2157","1.2395","1.2153","1.65%"
"May 26, 2010","1.2168","1.2373","1.2376","1.2164","-1.59%"
"May 25, 2010","1.2365","1.2344","1.2372","1.2172","0.10%"
"May 24, 2010","1.2353","1.2546","1.2561","1.2344","-1.75%"
"May 21, 2010","1.2573","1.2468","1.2675","1.2461","0.84%"
"May 20, 2010","1.2468","1.2429","1.2601","1.2298","0.31%"
"May 19, 2010","1.2429","1.2183","1.2434","1.2144","2.02%"
"May 18, 2010","1.2183","1.2395","1.2447","1.2163","-1.71%"
"May 17, 2010","1.2395","1.2351","1.2416","1.2235","0.26%"
"May 14, 2010","1.2363","1.2524","1.2578","1.2355","-1.33%"
"May 13, 2010","1.2530","1.2631","1.2686","1.2518","-0.73%"
"May 12, 2010","1.2622","1.2639","1.2740","1.2603","-0.26%"
"May 11, 2010","1.2655","1.2791","1.2804","1.2652","-0.99%"
"May 10, 2010","1.2782","1.2933","1.3094","1.2758","0.16%"
"May 07, 2010","1.2762","1.2633","1.2800","1.2588","0.84%"
"May 06, 2010","1.2656","1.2824","1.2856","1.2521","-1.23%"
"May 05, 2010","1.2814","1.2968","1.2998","1.2789","-1.29%"
"May 04, 2010","1.2982","1.3192","1.3215","1.2976","-1.61%"
"May 03, 2010","1.3194","1.3342","1.3342","1.3154","-0.78%"
"Apr 30, 2010","1.3298","1.3245","1.3345","1.3226","0.55%"
"Apr 29, 2010","1.3225","1.3204","1.3281","1.3183","0.08%"
"Apr 28, 2010","1.3214","1.3156","1.3271","1.3115","0.37%"
"Apr 27, 2010","1.3165","1.3396","1.3415","1.3159","-1.73%"
"Apr 26, 2010","1.3397","1.3346","1.3398","1.3289","0.08%"
"Apr 23, 2010","1.3386","1.3286","1.3403","1.3202","0.70%"
"Apr 22, 2010","1.3293","1.3385","1.3422","1.3258","-0.70%"
"Apr 21, 2010","1.3387","1.3437","1.3448","1.3357","-0.38%"
"Apr 20, 2010","1.3438","1.3490","1.3524","1.3427","-0.35%"
"Apr 19, 2010","1.3485","1.3478","1.3498","1.3413","-0.10%"
"Apr 16, 2010","1.3499","1.3580","1.3584","1.3473","-0.60%"
"Apr 15, 2010","1.3580","1.3653","1.3668","1.3518","-0.53%"
"Apr 14, 2010","1.3653","1.3617","1.3679","1.3596","0.34%"
"Apr 13, 2010","1.3607","1.3584","1.3627","1.3545","0.15%"
"Apr 12, 2010","1.3586","1.3622","1.3693","1.3563","0.64%"
"Apr 09, 2010","1.3499","1.3360","1.3503","1.3341","1.04%"
"Apr 08, 2010","1.3360","1.3337","1.3368","1.3280","0.15%"
"Apr 07, 2010","1.3340","1.3396","1.3409","1.3323","-0.44%"
"Apr 06, 2010","1.3399","1.3483","1.3497","1.3354","-0.65%"
"Apr 05, 2010","1.3486","1.3491","1.3541","1.3461","-0.13%"
"Apr 02, 2010","1.3504","1.3584","1.3593","1.3474","-0.57%"
"Apr 01, 2010","1.3582","1.3510","1.3592","1.3457","0.52%"
"Mar 31, 2010","1.3512","1.3415","1.3550","1.3384","0.74%"
"Mar 30, 2010","1.3413","1.3479","1.3540","1.3394","-0.48%"
"Mar 29, 2010","1.3478","1.3488","1.3508","1.3418","0.48%"
"Mar 26, 2010","1.3413","1.3280","1.3428","1.3268","1.01%"
"Mar 25, 2010","1.3279","1.3316","1.3386","1.3266","-0.26%"
"Mar 24, 2010","1.3314","1.3495","1.3502","1.3304","-1.38%"
"Mar 23, 2010","1.3500","1.3563","1.3571","1.3474","-0.41%"
"Mar 22, 2010","1.3556","1.3525","1.3569","1.3462","0.16%"
"Mar 19, 2010","1.3534","1.3607","1.3629","1.3502","-0.54%"
"Mar 18, 2010","1.3607","1.3732","1.3743","1.3583","-0.95%"
"Mar 17, 2010","1.3738","1.3770","1.3818","1.3725","-0.25%"
"Mar 16, 2010","1.3772","1.3677","1.3786","1.3657","0.70%"
"Mar 15, 2010","1.3676","1.3777","1.3779","1.3639","-0.63%"
"Mar 12, 2010","1.3763","1.3678","1.3798","1.3668","0.61%"
"Mar 11, 2010","1.3679","1.3656","1.3689","1.3618","0.14%"
"Mar 10, 2010","1.3660","1.3600","1.3680","1.3543","0.43%"
"Mar 09, 2010","1.3601","1.3630","1.3636","1.3535","-0.21%"
"Mar 08, 2010","1.3630","1.3632","1.3706","1.3607","0.06%"
"Mar 05, 2010","1.3622","1.3581","1.3630","1.3527","0.31%"
"Mar 04, 2010","1.3580","1.3695","1.3714","1.3550","-0.88%"
"Mar 03, 2010","1.3700","1.3616","1.3738","1.3592","0.70%"
"Mar 02, 2010","1.3605","1.3557","1.3623","1.3433","0.32%"
"Mar 01, 2010","1.3561","1.3624","1.3657","1.3458","-0.48%"
"Feb 26, 2010","1.3626","1.3548","1.3685","1.3531","0.52%"
"Feb 25, 2010","1.3556","1.3536","1.3572","1.3451","0.18%"
"Feb 24, 2010","1.3531","1.3510","1.3627","1.3501","0.19%"
"Feb 23, 2010","1.3506","1.3592","1.3693","1.3495","-0.68%"
"Feb 22, 2010","1.3598","1.3636","1.3653","1.3571","-0.12%"
"Feb 19, 2010","1.3615","1.3529","1.3619","1.3443","-0.01%"
"Feb 18, 2010","1.3617","1.3606","1.3656","1.3539","0.08%"
"Feb 17, 2010","1.3606","1.3765","1.3790","1.3585","-1.18%"
"Feb 16, 2010","1.3769","1.3596","1.3779","1.3588","1.25%"
"Feb 15, 2010","1.3599","1.3614","1.3636","1.3579","-0.14%"
"Feb 12, 2010","1.3618","1.3694","1.3699","1.3532","-0.47%"
"Feb 11, 2010","1.3682","1.3732","1.3802","1.3594","-0.33%"
"Feb 10, 2010","1.3727","1.3792","1.3816","1.3676","-0.46%"
"Feb 09, 2010","1.3790","1.3651","1.3840","1.3642","1.00%"
"Feb 08, 2010","1.3653","1.3664","1.3714","1.3620","-0.08%"
"Feb 05, 2010","1.3664","1.3729","1.3748","1.3586","-0.52%"
"Feb 04, 2010","1.3736","1.3890","1.3905","1.3727","-1.17%"
"Feb 03, 2010","1.3899","1.3963","1.4026","1.3889","-0.46%"
"Feb 02, 2010","1.3963","1.3931","1.3977","1.3887","0.24%"
"Feb 01, 2010","1.3929","1.3864","1.3939","1.3851","0.47%"
"Jan 29, 2010","1.3864","1.3973","1.3990","1.3861","-0.71%"
"Jan 28, 2010","1.3963","1.4021","1.4053","1.3936","-0.40%"
"Jan 27, 2010","1.4019","1.4075","1.4098","1.3994","-0.40%"
"Jan 26, 2010","1.4076","1.4150","1.4181","1.4042","-0.54%"
"Jan 25, 2010","1.4152","1.4161","1.4199","1.4128","0.10%"
"Jan 22, 2010","1.4138","1.4080","1.4182","1.4065","0.33%"
"Jan 21, 2010","1.4091","1.4106","1.4144","1.4026","-0.07%"
"Jan 20, 2010","1.4101","1.4291","1.4297","1.4078","-1.40%"
"Jan 19, 2010","1.4301","1.4385","1.4415","1.4251","-0.59%"
"Jan 18, 2010","1.4386","1.4340","1.4403","1.4334","0.01%"
"Jan 15, 2010","1.4385","1.4504","1.4514","1.4338","-0.81%"
"Jan 14, 2010","1.4503","1.4510","1.4556","1.4446","-0.06%"
"Jan 13, 2010","1.4512","1.4484","1.4584","1.4456","0.12%"
"Jan 12, 2010","1.4495","1.4514","1.4548","1.4453","-0.13%"
"Jan 11, 2010","1.4514","1.4432","1.4558","1.4407","0.70%"
"Jan 08, 2010","1.4413","1.4320","1.4440","1.4263","0.66%"
"Jan 07, 2010","1.4318","1.4407","1.4447","1.4295","-0.66%"
"Jan 06, 2010","1.4413","1.4364","1.4436","1.4282","0.31%"
"Jan 05, 2010","1.4369","1.4409","1.4484","1.4346","-0.31%"
"Jan 04, 2010","1.4413","1.4325","1.4457","1.4257","0.61%"
"Jan 01, 2010","1.4326","1.4328","1.4330","1.4322","0.06%"
"Dec 31, 2009","1.4318","1.4339","1.4442","1.4306","-0.12%"
"Dec 30, 2009","1.4335","1.4352","1.4364","1.4274","-0.13%"
"Dec 29, 2009","1.4354","1.4377","1.4460","1.4332","-0.20%"
"Dec 28, 2009","1.4383","1.4376","1.4415","1.4354","-0.10%"
"Dec 25, 2009","1.4397","1.4376","1.4436","1.4363","0.15%"
"Dec 24, 2009","1.4375","1.4335","1.4419","1.4322","0.34%"
"Dec 23, 2009","1.4327","1.4251","1.4367","1.4234","0.54%"
"Dec 22, 2009","1.4250","1.4283","1.4333","1.4217","-0.24%"
"Dec 21, 2009","1.4284","1.4305","1.4374","1.4267","-0.41%"
"Dec 18, 2009","1.4343","1.4339","1.4413","1.4259","-0.01%"
"Dec 17, 2009","1.4345","1.4535","1.4537","1.4303","-1.32%"
"Dec 16, 2009","1.4537","1.4535","1.4590","1.4503","0.01%"
"Dec 15, 2009","1.4536","1.4658","1.4666","1.4504","-0.82%"
"Dec 14, 2009","1.4656","1.4625","1.4686","1.4597","0.23%"
"Dec 11, 2009","1.4623","1.4733","1.4777","1.4585","-0.76%"
"Dec 10, 2009","1.4735","1.4726","1.4762","1.4685","0.05%"
"Dec 09, 2009","1.4727","1.4706","1.4785","1.4670","0.19%"
"Dec 08, 2009","1.4699","1.4821","1.4867","1.4680","-0.81%"
"Dec 07, 2009","1.4819","1.4853","1.4905","1.4756","-0.22%"
"Dec 04, 2009","1.4851","1.5050","1.5091","1.4819","-1.45%"
"Dec 03, 2009","1.5070","1.5044","1.5143","1.5042","0.16%"
"Dec 02, 2009","1.5046","1.5084","1.5111","1.5031","-0.28%"
"Dec 01, 2009","1.5088","1.5006","1.5118","1.4970","0.53%"
"Nov 30, 2009","1.5009","1.5011","1.5085","1.4964","0.28%"
"Nov 27, 2009","1.4967","1.5021","1.5024","1.4828","-0.31%"
"Nov 26, 2009","1.5013","1.5132","1.5143","1.4958","-0.84%"
"Nov 25, 2009","1.5140","1.4960","1.5145","1.4954","1.20%"
"Nov 24, 2009","1.4961","1.4965","1.4990","1.4888","-0.03%"
"Nov 23, 2009","1.4966","1.4859","1.5002","1.4832","0.71%"
"Nov 20, 2009","1.4861","1.4924","1.4937","1.4798","-0.38%"
"Nov 19, 2009","1.4918","1.4962","1.4966","1.4840","-0.31%"
"Nov 18, 2009","1.4965","1.4875","1.4991","1.4857","0.66%"
"Nov 17, 2009","1.4867","1.4971","1.5000","1.4806","-0.71%"
"Nov 16, 2009","1.4973","1.4924","1.5017","1.4880","0.38%"
"Nov 13, 2009","1.4917","1.4848","1.4939","1.4826","0.50%"
"Nov 12, 2009","1.4843","1.4980","1.5017","1.4820","-0.93%"
"Nov 11, 2009","1.4983","1.4985","1.5050","1.4953","0.00%"
"Nov 10, 2009","1.4983","1.4996","1.5021","1.4937","-0.07%"
"Nov 09, 2009","1.4994","1.4884","1.5021","1.4851","0.98%"
"Nov 06, 2009","1.4849","1.4869","1.4915","1.4813","-0.22%"
"Nov 05, 2009","1.4881","1.4871","1.4918","1.4808","0.02%"
"Nov 04, 2009","1.4878","1.4731","1.4909","1.4701","1.11%"
"Nov 03, 2009","1.4715","1.4772","1.4811","1.4624","-0.37%"
"Nov 02, 2009","1.4769","1.4713","1.4846","1.4684","0.35%"
"Oct 30, 2009","1.4718","1.4835","1.4861","1.4704","-0.78%"
"Oct 29, 2009","1.4834","1.4714","1.4859","1.4682","0.83%"
"Oct 28, 2009","1.4712","1.4813","1.4843","1.4692","-0.66%"
"Oct 27, 2009","1.4809","1.4862","1.4928","1.4770","-0.41%"
"Oct 26, 2009","1.4870","1.5000","1.5063","1.4844","-0.89%"
"Oct 23, 2009","1.5003","1.5024","1.5063","1.4987","-0.13%"
"Oct 22, 2009","1.5023","1.5000","1.5040","1.4943","0.09%"
"Oct 21, 2009","1.5010","1.4934","1.5048","1.4888","0.48%"
"Oct 20, 2009","1.4939","1.4973","1.4994","1.4882","-0.17%"
"Oct 19, 2009","1.4964","1.4893","1.4979","1.4829","0.39%"
"Oct 16, 2009","1.4906","1.4945","1.4970","1.4848","-0.26%"
"Oct 15, 2009","1.4945","1.4935","1.4968","1.4842","0.13%"
"Oct 14, 2009","1.4926","1.4854","1.4948","1.4839","0.45%"
"Oct 13, 2009","1.4859","1.4781","1.4878","1.4760","0.58%"
"Oct 12, 2009","1.4773","1.4724","1.4815","1.4678","0.29%"
"Oct 09, 2009","1.4730","1.4794","1.4798","1.4675","-0.41%"
"Oct 08, 2009","1.4790","1.4688","1.4817","1.4680","0.69%"
"Oct 07, 2009","1.4688","1.4718","1.4739","1.4652","-0.20%"
"Oct 06, 2009","1.4718","1.4648","1.4766","1.4646","0.46%"
"Oct 05, 2009","1.4650","1.4592","1.4671","1.4581","0.54%"
"Oct 02, 2009","1.4572","1.4534","1.4650","1.4482","0.27%"
"Oct 01, 2009","1.4533","1.4638","1.4670","1.4518","-0.70%"
"Sep 30, 2009","1.4636","1.4583","1.4674","1.4575","0.35%"
"Sep 29, 2009","1.4585","1.4619","1.4646","1.4526","-0.25%"
"Sep 28, 2009","1.4621","1.4699","1.4722","1.4560","-0.46%"
"Sep 25, 2009","1.4688","1.4664","1.4726","1.4614","0.18%"
"Sep 24, 2009","1.4661","1.4710","1.4806","1.4628","-0.48%"
"Sep 23, 2009","1.4731","1.4790","1.4844","1.4725","-0.40%"
"Sep 22, 2009","1.4790","1.4679","1.4825","1.4677","0.78%"
"Sep 21, 2009","1.4675","1.4689","1.4714","1.4607","-0.24%"
"Sep 18, 2009","1.4710","1.4744","1.4747","1.4648","-0.20%"
"Sep 17, 2009","1.4739","1.4707","1.4768","1.4686","0.18%"
"Sep 16, 2009","1.4712","1.4658","1.4738","1.4642","0.35%"
"Sep 15, 2009","1.4661","1.4629","1.4688","1.4561","0.25%"
"Sep 14, 2009","1.4624","1.4596","1.4653","1.4515","0.37%"
"Sep 11, 2009","1.4570","1.4577","1.4637","1.4555","-0.06%"
"Sep 10, 2009","1.4579","1.4571","1.4615","1.4501","0.12%"
"Sep 09, 2009","1.4561","1.4488","1.4602","1.4465","0.52%"
"Sep 08, 2009","1.4485","1.4335","1.4538","1.4329","1.05%"
"Sep 07, 2009","1.4335","1.4310","1.4362","1.4301","0.29%"
"Sep 04, 2009","1.4293","1.4260","1.4330","1.4191","0.27%"
"Sep 03, 2009","1.4254","1.4265","1.4350","1.4236","-0.07%"
"Sep 02, 2009","1.4264","1.4217","1.4296","1.4191","0.30%"
"Sep 01, 2009","1.4221","1.4332","1.4379","1.4177","-0.77%"
"Aug 31, 2009","1.4331","1.4306","1.4369","1.4255","0.22%"
"Aug 28, 2009","1.4299","1.4346","1.4391","1.4282","-0.36%"
"Aug 27, 2009","1.4351","1.4244","1.4405","1.4218","0.71%"
"Aug 26, 2009","1.4250","1.4303","1.4351","1.4206","-0.34%"
"Aug 25, 2009","1.4298","1.4299","1.4364","1.4254","-0.03%"
"Aug 24, 2009","1.4303","1.4344","1.4362","1.4281","-0.14%"
"Aug 21, 2009","1.4323","1.4249","1.4378","1.4210","0.51%"
"Aug 20, 2009","1.4250","1.4234","1.4278","1.4201","0.10%"
"Aug 19, 2009","1.4236","1.4133","1.4269","1.4083","0.73%"
"Aug 18, 2009","1.4133","1.4074","1.4156","1.4067","0.39%"
"Aug 17, 2009","1.4078","1.4186","1.4194","1.4045","-0.89%"
"Aug 14, 2009","1.4205","1.4283","1.4309","1.4161","-0.59%"
"Aug 13, 2009","1.4289","1.4204","1.4330","1.4202","0.61%"
"Aug 12, 2009","1.4203","1.4148","1.4248","1.4084","0.40%"
"Aug 11, 2009","1.4146","1.4146","1.4186","1.4110","0.00%"
"Aug 10, 2009","1.4146","1.4175","1.4219","1.4103","-0.30%"
"Aug 07, 2009","1.4188","1.4356","1.4417","1.4155","-1.12%"
"Aug 06, 2009","1.4348","1.4416","1.4433","1.4329","-0.44%"
"Aug 05, 2009","1.4412","1.4394","1.4449","1.4357","0.08%"
"Aug 04, 2009","1.4400","1.4417","1.4434","1.4367","-0.12%"
"Aug 03, 2009","1.4418","1.4268","1.4447","1.4206","1.18%"
"Jul 31, 2009","1.4250","1.4067","1.4282","1.4065","1.25%"
"Jul 30, 2009","1.4074","1.4036","1.4097","1.4007","0.26%"
"Jul 29, 2009","1.4037","1.4174","1.4197","1.4007","-0.99%"
"Jul 28, 2009","1.4177","1.4242","1.4303","1.4127","-0.48%"
"Jul 27, 2009","1.4245","1.4226","1.4301","1.4171","0.28%"
"Jul 24, 2009","1.4205","1.4160","1.4256","1.4136","0.32%"
"Jul 23, 2009","1.4160","1.4206","1.4292","1.4119","-0.36%"
"Jul 22, 2009","1.4211","1.4220","1.4260","1.4155","-0.01%"
"Jul 21, 2009","1.4213","1.4223","1.4278","1.4162","-0.11%"
"Jul 20, 2009","1.4228","1.4116","1.4251","1.4109","0.91%"
"Jul 17, 2009","1.4099","1.4145","1.4150","1.4063","-0.35%"
"Jul 16, 2009","1.4148","1.4102","1.4167","1.4055","0.30%"
"Jul 15, 2009","1.4106","1.3969","1.4135","1.3962","0.97%"
"Jul 14, 2009","1.3970","1.3981","1.4017","1.3911","-0.06%"
"Jul 13, 2009","1.3979","1.3946","1.4002","1.3897","0.33%"
"Jul 10, 2009","1.3933","1.4024","1.4033","1.3879","-0.66%"
"Jul 09, 2009","1.4026","1.3874","1.4074","1.3857","1.07%"
"Jul 08, 2009","1.3877","1.3918","1.3939","1.3831","-0.32%"
"Jul 07, 2009","1.3922","1.3978","1.4053","1.3902","-0.38%"
"Jul 06, 2009","1.3975","1.3956","1.4000","1.3876","0.08%"
"Jul 03, 2009","1.3964","1.3938","1.4030","1.3937","0.16%"
"Jul 02, 2009","1.3941","1.4150","1.4156","1.3929","-1.49%"
"Jul 01, 2009","1.4152","1.4034","1.4203","1.4001","0.83%"
"Jun 30, 2009","1.4036","1.4080","1.4154","1.4002","-0.28%"
"Jun 29, 2009","1.4076","1.4063","1.4104","1.3982","0.16%"
"Jun 26, 2009","1.4053","1.3994","1.4120","1.3983","0.46%"
"Jun 25, 2009","1.3988","1.3936","1.4016","1.3890","0.45%"
"Jun 24, 2009","1.3926","1.4077","1.4140","1.3888","-1.09%"
"Jun 23, 2009","1.4079","1.3860","1.4108","1.3828","1.57%"
"Jun 22, 2009","1.3862","1.3952","1.3954","1.3826","-0.58%"
"Jun 19, 2009","1.3943","1.3905","1.4014","1.3884","0.27%"
"Jun 18, 2009","1.3906","1.3944","1.4004","1.3872","-0.26%"
"Jun 17, 2009","1.3942","1.3836","1.3986","1.3807","0.77%"
"Jun 16, 2009","1.3836","1.3788","1.3933","1.3748","0.32%"
"Jun 15, 2009","1.3792","1.3989","1.4004","1.3756","-1.65%"
"Jun 12, 2009","1.4024","1.4101","1.4131","1.3937","-0.58%"
"Jun 11, 2009","1.4106","1.3963","1.4179","1.3941","1.00%"
"Jun 10, 2009","1.3967","1.4068","1.4146","1.3914","-0.70%"
"Jun 09, 2009","1.4066","1.3895","1.4101","1.3851","1.21%"
"Jun 08, 2009","1.3898","1.3945","1.4004","1.3806","-0.55%"
"Jun 05, 2009","1.3975","1.4178","1.4269","1.3933","-1.50%"
"Jun 04, 2009","1.4188","1.4146","1.4242","1.4068","0.25%"
"Jun 03, 2009","1.4152","1.4310","1.4339","1.4108","-1.07%"
"Jun 02, 2009","1.4305","1.4149","1.4334","1.4102","0.99%"
"Jun 01, 2009","1.4165","1.4123","1.4247","1.4099","0.08%"
"May 29, 2009","1.4154","1.3937","1.4171","1.3926","1.56%"
"May 28, 2009","1.3937","1.3832","1.3982","1.3790","0.73%"
"May 27, 2009","1.3836","1.3988","1.4002","1.3823","-1.11%"
"May 26, 2009","1.3991","1.4011","1.4024","1.3858","-0.13%"
"May 25, 2009","1.4009","1.4036","1.4038","1.3960","0.11%"
"May 22, 2009","1.3994","1.3895","1.4053","1.3894","0.73%"
"May 21, 2009","1.3893","1.3761","1.3925","1.3727","0.89%"
"May 20, 2009","1.3771","1.3626","1.3830","1.3582","1.07%"
"May 19, 2009","1.3625","1.3555","1.3670","1.3531","0.50%"
"May 18, 2009","1.3557","1.3486","1.3565","1.3422","0.45%"
"May 15, 2009","1.3496","1.3637","1.3653","1.3464","-1.01%"
"May 14, 2009","1.3634","1.3596","1.3664","1.3523","0.26%"
"May 13, 2009","1.3599","1.3643","1.3722","1.3565","-0.33%"
"May 12, 2009","1.3644","1.3571","1.3707","1.3563","0.51%"
"May 11, 2009","1.3575","1.3647","1.3668","1.3554","-0.53%"
"May 08, 2009","1.3647","1.3390","1.3651","1.3340","1.85%"
"May 07, 2009","1.3399","1.3308","1.3471","1.3250","0.60%"
"May 06, 2009","1.3319","1.3306","1.3375","1.3247","-0.03%"
"May 05, 2009","1.3323","1.3409","1.3438","1.3281","-0.61%"
"May 04, 2009","1.3405","1.3288","1.3428","1.3212","1.05%"
"May 01, 2009","1.3266","1.3228","1.3330","1.3219","0.30%"
"Apr 30, 2009","1.3226","1.3251","1.3384","1.3190","-0.30%"
"Apr 29, 2009","1.3266","1.3140","1.3342","1.3121","0.91%"
"Apr 28, 2009","1.3146","1.3020","1.3168","1.2964","0.98%"
"Apr 27, 2009","1.3019","1.3241","1.3246","1.2998","-1.78%"
"Apr 24, 2009","1.3255","1.3139","1.3304","1.3114","0.82%"
"Apr 23, 2009","1.3147","1.2994","1.3161","1.2979","1.14%"
"Apr 22, 2009","1.2999","1.2948","1.3038","1.2885","0.49%"
"Apr 21, 2009","1.2935","1.2922","1.2995","1.2898","0.15%"
"Apr 20, 2009","1.2916","1.3046","1.3049","1.2884","-0.96%"
"Apr 17, 2009","1.3041","1.3185","1.3200","1.3019","-1.05%"
"Apr 16, 2009","1.3179","1.3211","1.3268","1.3126","-0.31%"
"Apr 15, 2009","1.3220","1.3259","1.3297","1.3146","-0.26%"
"Apr 14, 2009","1.3255","1.3369","1.3383","1.3228","-0.82%"
"Apr 13, 2009","1.3365","1.3189","1.3393","1.3127","1.34%"
"Apr 10, 2009","1.3188","1.3167","1.3190","1.3091","0.17%"
"Apr 09, 2009","1.3165","1.3265","1.3336","1.3125","-0.72%"
"Apr 08, 2009","1.3260","1.3267","1.3311","1.3146","-0.06%"
"Apr 07, 2009","1.3268","1.3395","1.3408","1.3226","-1.04%"
"Apr 06, 2009","1.3407","1.3510","1.3582","1.3357","-0.56%"
"Apr 03, 2009","1.3483","1.3460","1.3498","1.3365","0.15%"
"Apr 02, 2009","1.3463","1.3227","1.3518","1.3222","1.75%"
"Apr 01, 2009","1.3232","1.3247","1.3287","1.3167","-0.14%"
"Mar 31, 2009","1.3251","1.3202","1.3343","1.3173","0.33%"
"Mar 30, 2009","1.3207","1.3225","1.3286","1.3112","-0.71%"
"Mar 27, 2009","1.3301","1.3527","1.3594","1.3258","-1.72%"
"Mar 26, 2009","1.3534","1.3588","1.3640","1.3494","-0.38%"
"Mar 25, 2009","1.3586","1.3474","1.3653","1.3419","0.94%"
"Mar 24, 2009","1.3460","1.3622","1.3678","1.3432","-1.25%"
"Mar 23, 2009","1.3630","1.3632","1.3737","1.3487","0.35%"
"Mar 20, 2009","1.3583","1.3662","1.3730","1.3517","-0.61%"
"Mar 19, 2009","1.3666","1.3519","1.3739","1.3418","1.17%"
"Mar 18, 2009","1.3508","1.3015","1.3520","1.2987","3.80%"
"Mar 17, 2009","1.3013","1.2982","1.3033","1.2929","0.36%"
"Mar 16, 2009","1.2966","1.2884","1.3071","1.2835","0.32%"
"Mar 13, 2009","1.2925","1.2916","1.2959","1.2864","0.10%"
"Mar 12, 2009","1.2912","1.2842","1.2948","1.2732","0.65%"
"Mar 11, 2009","1.2829","1.2683","1.2866","1.2617","1.25%"
"Mar 10, 2009","1.2671","1.2603","1.2822","1.2577","0.48%"
"Mar 09, 2009","1.2611","1.2668","1.2729","1.2553","-0.24%"
"Mar 06, 2009","1.2641","1.2546","1.2755","1.2530","0.64%"
"Mar 05, 2009","1.2561","1.2660","1.2664","1.2479","-0.60%"
"Mar 04, 2009","1.2637","1.2557","1.2658","1.2456","0.56%"
"Mar 03, 2009","1.2567","1.2578","1.2679","1.2521","-0.14%"
"Mar 02, 2009","1.2584","1.2626","1.2636","1.2545","-0.67%"
"Feb 27, 2009","1.2669","1.2744","1.2752","1.2603","-0.49%"
"Feb 26, 2009","1.2731","1.2718","1.2810","1.2682","0.17%"
"Feb 25, 2009","1.2710","1.2843","1.2904","1.2692","-1.01%"
"Feb 24, 2009","1.2840","1.2694","1.2877","1.2661","1.04%"
"Feb 23, 2009","1.2708","1.2797","1.2992","1.2691","-1.05%"
"Feb 20, 2009","1.2843","1.2671","1.2885","1.2558","1.42%"
"Feb 19, 2009","1.2663","1.2534","1.2760","1.2525","0.99%"
"Feb 18, 2009","1.2539","1.2583","1.2641","1.2513","-0.41%"
"Feb 17, 2009","1.2591","1.2792","1.2811","1.2563","-1.46%"
"Feb 16, 2009","1.2778","1.2788","1.2826","1.2727","-0.65%"
"Feb 13, 2009","1.2862","1.2870","1.2944","1.2818","-0.02%"
"Feb 12, 2009","1.2864","1.2902","1.2944","1.2723","-0.25%"
"Feb 11, 2009","1.2896","1.2916","1.3000","1.2832","-0.02%"
"Feb 10, 2009","1.2898","1.3012","1.3075","1.2809","-0.86%"
"Feb 09, 2009","1.3010","1.2961","1.3094","1.2872","0.60%"
"Feb 06, 2009","1.2933","1.2797","1.2994","1.2749","1.15%"
"Feb 05, 2009","1.2786","1.2854","1.2906","1.2759","-0.34%"
"Feb 04, 2009","1.2830","1.3028","1.3070","1.2812","-1.59%"
"Feb 03, 2009","1.3037","1.2849","1.3058","1.2801","1.45%"
"Feb 02, 2009","1.2851","1.2769","1.2900","1.2706","0.54%"
"Jan 30, 2009","1.2782","1.2954","1.2961","1.2778","-1.37%"
"Jan 29, 2009","1.2959","1.3154","1.3180","1.2933","-1.36%"
"Jan 28, 2009","1.3138","1.3164","1.3327","1.3103","-0.30%"
"Jan 27, 2009","1.3178","1.3181","1.3330","1.3118","0.09%"
"Jan 26, 2009","1.3166","1.2969","1.3207","1.2860","1.34%"
"Jan 23, 2009","1.2992","1.3004","1.3036","1.2766","0.05%"
"Jan 22, 2009","1.2986","1.3051","1.3085","1.2908","-0.42%"
"Jan 21, 2009","1.3041","1.2907","1.3070","1.2826","1.18%"
"Jan 20, 2009","1.2889","1.3090","1.3105","1.2856","-1.70%"
"Jan 19, 2009","1.3112","1.3327","1.3386","1.3100","-1.44%"
"Jan 16, 2009","1.3304","1.3127","1.3344","1.3110","1.14%"
"Jan 15, 2009","1.3154","1.3184","1.3242","1.3026","-0.06%"
"Jan 14, 2009","1.3162","1.3190","1.3336","1.3092","-0.26%"
"Jan 13, 2009","1.3196","1.3361","1.3375","1.3142","-1.31%"
"Jan 12, 2009","1.3371","1.3474","1.3476","1.3287","-0.51%"
"Jan 09, 2009","1.3440","1.3710","1.3752","1.3415","-2.09%"
"Jan 08, 2009","1.3727","1.3651","1.3800","1.3533","0.68%"
"Jan 07, 2009","1.3634","1.3529","1.3748","1.3430","0.92%"
"Jan 06, 2009","1.3510","1.3611","1.3659","1.3312","-0.70%"
"Jan 05, 2009","1.3605","1.3902","1.3965","1.3546","-1.97%"
"Jan 02, 2009","1.3879","1.3993","1.4058","1.3840","-0.79%"
"Jan 01, 2009","1.3990","1.3967","1.4002","1.3948","0.07%"
"Dec 31, 2008","1.3980","1.4067","1.4148","1.3850","-0.65%"
"Dec 30, 2008","1.4072","1.3946","1.4223","1.3918","0.68%"
"Dec 29, 2008","1.3977","1.4060","1.4362","1.3968","-0.61%"
"Dec 26, 2008","1.4063","1.4009","1.4121","1.3990","0.34%"
"Dec 25, 2008","1.4015","1.4013","1.4051","1.3977","0.08%"
"Dec 24, 2008","1.4004","1.3941","1.4022","1.3914","0.29%"
"Dec 23, 2008","1.3963","1.3948","1.4021","1.3918","0.13%"
"Dec 22, 2008","1.3945","1.3934","1.4126","1.3902","0.19%"
"Dec 19, 2008","1.3919","1.4244","1.4312","1.3825","-2.05%"
"Dec 18, 2008","1.4211","1.4406","1.4721","1.4187","-1.33%"
"Dec 17, 2008","1.4403","1.4052","1.4438","1.3995","2.15%"
"Dec 16, 2008","1.4100","1.3703","1.4146","1.3631","2.83%"
"Dec 15, 2008","1.3712","1.3368","1.3713","1.3365","2.53%"
"Dec 12, 2008","1.3373","1.3356","1.3417","1.3251","0.10%"
"Dec 11, 2008","1.3359","1.3013","1.3407","1.3001","2.62%"
"Dec 10, 2008","1.3018","1.2927","1.3072","1.2902","0.81%"
"Dec 09, 2008","1.2913","1.2953","1.3001","1.2796","-0.19%"
"Dec 08, 2008","1.2937","1.2726","1.2964","1.2717","1.58%"
"Dec 05, 2008","1.2736","1.2788","1.2801","1.2628","-0.27%"
"Dec 04, 2008","1.2771","1.2702","1.2849","1.2549","0.44%"
"Dec 03, 2008","1.2715","1.2712","1.2742","1.2602","0.00%"
"Dec 02, 2008","1.2715","1.2611","1.2770","1.2564","0.70%"
"Dec 01, 2008","1.2626","1.2710","1.2712","1.2581","-0.57%"
"Nov 28, 2008","1.2698","1.2904","1.2961","1.2647","-1.51%"
"Nov 27, 2008","1.2893","1.2881","1.2970","1.2859","0.00%"
"Nov 26, 2008","1.2893","1.3064","1.3073","1.2821","-1.26%"
"Nov 25, 2008","1.3058","1.2929","1.3081","1.2805","1.12%"
"Nov 24, 2008","1.2914","1.2592","1.2930","1.2568","2.65%"
"Nov 21, 2008","1.2581","1.2447","1.2643","1.2425","0.99%"
"Nov 20, 2008","1.2458","1.2502","1.2595","1.2456","-0.52%"
"Nov 19, 2008","1.2523","1.2616","1.2814","1.2517","-0.78%"
"Nov 18, 2008","1.2622","1.2649","1.2700","1.2567","-0.20%"
"Nov 17, 2008","1.2647","1.2534","1.2742","1.2513","0.10%"
"Nov 14, 2008","1.2634","1.2787","1.2830","1.2617","-1.53%"
"Nov 13, 2008","1.2830","1.2505","1.2855","1.2389","2.87%"
"Nov 12, 2008","1.2472","1.2530","1.2636","1.2470","-0.38%"
"Nov 11, 2008","1.2519","1.2755","1.2801","1.2506","-1.68%"
"Nov 10, 2008","1.2733","1.2821","1.2930","1.2719","-0.05%"
"Nov 07, 2008","1.2739","1.2718","1.2853","1.2654","0.29%"
"Nov 06, 2008","1.2702","1.2961","1.2967","1.2702","-1.93%"
"Nov 05, 2008","1.2952","1.2980","1.3118","1.2792","-0.63%"
"Nov 04, 2008","1.3034","1.2631","1.3038","1.2527","3.09%"
"Nov 03, 2008","1.2643","1.2750","1.2900","1.2596","-0.71%"
"Oct 31, 2008","1.2733","1.2855","1.2897","1.2668","-1.36%"
"Oct 30, 2008","1.2908","1.2965","1.3295","1.2803","-0.42%"
"Oct 29, 2008","1.2963","1.2768","1.2994","1.2627","1.95%"
"Oct 28, 2008","1.2715","1.2475","1.2744","1.2330","1.99%"
"Oct 27, 2008","1.2467","1.2549","1.2686","1.2333","-1.24%"
"Oct 24, 2008","1.2624","1.2973","1.2980","1.2498","-2.74%"
"Oct 23, 2008","1.2980","1.2828","1.3003","1.2727","0.98%"
"Oct 22, 2008","1.2854","1.3065","1.3078","1.2773","-1.57%"
"Oct 21, 2008","1.3059","1.3332","1.3355","1.3051","-2.14%"
"Oct 20, 2008","1.3344","1.3403","1.3532","1.3286","-0.48%"
"Oct 17, 2008","1.3409","1.3483","1.3518","1.3387","-0.58%"
"Oct 16, 2008","1.3487","1.3467","1.3539","1.3346","0.20%"
"Oct 15, 2008","1.3460","1.3620","1.3685","1.3453","-1.20%"
"Oct 14, 2008","1.3624","1.3594","1.3771","1.3586","0.23%"
"Oct 13, 2008","1.3593","1.3559","1.3683","1.3458","1.33%"
"Oct 10, 2008","1.3414","1.3589","1.3652","1.3259","-1.35%"
"Oct 09, 2008","1.3597","1.3631","1.3785","1.3580","-0.24%"
"Oct 08, 2008","1.3630","1.3630","1.3758","1.3544","0.08%"
"Oct 07, 2008","1.3619","1.3486","1.3741","1.3481","0.96%"
"Oct 06, 2008","1.3490","1.3665","1.3676","1.3443","-2.04%"
"Oct 03, 2008","1.3771","1.3818","1.3907","1.3704","-0.34%"
"Oct 02, 2008","1.3818","1.4026","1.4027","1.3745","-1.45%"
"Oct 01, 2008","1.4021","1.4124","1.4176","1.3976","-0.59%"
"Sep 30, 2008","1.4104","1.4418","1.4427","1.4010","-2.18%"
"Sep 29, 2008","1.4418","1.4522","1.4566","1.4300","-1.35%"
"Sep 26, 2008","1.4615","1.4617","1.4678","1.4554","-0.05%"
"Sep 25, 2008","1.4622","1.4610","1.4769","1.4560","0.06%"
"Sep 24, 2008","1.4613","1.4646","1.4748","1.4611","-0.22%"
"Sep 23, 2008","1.4645","1.4795","1.4827","1.4623","-0.95%"
"Sep 22, 2008","1.4786","1.4492","1.4867","1.4438","2.21%"
"Sep 19, 2008","1.4466","1.4327","1.4500","1.4151","0.89%"
"Sep 18, 2008","1.4339","1.4319","1.4543","1.4280","0.24%"
"Sep 17, 2008","1.4305","1.4112","1.4385","1.4092","1.30%"
"Sep 16, 2008","1.4121","1.4263","1.4285","1.4079","-1.02%"
"Sep 15, 2008","1.4266","1.4315","1.4481","1.4086","0.27%"
"Sep 12, 2008","1.4228","1.4019","1.4232","1.3971","1.41%"
"Sep 11, 2008","1.4030","1.3975","1.4036","1.3880","0.31%"
"Sep 10, 2008","1.3986","1.4111","1.4179","1.3972","-1.07%"
"Sep 09, 2008","1.4137","1.4126","1.4227","1.4047","0.07%"
"Sep 08, 2008","1.4127","1.4384","1.4429","1.4054","-1.00%"
"Sep 05, 2008","1.4269","1.4234","1.4349","1.4197","0.13%"
"Sep 04, 2008","1.4251","1.4493","1.4546","1.4217","-1.64%"
"Sep 03, 2008","1.4489","1.4516","1.4531","1.4385","-0.19%"
"Sep 02, 2008","1.4517","1.4607","1.4607","1.4466","-0.61%"
"Sep 01, 2008","1.4606","1.4702","1.4719","1.4582","-0.46%"
"Aug 29, 2008","1.4674","1.4704","1.4770","1.4641","-0.17%"
"Aug 28, 2008","1.4699","1.4712","1.4811","1.4670","-0.16%"
"Aug 27, 2008","1.4722","1.4647","1.4777","1.4633","0.49%"
"Aug 26, 2008","1.4650","1.4751","1.4761","1.4568","-0.68%"
"Aug 25, 2008","1.4751","1.4787","1.4808","1.4696","-0.28%"
"Aug 22, 2008","1.4793","1.4895","1.4902","1.4758","-0.76%"
"Aug 21, 2008","1.4907","1.4742","1.4908","1.4731","1.11%"
"Aug 20, 2008","1.4744","1.4786","1.4807","1.4673","-0.30%"
"Aug 19, 2008","1.4789","1.4683","1.4796","1.4630","0.63%"
"Aug 18, 2008","1.4696","1.4682","1.4768","1.4672","0.05%"
"Aug 15, 2008","1.4689","1.4802","1.4808","1.4657","-0.80%"
"Aug 14, 2008","1.4808","1.4923","1.4950","1.4778","-0.78%"
"Aug 13, 2008","1.4924","1.4907","1.4979","1.4840","0.03%"
"Aug 12, 2008","1.4920","1.4898","1.4965","1.4813","0.10%"
"Aug 11, 2008","1.4905","1.4934","1.5084","1.4879","-0.67%"
"Aug 08, 2008","1.5006","1.5320","1.5335","1.4996","-2.06%"
"Aug 07, 2008","1.5322","1.5414","1.5505","1.5309","-0.60%"
"Aug 06, 2008","1.5414","1.5454","1.5518","1.5399","-0.28%"
"Aug 05, 2008","1.5458","1.5574","1.5577","1.5447","-0.76%"
"Aug 04, 2008","1.5577","1.5570","1.5633","1.5554","0.07%"
"Aug 01, 2008","1.5566","1.5598","1.5600","1.5513","-0.22%"
"Jul 31, 2008","1.5601","1.5577","1.5701","1.5568","0.15%"
"Jul 30, 2008","1.5577","1.5583","1.5617","1.5520","-0.08%"
"Jul 29, 2008","1.5589","1.5739","1.5760","1.5553","-1.00%"
"Jul 28, 2008","1.5746","1.5700","1.5769","1.5683","0.23%"
"Jul 25, 2008","1.5710","1.5676","1.5754","1.5662","0.22%"
"Jul 24, 2008","1.5676","1.5683","1.5714","1.5628","-0.08%"
"Jul 23, 2008","1.5688","1.5791","1.5798","1.5669","-0.61%"
"Jul 22, 2008","1.5784","1.5926","1.5945","1.5757","-0.92%"
"Jul 21, 2008","1.5930","1.5837","1.5932","1.5827","0.52%"
"Jul 18, 2008","1.5848","1.5859","1.5889","1.5805","-0.09%"
"Jul 17, 2008","1.5863","1.5824","1.5895","1.5784","0.25%"
"Jul 16, 2008","1.5824","1.5916","1.5949","1.5800","-0.60%"
"Jul 15, 2008","1.5919","1.5900","1.6039","1.5865","0.09%"
"Jul 14, 2008","1.5905","1.5964","1.5972","1.5841","-0.23%"
"Jul 11, 2008","1.5942","1.5787","1.5948","1.5765","0.99%"
"Jul 10, 2008","1.5785","1.5740","1.5801","1.5690","0.27%"
"Jul 09, 2008","1.5742","1.5669","1.5753","1.5649","0.45%"
"Jul 08, 2008","1.5672","1.5724","1.5740","1.5634","-0.32%"
"Jul 07, 2008","1.5722","1.5696","1.5753","1.5609","0.10%"
"Jul 04, 2008","1.5706","1.5698","1.5729","1.5653","0.05%"
"Jul 03, 2008","1.5698","1.5887","1.5911","1.5682","-1.15%"
"Jul 02, 2008","1.5880","1.5795","1.5890","1.5775","0.57%"
"Jul 01, 2008","1.5790","1.5756","1.5828","1.5723","0.22%"
"Jun 30, 2008","1.5756","1.5776","1.5837","1.5730","-0.25%"
"Jun 27, 2008","1.5795","1.5753","1.5795","1.5716","0.25%"
"Jun 26, 2008","1.5755","1.5669","1.5768","1.5627","0.54%"
"Jun 25, 2008","1.5671","1.5567","1.5688","1.5537","0.67%"
"Jun 24, 2008","1.5566","1.5518","1.5623","1.5492","0.27%"
"Jun 23, 2008","1.5524","1.5630","1.5631","1.5468","-0.52%"
"Jun 20, 2008","1.5605","1.5505","1.5652","1.5491","0.67%"
"Jun 19, 2008","1.5501","1.5531","1.5587","1.5466","-0.21%"
"Jun 18, 2008","1.5534","1.5506","1.5539","1.5460","0.16%"
"Jun 17, 2008","1.5509","1.5466","1.5552","1.5460","0.27%"
"Jun 16, 2008","1.5467","1.5410","1.5518","1.5345","0.57%"
"Jun 13, 2008","1.5380","1.5450","1.5484","1.5302","-0.43%"
"Jun 12, 2008","1.5447","1.5557","1.5566","1.5379","-0.69%"
"Jun 11, 2008","1.5554","1.5452","1.5587","1.5452","0.59%"
"Jun 10, 2008","1.5463","1.5642","1.5654","1.5439","-1.16%"
"Jun 09, 2008","1.5644","1.5793","1.5846","1.5617","-0.84%"
"Jun 06, 2008","1.5777","1.5583","1.5777","1.5570","1.23%"
"Jun 05, 2008","1.5586","1.5423","1.5603","1.5366","0.99%"
"Jun 04, 2008","1.5433","1.5434","1.5484","1.5419","-0.08%"
"Jun 03, 2008","1.5446","1.5538","1.5630","1.5410","-0.63%"
"Jun 02, 2008","1.5544","1.5560","1.5591","1.5487","-0.06%"
"May 30, 2008","1.5554","1.5517","1.5571","1.5462","0.24%"
"May 29, 2008","1.5516","1.5646","1.5665","1.5486","-0.78%"
"May 28, 2008","1.5638","1.5678","1.5762","1.5608","-0.30%"
"May 27, 2008","1.5685","1.5774","1.5819","1.5681","-0.58%"
"May 26, 2008","1.5776","1.5772","1.5794","1.5742","0.06%"
"May 23, 2008","1.5766","1.5726","1.5796","1.5697","0.23%"
"May 22, 2008","1.5730","1.5795","1.5816","1.5692","-0.37%"
"May 21, 2008","1.5789","1.5650","1.5795","1.5631","0.84%"
"May 20, 2008","1.5657","1.5518","1.5680","1.5503","0.90%"
"May 19, 2008","1.5518","1.5597","1.5633","1.5485","-0.38%"
"May 16, 2008","1.5577","1.5442","1.5602","1.5437","0.86%"
"May 15, 2008","1.5444","1.5482","1.5548","1.5419","-0.21%"
"May 14, 2008","1.5476","1.5471","1.5487","1.5395","0.10%"
"May 13, 2008","1.5460","1.5541","1.5567","1.5431","-0.56%"
"May 12, 2008","1.5547","1.5462","1.5571","1.5365","0.41%"
"May 09, 2008","1.5483","1.5404","1.5491","1.5394","0.49%"
"May 08, 2008","1.5407","1.5394","1.5441","1.5285","0.10%"
"May 07, 2008","1.5391","1.5531","1.5539","1.5365","-0.90%"
"May 06, 2008","1.5531","1.5498","1.5594","1.5451","0.25%"
"May 05, 2008","1.5492","1.5433","1.5519","1.5422","0.41%"
"May 02, 2008","1.5429","1.5467","1.5501","1.5360","-0.27%"
"May 01, 2008","1.5470","1.5614","1.5644","1.5429","-0.94%"
"Apr 30, 2008","1.5617","1.5568","1.5643","1.5517","0.31%"
"Apr 29, 2008","1.5569","1.5651","1.5661","1.5541","-0.58%"
"Apr 28, 2008","1.5660","1.5617","1.5693","1.5593","0.22%"
"Apr 25, 2008","1.5625","1.5680","1.5709","1.5555","-0.37%"
"Apr 24, 2008","1.5683","1.5883","1.5892","1.5638","-1.29%"
"Apr 23, 2008","1.5888","1.6000","1.6000","1.5859","-0.63%"
"Apr 22, 2008","1.5988","1.5912","1.6019","1.5834","0.52%"
"Apr 21, 2008","1.5906","1.5812","1.5948","1.5791","0.58%"
"Apr 18, 2008","1.5815","1.5895","1.5959","1.5712","-0.51%"
"Apr 17, 2008","1.5896","1.5940","1.5984","1.5846","-0.34%"
"Apr 16, 2008","1.5950","1.5791","1.5978","1.5758","1.00%"
"Apr 15, 2008","1.5792","1.5841","1.5876","1.5751","-0.33%"
"Apr 14, 2008","1.5845","1.5698","1.5887","1.5671","0.24%"
"Apr 11, 2008","1.5807","1.5743","1.5857","1.5739","0.41%"
"Apr 10, 2008","1.5743","1.5830","1.5913","1.5724","-0.56%"
"Apr 09, 2008","1.5832","1.5702","1.5866","1.5684","0.83%"
"Apr 08, 2008","1.5701","1.5710","1.5799","1.5674","-0.01%"
"Apr 07, 2008","1.5703","1.5732","1.5737","1.5627","-0.22%"
"Apr 04, 2008","1.5737","1.5683","1.5775","1.5637","0.36%"
"Apr 03, 2008","1.5680","1.5689","1.5694","1.5510","-0.05%"
"Apr 02, 2008","1.5688","1.5617","1.5703","1.5534","0.50%"
"Apr 01, 2008","1.5610","1.5764","1.5787","1.5560","-1.04%"
"Mar 31, 2008","1.5774","1.5812","1.5896","1.5760","-0.18%"
"Mar 28, 2008","1.5802","1.5779","1.5841","1.5741","0.13%"
"Mar 27, 2008","1.5781","1.5842","1.5848","1.5726","-0.40%"
"Mar 26, 2008","1.5845","1.5630","1.5860","1.5584","1.38%"
"Mar 25, 2008","1.5629","1.5433","1.5659","1.5408","1.28%"
"Mar 24, 2008","1.5432","1.5422","1.5458","1.5342","0.00%"
"Mar 21, 2008","1.5432","1.5433","1.5474","1.5406","-0.01%"
"Mar 20, 2008","1.5434","1.5641","1.5652","1.5397","-1.27%"
"Mar 19, 2008","1.5633","1.5623","1.5787","1.5583","0.04%"
"Mar 18, 2008","1.5626","1.5731","1.5834","1.5618","-0.65%"
"Mar 17, 2008","1.5729","1.5725","1.5906","1.5685","0.34%"
"Mar 14, 2008","1.5675","1.5627","1.5690","1.5532","0.22%"
"Mar 13, 2008","1.5640","1.5566","1.5646","1.5522","0.44%"
"Mar 12, 2008","1.5571","1.5337","1.5571","1.5334","1.55%"
"Mar 11, 2008","1.5333","1.5346","1.5497","1.5283","-0.05%"
"Mar 10, 2008","1.5341","1.5364","1.5404","1.5313","-0.07%"
"Mar 07, 2008","1.5351","1.5388","1.5461","1.5314","-0.25%"
"Mar 06, 2008","1.5389","1.5265","1.5396","1.5261","0.77%"
"Mar 05, 2008","1.5271","1.5215","1.5303","1.5146","0.40%"
"Mar 04, 2008","1.5210","1.5206","1.5250","1.5173","0.01%"
"Mar 03, 2008","1.5208","1.5194","1.5276","1.5156","0.18%"
"Feb 29, 2008","1.5181","1.5205","1.5240","1.5144","-0.28%"
"Feb 28, 2008","1.5223","1.5124","1.5231","1.5074","0.66%"
"Feb 27, 2008","1.5123","1.4980","1.5145","1.4972","0.99%"
"Feb 26, 2008","1.4975","1.4829","1.4984","1.4779","0.98%"
"Feb 25, 2008","1.4829","1.4839","1.4846","1.4795","-0.02%"
"Feb 22, 2008","1.4832","1.4812","1.4864","1.4789","0.13%"
"Feb 21, 2008","1.4813","1.4712","1.4838","1.4703","0.68%"
"Feb 20, 2008","1.4713","1.4727","1.4732","1.4614","-0.10%"
"Feb 19, 2008","1.4727","1.4655","1.4759","1.4642","0.46%"
"Feb 18, 2008","1.4659","1.4679","1.4692","1.4611","-0.14%"
"Feb 15, 2008","1.4680","1.4638","1.4711","1.4632","0.29%"
"Feb 14, 2008","1.4638","1.4570","1.4648","1.4548","0.47%"
"Feb 13, 2008","1.4570","1.4579","1.4600","1.4531","-0.09%"
"Feb 12, 2008","1.4583","1.4520","1.4615","1.4495","0.39%"
"Feb 11, 2008","1.4526","1.4518","1.4579","1.4482","0.11%"
"Feb 08, 2008","1.4510","1.4482","1.4548","1.4449","0.17%"
"Feb 07, 2008","1.4485","1.4636","1.4655","1.4440","-0.94%"
"Feb 06, 2008","1.4622","1.4645","1.4672","1.4591","-0.12%"
"Feb 05, 2008","1.4639","1.4832","1.4836","1.4622","-1.27%"
"Feb 04, 2008","1.4827","1.4807","1.4851","1.4794","0.18%"
"Feb 01, 2008","1.4800","1.4860","1.4954","1.4787","-0.44%"
"Jan 31, 2008","1.4866","1.4862","1.4915","1.4801","-0.09%"
"Jan 30, 2008","1.4880","1.4777","1.4907","1.4756","0.70%"
"Jan 29, 2008","1.4777","1.4784","1.4798","1.4737","-0.06%"
"Jan 28, 2008","1.4786","1.4681","1.4799","1.4660","0.78%"
"Jan 25, 2008","1.4672","1.4758","1.4777","1.4661","-0.65%"
"Jan 24, 2008","1.4768","1.4630","1.4781","1.4591","0.89%"
"Jan 23, 2008","1.4638","1.4627","1.4684","1.4510","0.08%"
"Jan 22, 2008","1.4627","1.4446","1.4644","1.4365","1.25%"
"Jan 21, 2008","1.4446","1.4605","1.4606","1.4422","-1.13%"
"Jan 18, 2008","1.4611","1.4647","1.4697","1.4604","-0.33%"
"Jan 17, 2008","1.4659","1.4651","1.4715","1.4588","0.00%"
"Jan 16, 2008","1.4659","1.4802","1.4860","1.4595","-1.01%"
"Jan 15, 2008","1.4808","1.4867","1.4923","1.4800","-0.40%"
"Jan 14, 2008","1.4868","1.4783","1.4916","1.4780","0.62%"
"Jan 11, 2008","1.4777","1.4808","1.4821","1.4762","-0.20%"
"Jan 10, 2008","1.4807","1.4658","1.4816","1.4640","1.00%"
"Jan 09, 2008","1.4661","1.4705","1.4745","1.4640","-0.32%"
"Jan 08, 2008","1.4708","1.4692","1.4746","1.4680","0.13%"
"Jan 07, 2008","1.4689","1.4747","1.4758","1.4659","-0.38%"
"Jan 04, 2008","1.4745","1.4748","1.4825","1.4695","-0.02%"
"Jan 03, 2008","1.4748","1.4726","1.4783","1.4687","0.14%"
"Jan 02, 2008","1.4727","1.4593","1.4752","1.4589","0.95%"
"Jan 01, 2008","1.4589","1.4587","1.4610","1.4578","-0.01%"