,Date,Price,Open,High,Low,Change %
0,2010-12-30,1.3283,1.3225,1.3316,1.3212,0.45%
1,2010-12-29,1.3224,1.3116,1.3239,1.3082,0.79%
2,2010-12-28,1.312,1.3166,1.3277,1.3094,-0.31%
3,2010-12-27,1.3161,1.3115,1.3171,1.3072,0.33%
4,2010-12-24,1.3118,1.3117,1.3151,1.3095,-0.02%
5,2010-12-23,1.312,1.3096,1.3154,1.3054,0.15%
6,2010-12-22,1.31,1.3095,1.3182,1.3076,0.03%
7,2010-12-21,1.3096,1.3127,1.3203,1.3072,-0.19%
8,2010-12-20,1.3121,1.3182,1.319,1.3095,-0.46%
9,2010-12-17,1.3182,1.3239,1.3361,1.3133,-0.43%
10,2010-12-16,1.3239,1.3213,1.3268,1.318,0.20%
11,2010-12-15,1.3213,1.3383,1.3384,1.3209,-1.28%
12,2010-12-14,1.3384,1.3388,1.3498,1.3361,-0.05%
13,2010-12-13,1.3391,1.3207,1.3435,1.3182,1.19%
14,2010-12-10,1.3234,1.3237,1.3283,1.3178,-0.08%
15,2010-12-09,1.3245,1.3264,1.3325,1.3165,-0.11%
16,2010-12-08,1.3259,1.3263,1.3283,1.318,-0.04%
17,2010-12-07,1.3264,1.3304,1.3401,1.326,-0.32%
18,2010-12-06,1.3306,1.3382,1.3422,1.3243,-0.81%
19,2010-12-03,1.3415,1.3222,1.3418,1.3192,1.42%
20,2010-12-02,1.3227,1.3137,1.325,1.3059,0.64%
21,2010-12-01,1.3143,1.2985,1.3181,1.297,1.26%
22,2010-11-30,1.298,1.3124,1.3152,1.2967,-1.07%
23,2010-11-29,1.3121,1.3287,1.3304,1.3064,-0.92%
24,2010-11-26,1.3243,1.3355,1.3368,1.3199,-0.90%
25,2010-11-25,1.3363,1.3333,1.3388,1.3287,0.23%
26,2010-11-24,1.3332,1.3367,1.3424,1.3284,-0.31%
27,2010-11-23,1.3373,1.3619,1.3634,1.3361,-1.86%
28,2010-11-22,1.3626,1.3714,1.3786,1.3575,-0.45%
29,2010-11-19,1.3687,1.3647,1.3733,1.3609,0.31%
30,2010-11-18,1.3645,1.3527,1.3668,1.3525,0.93%
31,2010-11-17,1.3519,1.3487,1.3566,1.3458,0.19%
32,2010-11-16,1.3493,1.3587,1.3655,1.3447,-0.68%
33,2010-11-15,1.3586,1.3712,1.3752,1.3565,-0.78%
34,2010-11-12,1.3693,1.3666,1.3779,1.3573,0.26%
35,2010-11-11,1.3658,1.3784,1.3823,1.3637,-0.91%
36,2010-11-10,1.3784,1.3777,1.3828,1.3672,0.04%
37,2010-11-09,1.3779,1.392,1.3975,1.375,-1.02%
38,2010-11-08,1.3921,1.4051,1.4085,1.3886,-0.81%
39,2010-11-05,1.4034,1.4216,1.425,1.4025,-1.17%
40,2010-11-04,1.42,1.4139,1.4284,1.4103,0.39%
41,2010-11-03,1.4145,1.4038,1.4177,1.3991,0.75%
42,2010-11-02,1.404,1.3897,1.4061,1.3881,1.07%
43,2010-11-01,1.3891,1.3963,1.4013,1.3862,-0.42%
44,2010-10-29,1.395,1.3927,1.3954,1.3806,0.13%
45,2010-10-28,1.3932,1.3761,1.3946,1.3757,1.18%
46,2010-10-27,1.3769,1.3859,1.3878,1.3733,-0.66%
47,2010-10-26,1.3861,1.3966,1.3984,1.3825,-0.75%
48,2010-10-25,1.3966,1.3958,1.4083,1.3935,0.10%
49,2010-10-22,1.3952,1.3924,1.3976,1.3858,0.23%
50,2010-10-21,1.392,1.396,1.4051,1.387,-0.34%
51,2010-10-20,1.3967,1.3731,1.3994,1.3699,1.69%
52,2010-10-19,1.3735,1.3951,1.4006,1.3714,-1.53%
53,2010-10-18,1.3948,1.3977,1.4,1.3832,-0.22%
54,2010-10-15,1.3979,1.4078,1.416,1.3938,-0.72%
55,2010-10-14,1.4081,1.3958,1.4124,1.3955,0.85%
56,2010-10-13,1.3963,1.3915,1.4002,1.391,0.27%
57,2010-10-12,1.3925,1.3874,1.3933,1.3773,0.37%
58,2010-10-11,1.3874,1.3994,1.4013,1.3866,-0.49%
59,2010-10-08,1.3943,1.3921,1.3986,1.3836,0.11%
60,2010-10-07,1.3927,1.3929,1.4028,1.3855,-0.07%
61,2010-10-06,1.3937,1.3836,1.3948,1.3798,0.74%
62,2010-10-05,1.3834,1.3679,1.3861,1.3636,1.11%
63,2010-10-04,1.3682,1.3792,1.3793,1.3666,-0.80%
64,2010-10-01,1.3792,1.3632,1.3796,1.362,1.17%
65,2010-09-30,1.3633,1.3626,1.3686,1.3561,0.03%
66,2010-09-29,1.3629,1.3579,1.3648,1.3565,0.35%
67,2010-09-28,1.3582,1.3445,1.3598,1.3382,0.93%
68,2010-09-27,1.3457,1.3482,1.3509,1.3426,-0.25%
69,2010-09-24,1.3491,1.3315,1.3498,1.3287,1.34%
70,2010-09-23,1.3312,1.3394,1.3415,1.3304,-0.66%
71,2010-09-22,1.34,1.3253,1.3441,1.3246,1.12%
72,2010-09-21,1.3252,1.3062,1.3282,1.3056,1.42%
73,2010-09-20,1.3066,1.3053,1.3121,1.3026,0.14%
74,2010-09-17,1.3048,1.3081,1.3162,1.3019,-0.21%
75,2010-09-16,1.3076,1.3012,1.3119,1.2976,0.55%
76,2010-09-15,1.3005,1.2993,1.3037,1.2954,0.07%
77,2010-09-14,1.2996,1.2878,1.3034,1.2827,0.90%
78,2010-09-13,1.288,1.2708,1.2894,1.2703,1.58%
79,2010-09-10,1.268,1.2699,1.275,1.2645,-0.11%
80,2010-09-09,1.2694,1.2721,1.2767,1.2662,-0.23%
81,2010-09-08,1.2723,1.2686,1.2766,1.2661,0.32%
82,2010-09-07,1.2683,1.2873,1.2877,1.2676,-1.48%
83,2010-09-06,1.2873,1.2889,1.292,1.2865,-0.18%
84,2010-09-03,1.2896,1.2829,1.29,1.281,0.55%
85,2010-09-02,1.2826,1.2799,1.2849,1.2776,0.11%
86,2010-09-01,1.2812,1.2686,1.2856,1.2662,0.99%
87,2010-08-31,1.2687,1.2664,1.2744,1.2624,0.18%
88,2010-08-30,1.2664,1.2766,1.277,1.2658,-0.79%
89,2010-08-27,1.2765,1.2716,1.2781,1.2679,0.35%
90,2010-08-26,1.272,1.266,1.2765,1.2649,0.49%
91,2010-08-25,1.2658,1.2631,1.2726,1.2604,0.26%
92,2010-08-24,1.2625,1.265,1.2719,1.2585,-0.26%
93,2010-08-23,1.2658,1.2704,1.2731,1.2645,-0.39%
94,2010-08-20,1.2708,1.2821,1.2835,1.2664,-0.88%
95,2010-08-19,1.2821,1.2855,1.2903,1.2771,-0.28%
96,2010-08-18,1.2857,1.2881,1.2925,1.2823,-0.19%
97,2010-08-17,1.2881,1.2824,1.2917,1.2804,0.43%
98,2010-08-16,1.2826,1.2761,1.2874,1.2736,0.58%
99,2010-08-13,1.2752,1.283,1.2909,1.275,-0.56%
100,2010-08-12,1.2824,1.2846,1.2933,1.278,-0.07%
101,2010-08-11,1.2833,1.3176,1.3191,1.2829,-2.62%
102,2010-08-10,1.3178,1.3222,1.3235,1.3072,-0.43%
103,2010-08-09,1.3235,1.3292,1.331,1.3216,-0.38%
104,2010-08-06,1.3285,1.3185,1.3336,1.3158,0.70%
105,2010-08-05,1.3192,1.3153,1.3235,1.3118,0.24%
106,2010-08-04,1.316,1.3229,1.3241,1.3132,-0.51%
107,2010-08-03,1.3228,1.3181,1.3263,1.3145,0.35%
108,2010-08-02,1.3182,1.3062,1.3197,1.3053,1.03%
109,2010-07-30,1.3048,1.3081,1.3096,1.2981,-0.24%
110,2010-07-29,1.3079,1.299,1.3108,1.298,0.66%
111,2010-07-28,1.2993,1.3002,1.3042,1.2965,-0.02%
112,2010-07-27,1.2995,1.299,1.3047,1.2951,0.00%
113,2010-07-26,1.2995,1.29,1.3005,1.2875,0.68%
114,2010-07-23,1.2907,1.2887,1.297,1.2794,0.12%
115,2010-07-22,1.2891,1.2753,1.2932,1.2738,1.05%
116,2010-07-21,1.2757,1.2881,1.2914,1.2731,-1.00%
117,2010-07-20,1.2886,1.2948,1.303,1.284,-0.42%
118,2010-07-19,1.294,1.2893,1.2992,1.2868,0.05%
119,2010-07-16,1.2933,1.293,1.301,1.2891,-0.05%
120,2010-07-15,1.2939,1.2741,1.2956,1.2708,1.55%
121,2010-07-14,1.2741,1.2723,1.2779,1.2681,0.10%
122,2010-07-13,1.2728,1.259,1.2739,1.2522,1.10%
123,2010-07-12,1.259,1.2639,1.2647,1.2548,-0.37%
124,2010-07-09,1.2637,1.2698,1.2725,1.2608,-0.45%
125,2010-07-08,1.2694,1.2633,1.2712,1.262,0.47%
126,2010-07-07,1.2635,1.2628,1.2666,1.2553,0.09%
127,2010-07-06,1.2624,1.2538,1.2664,1.2479,0.67%
128,2010-07-05,1.254,1.2557,1.2565,1.2508,-0.18%
129,2010-07-02,1.2563,1.2517,1.2616,1.2483,0.35%
130,2010-07-01,1.2519,1.2235,1.254,1.2193,2.31%
131,2010-06-30,1.2236,1.2185,1.2306,1.2166,0.44%
132,2010-06-29,1.2182,1.2277,1.2293,1.2152,-0.79%
133,2010-06-28,1.2279,1.2372,1.2399,1.2264,-0.79%
134,2010-06-25,1.2377,1.233,1.2398,1.2253,0.35%
135,2010-06-24,1.2334,1.2317,1.2388,1.226,0.15%
136,2010-06-23,1.2315,1.2264,1.2346,1.2209,0.38%
137,2010-06-22,1.2268,1.2322,1.2355,1.225,-0.32%
138,2010-06-21,1.2308,1.2439,1.2469,1.2303,-0.64%
139,2010-06-18,1.2387,1.2384,1.2419,1.2354,0.06%
140,2010-06-17,1.238,1.2299,1.2414,1.2243,0.58%
141,2010-06-16,1.2308,1.2322,1.2357,1.2256,-0.13%
142,2010-06-15,1.2324,1.2213,1.235,1.2164,0.87%
143,2010-06-14,1.2218,1.2125,1.23,1.2115,0.87%
144,2010-06-11,1.2113,1.2109,1.2155,1.2046,0.03%
145,2010-06-10,1.2109,1.1981,1.2143,1.1955,1.03%
146,2010-06-09,1.1986,1.197,1.2076,1.1923,0.09%
147,2010-06-08,1.1975,1.1919,1.2011,1.1901,0.50%
148,2010-06-07,1.1915,1.1946,1.1992,1.1876,-0.51%
149,2010-06-04,1.1976,1.2165,1.2218,1.1956,-1.49%
150,2010-06-03,1.2157,1.2247,1.2327,1.2151,-0.77%
151,2010-06-02,1.2251,1.2207,1.2277,1.2174,0.20%
152,2010-06-01,1.2227,1.2305,1.2355,1.2111,-0.64%
153,2010-05-31,1.2306,1.2273,1.2334,1.2264,0.29%
154,2010-05-28,1.227,1.2363,1.2455,1.2266,-0.80%
155,2010-05-27,1.2369,1.2157,1.2395,1.2153,1.65%
156,2010-05-26,1.2168,1.2373,1.2376,1.2164,-1.59%
157,2010-05-25,1.2365,1.2344,1.2372,1.2172,0.10%
158,2010-05-24,1.2353,1.2546,1.2561,1.2344,-1.75%
159,2010-05-21,1.2573,1.2468,1.2675,1.2461,0.84%
160,2010-05-20,1.2468,1.2429,1.2601,1.2298,0.31%
161,2010-05-19,1.2429,1.2183,1.2434,1.2144,2.02%
162,2010-05-18,1.2183,1.2395,1.2447,1.2163,-1.71%
163,2010-05-17,1.2395,1.2351,1.2416,1.2235,0.26%
164,2010-05-14,1.2363,1.2524,1.2578,1.2355,-1.33%
165,2010-05-13,1.253,1.2631,1.2686,1.2518,-0.73%
166,2010-05-12,1.2622,1.2639,1.274,1.2603,-0.26%
167,2010-05-11,1.2655,1.2791,1.2804,1.2652,-0.99%
168,2010-05-10,1.2782,1.2933,1.3094,1.2758,0.16%
169,2010-05-07,1.2762,1.2633,1.28,1.2588,0.84%
170,2010-05-06,1.2656,1.2824,1.2856,1.2521,-1.23%
171,2010-05-05,1.2814,1.2968,1.2998,1.2789,-1.29%
172,2010-05-04,1.2982,1.3192,1.3215,1.2976,-1.61%
173,2010-05-03,1.3194,1.3342,1.3342,1.3154,-0.78%
174,2010-04-30,1.3298,1.3245,1.3345,1.3226,0.55%
175,2010-04-29,1.3225,1.3204,1.3281,1.3183,0.08%
176,2010-04-28,1.3214,1.3156,1.3271,1.3115,0.37%
177,2010-04-27,1.3165,1.3396,1.3415,1.3159,-1.73%
178,2010-04-26,1.3397,1.3346,1.3398,1.3289,0.08%
179,2010-04-23,1.3386,1.3286,1.3403,1.3202,0.70%
180,2010-04-22,1.3293,1.3385,1.3422,1.3258,-0.70%
181,2010-04-21,1.3387,1.3437,1.3448,1.3357,-0.38%
182,2010-04-20,1.3438,1.349,1.3524,1.3427,-0.35%
183,2010-04-19,1.3485,1.3478,1.3498,1.3413,-0.10%
184,2010-04-16,1.3499,1.358,1.3584,1.3473,-0.60%
185,2010-04-15,1.358,1.3653,1.3668,1.3518,-0.53%
186,2010-04-14,1.3653,1.3617,1.3679,1.3596,0.34%
187,2010-04-13,1.3607,1.3584,1.3627,1.3545,0.15%
188,2010-04-12,1.3586,1.3622,1.3693,1.3563,0.64%
189,2010-04-09,1.3499,1.336,1.3503,1.3341,1.04%
190,2010-04-08,1.336,1.3337,1.3368,1.328,0.15%
191,2010-04-07,1.334,1.3396,1.3409,1.3323,-0.44%
192,2010-04-06,1.3399,1.3483,1.3497,1.3354,-0.65%
193,2010-04-05,1.3486,1.3491,1.3541,1.3461,-0.13%
194,2010-04-02,1.3504,1.3584,1.3593,1.3474,-0.57%
195,2010-04-01,1.3582,1.351,1.3592,1.3457,0.52%
196,2010-03-31,1.3512,1.3415,1.355,1.3384,0.74%
197,2010-03-30,1.3413,1.3479,1.354,1.3394,-0.48%
198,2010-03-29,1.3478,1.3488,1.3508,1.3418,0.48%
199,2010-03-26,1.3413,1.328,1.3428,1.3268,1.01%
200,2010-03-25,1.3279,1.3316,1.3386,1.3266,-0.26%
201,2010-03-24,1.3314,1.3495,1.3502,1.3304,-1.38%
202,2010-03-23,1.35,1.3563,1.3571,1.3474,-0.41%
203,2010-03-22,1.3556,1.3525,1.3569,1.3462,0.16%
204,2010-03-19,1.3534,1.3607,1.3629,1.3502,-0.54%
205,2010-03-18,1.3607,1.3732,1.3743,1.3583,-0.95%
206,2010-03-17,1.3738,1.377,1.3818,1.3725,-0.25%
207,2010-03-16,1.3772,1.3677,1.3786,1.3657,0.70%
208,2010-03-15,1.3676,1.3777,1.3779,1.3639,-0.63%
209,2010-03-12,1.3763,1.3678,1.3798,1.3668,0.61%
210,2010-03-11,1.3679,1.3656,1.3689,1.3618,0.14%
211,2010-03-10,1.366,1.36,1.368,1.3543,0.43%
212,2010-03-09,1.3601,1.363,1.3636,1.3535,-0.21%
213,2010-03-08,1.363,1.3632,1.3706,1.3607,0.06%
214,2010-03-05,1.3622,1.3581,1.363,1.3527,0.31%
215,2010-03-04,1.358,1.3695,1.3714,1.355,-0.88%
216,2010-03-03,1.37,1.3616,1.3738,1.3592,0.70%
217,2010-03-02,1.3605,1.3557,1.3623,1.3433,0.32%
218,2010-03-01,1.3561,1.3624,1.3657,1.3458,-0.48%
219,2010-02-26,1.3626,1.3548,1.3685,1.3531,0.52%
220,2010-02-25,1.3556,1.3536,1.3572,1.3451,0.18%
221,2010-02-24,1.3531,1.351,1.3627,1.3501,0.19%
222,2010-02-23,1.3506,1.3592,1.3693,1.3495,-0.68%
223,2010-02-22,1.3598,1.3636,1.3653,1.3571,-0.12%
224,2010-02-19,1.3615,1.3529,1.3619,1.3443,-0.01%
225,2010-02-18,1.3617,1.3606,1.3656,1.3539,0.08%
226,2010-02-17,1.3606,1.3765,1.379,1.3585,-1.18%
227,2010-02-16,1.3769,1.3596,1.3779,1.3588,1.25%
228,2010-02-15,1.3599,1.3614,1.3636,1.3579,-0.14%
229,2010-02-12,1.3618,1.3694,1.3699,1.3532,-0.47%
230,2010-02-11,1.3682,1.3732,1.3802,1.3594,-0.33%
231,2010-02-10,1.3727,1.3792,1.3816,1.3676,-0.46%
232,2010-02-09,1.379,1.3651,1.384,1.3642,1.00%
233,2010-02-08,1.3653,1.3664,1.3714,1.362,-0.08%
234,2010-02-05,1.3664,1.3729,1.3748,1.3586,-0.52%
235,2010-02-04,1.3736,1.389,1.3905,1.3727,-1.17%
236,2010-02-03,1.3899,1.3963,1.4026,1.3889,-0.46%
237,2010-02-02,1.3963,1.3931,1.3977,1.3887,0.24%
238,2010-02-01,1.3929,1.3864,1.3939,1.3851,0.47%
239,2010-01-29,1.3864,1.3973,1.399,1.3861,-0.71%
240,2010-01-28,1.3963,1.4021,1.4053,1.3936,-0.40%
241,2010-01-27,1.4019,1.4075,1.4098,1.3994,-0.40%
242,2010-01-26,1.4076,1.415,1.4181,1.4042,-0.54%
243,2010-01-25,1.4152,1.4161,1.4199,1.4128,0.10%
244,2010-01-22,1.4138,1.408,1.4182,1.4065,0.33%
245,2010-01-21,1.4091,1.4106,1.4144,1.4026,-0.07%
246,2010-01-20,1.4101,1.4291,1.4297,1.4078,-1.40%
247,2010-01-19,1.4301,1.4385,1.4415,1.4251,-0.59%
248,2010-01-18,1.4386,1.434,1.4403,1.4334,0.01%
249,2010-01-15,1.4385,1.4504,1.4514,1.4338,-0.81%
250,2010-01-14,1.4503,1.451,1.4556,1.4446,-0.06%
251,2010-01-13,1.4512,1.4484,1.4584,1.4456,0.12%
252,2010-01-12,1.4495,1.4514,1.4548,1.4453,-0.13%
253,2010-01-11,1.4514,1.4432,1.4558,1.4407,0.70%
254,2010-01-08,1.4413,1.432,1.444,1.4263,0.66%
255,2010-01-07,1.4318,1.4407,1.4447,1.4295,-0.66%
256,2010-01-06,1.4413,1.4364,1.4436,1.4282,0.31%
257,2010-01-05,1.4369,1.4409,1.4484,1.4346,-0.31%
258,2010-01-04,1.4413,1.4325,1.4457,1.4257,0.61%
259,2010-01-01,1.4326,1.4328,1.433,1.4322,0.06%
260,2009-12-31,1.4318,1.4339,1.4442,1.4306,-0.12%
261,2009-12-30,1.4335,1.4352,1.4364,1.4274,-0.13%
262,2009-12-29,1.4354,1.4377,1.446,1.4332,-0.20%
263,2009-12-28,1.4383,1.4376,1.4415,1.4354,-0.10%
264,2009-12-25,1.4397,1.4376,1.4436,1.4363,0.15%
265,2009-12-24,1.4375,1.4335,1.4419,1.4322,0.34%
266,2009-12-23,1.4327,1.4251,1.4367,1.4234,0.54%
267,2009-12-22,1.425,1.4283,1.4333,1.4217,-0.24%
268,2009-12-21,1.4284,1.4305,1.4374,1.4267,-0.41%
269,2009-12-18,1.4343,1.4339,1.4413,1.4259,-0.01%
270,2009-12-17,1.4345,1.4535,1.4537,1.4303,-1.32%
271,2009-12-16,1.4537,1.4535,1.459,1.4503,0.01%
272,2009-12-15,1.4536,1.4658,1.4666,1.4504,-0.82%
273,2009-12-14,1.4656,1.4625,1.4686,1.4597,0.23%
274,2009-12-11,1.4623,1.4733,1.4777,1.4585,-0.76%
275,2009-12-10,1.4735,1.4726,1.4762,1.4685,0.05%
276,2009-12-09,1.4727,1.4706,1.4785,1.467,0.19%
277,2009-12-08,1.4699,1.4821,1.4867,1.468,-0.81%
278,2009-12-07,1.4819,1.4853,1.4905,1.4756,-0.22%
279,2009-12-04,1.4851,1.505,1.5091,1.4819,-1.45%
280,2009-12-03,1.507,1.5044,1.5143,1.5042,0.16%
281,2009-12-02,1.5046,1.5084,1.5111,1.5031,-0.28%
282,2009-12-01,1.5088,1.5006,1.5118,1.497,0.53%
283,2009-11-30,1.5009,1.5011,1.5085,1.4964,0.28%
284,2009-11-27,1.4967,1.5021,1.5024,1.4828,-0.31%
285,2009-11-26,1.5013,1.5132,1.5143,1.4958,-0.84%
286,2009-11-25,1.514,1.496,1.5145,1.4954,1.20%
287,2009-11-24,1.4961,1.4965,1.499,1.4888,-0.03%
288,2009-11-23,1.4966,1.4859,1.5002,1.4832,0.71%
289,2009-11-20,1.4861,1.4924,1.4937,1.4798,-0.38%
290,2009-11-19,1.4918,1.4962,1.4966,1.484,-0.31%
291,2009-11-18,1.4965,1.4875,1.4991,1.4857,0.66%
292,2009-11-17,1.4867,1.4971,1.5,1.4806,-0.71%
293,2009-11-16,1.4973,1.4924,1.5017,1.488,0.38%
294,2009-11-13,1.4917,1.4848,1.4939,1.4826,0.50%
295,2009-11-12,1.4843,1.498,1.5017,1.482,-0.93%
296,2009-11-11,1.4983,1.4985,1.505,1.4953,0.00%
297,2009-11-10,1.4983,1.4996,1.5021,1.4937,-0.07%
298,2009-11-09,1.4994,1.4884,1.5021,1.4851,0.98%
299,2009-11-06,1.4849,1.4869,1.4915,1.4813,-0.22%
300,2009-11-05,1.4881,1.4871,1.4918,1.4808,0.02%
301,2009-11-04,1.4878,1.4731,1.4909,1.4701,1.11%
302,2009-11-03,1.4715,1.4772,1.4811,1.4624,-0.37%
303,2009-11-02,1.4769,1.4713,1.4846,1.4684,0.35%
304,2009-10-30,1.4718,1.4835,1.4861,1.4704,-0.78%
305,2009-10-29,1.4834,1.4714,1.4859,1.4682,0.83%
306,2009-10-28,1.4712,1.4813,1.4843,1.4692,-0.66%
307,2009-10-27,1.4809,1.4862,1.4928,1.477,-0.41%
308,2009-10-26,1.487,1.5,1.5063,1.4844,-0.89%
309,2009-10-23,1.5003,1.5024,1.5063,1.4987,-0.13%
310,2009-10-22,1.5023,1.5,1.504,1.4943,0.09%
311,2009-10-21,1.501,1.4934,1.5048,1.4888,0.48%
312,2009-10-20,1.4939,1.4973,1.4994,1.4882,-0.17%
313,2009-10-19,1.4964,1.4893,1.4979,1.4829,0.39%
314,2009-10-16,1.4906,1.4945,1.497,1.4848,-0.26%
315,2009-10-15,1.4945,1.4935,1.4968,1.4842,0.13%
316,2009-10-14,1.4926,1.4854,1.4948,1.4839,0.45%
317,2009-10-13,1.4859,1.4781,1.4878,1.476,0.58%
318,2009-10-12,1.4773,1.4724,1.4815,1.4678,0.29%
319,2009-10-09,1.473,1.4794,1.4798,1.4675,-0.41%
320,2009-10-08,1.479,1.4688,1.4817,1.468,0.69%
321,2009-10-07,1.4688,1.4718,1.4739,1.4652,-0.20%
322,2009-10-06,1.4718,1.4648,1.4766,1.4646,0.46%
323,2009-10-05,1.465,1.4592,1.4671,1.4581,0.54%
324,2009-10-02,1.4572,1.4534,1.465,1.4482,0.27%
325,2009-10-01,1.4533,1.4638,1.467,1.4518,-0.70%
326,2009-09-30,1.4636,1.4583,1.4674,1.4575,0.35%
327,2009-09-29,1.4585,1.4619,1.4646,1.4526,-0.25%
328,2009-09-28,1.4621,1.4699,1.4722,1.456,-0.46%
329,2009-09-25,1.4688,1.4664,1.4726,1.4614,0.18%
330,2009-09-24,1.4661,1.471,1.4806,1.4628,-0.48%
331,2009-09-23,1.4731,1.479,1.4844,1.4725,-0.40%
332,2009-09-22,1.479,1.4679,1.4825,1.4677,0.78%
333,2009-09-21,1.4675,1.4689,1.4714,1.4607,-0.24%
334,2009-09-18,1.471,1.4744,1.4747,1.4648,-0.20%
335,2009-09-17,1.4739,1.4707,1.4768,1.4686,0.18%
336,2009-09-16,1.4712,1.4658,1.4738,1.4642,0.35%
337,2009-09-15,1.4661,1.4629,1.4688,1.4561,0.25%
338,2009-09-14,1.4624,1.4596,1.4653,1.4515,0.37%
339,2009-09-11,1.457,1.4577,1.4637,1.4555,-0.06%
340,2009-09-10,1.4579,1.4571,1.4615,1.4501,0.12%
341,2009-09-09,1.4561,1.4488,1.4602,1.4465,0.52%
342,2009-09-08,1.4485,1.4335,1.4538,1.4329,1.05%
343,2009-09-07,1.4335,1.431,1.4362,1.4301,0.29%
344,2009-09-04,1.4293,1.426,1.433,1.4191,0.27%
345,2009-09-03,1.4254,1.4265,1.435,1.4236,-0.07%
346,2009-09-02,1.4264,1.4217,1.4296,1.4191,0.30%
347,2009-09-01,1.4221,1.4332,1.4379,1.4177,-0.77%
348,2009-08-31,1.4331,1.4306,1.4369,1.4255,0.22%
349,2009-08-28,1.4299,1.4346,1.4391,1.4282,-0.36%
350,2009-08-27,1.4351,1.4244,1.4405,1.4218,0.71%
351,2009-08-26,1.425,1.4303,1.4351,1.4206,-0.34%
352,2009-08-25,1.4298,1.4299,1.4364,1.4254,-0.03%
353,2009-08-24,1.4303,1.4344,1.4362,1.4281,-0.14%
354,2009-08-21,1.4323,1.4249,1.4378,1.421,0.51%
355,2009-08-20,1.425,1.4234,1.4278,1.4201,0.10%
356,2009-08-19,1.4236,1.4133,1.4269,1.4083,0.73%
357,2009-08-18,1.4133,1.4074,1.4156,1.4067,0.39%
358,2009-08-17,1.4078,1.4186,1.4194,1.4045,-0.89%
359,2009-08-14,1.4205,1.4283,1.4309,1.4161,-0.59%
360,2009-08-13,1.4289,1.4204,1.433,1.4202,0.61%
361,2009-08-12,1.4203,1.4148,1.4248,1.4084,0.40%
362,2009-08-11,1.4146,1.4146,1.4186,1.411,0.00%
363,2009-08-10,1.4146,1.4175,1.4219,1.4103,-0.30%
364,2009-08-07,1.4188,1.4356,1.4417,1.4155,-1.12%
365,2009-08-06,1.4348,1.4416,1.4433,1.4329,-0.44%
366,2009-08-05,1.4412,1.4394,1.4449,1.4357,0.08%
367,2009-08-04,1.44,1.4417,1.4434,1.4367,-0.12%
368,2009-08-03,1.4418,1.4268,1.4447,1.4206,1.18%
369,2009-07-31,1.425,1.4067,1.4282,1.4065,1.25%
370,2009-07-30,1.4074,1.4036,1.4097,1.4007,0.26%
371,2009-07-29,1.4037,1.4174,1.4197,1.4007,-0.99%
372,2009-07-28,1.4177,1.4242,1.4303,1.4127,-0.48%
373,2009-07-27,1.4245,1.4226,1.4301,1.4171,0.28%
374,2009-07-24,1.4205,1.416,1.4256,1.4136,0.32%
375,2009-07-23,1.416,1.4206,1.4292,1.4119,-0.36%
376,2009-07-22,1.4211,1.422,1.426,1.4155,-0.01%
377,2009-07-21,1.4213,1.4223,1.4278,1.4162,-0.11%
378,2009-07-20,1.4228,1.4116,1.4251,1.4109,0.91%
379,2009-07-17,1.4099,1.4145,1.415,1.4063,-0.35%
380,2009-07-16,1.4148,1.4102,1.4167,1.4055,0.30%
381,2009-07-15,1.4106,1.3969,1.4135,1.3962,0.97%
382,2009-07-14,1.397,1.3981,1.4017,1.3911,-0.06%
383,2009-07-13,1.3979,1.3946,1.4002,1.3897,0.33%
384,2009-07-10,1.3933,1.4024,1.4033,1.3879,-0.66%
385,2009-07-09,1.4026,1.3874,1.4074,1.3857,1.07%
386,2009-07-08,1.3877,1.3918,1.3939,1.3831,-0.32%
387,2009-07-07,1.3922,1.3978,1.4053,1.3902,-0.38%
388,2009-07-06,1.3975,1.3956,1.4,1.3876,0.08%
389,2009-07-03,1.3964,1.3938,1.403,1.3937,0.16%
390,2009-07-02,1.3941,1.415,1.4156,1.3929,-1.49%
391,2009-07-01,1.4152,1.4034,1.4203,1.4001,0.83%
392,2009-06-30,1.4036,1.408,1.4154,1.4002,-0.28%
393,2009-06-29,1.4076,1.4063,1.4104,1.3982,0.16%
394,2009-06-26,1.4053,1.3994,1.412,1.3983,0.46%
395,2009-06-25,1.3988,1.3936,1.4016,1.389,0.45%
396,2009-06-24,1.3926,1.4077,1.414,1.3888,-1.09%
397,2009-06-23,1.4079,1.386,1.4108,1.3828,1.57%
398,2009-06-22,1.3862,1.3952,1.3954,1.3826,-0.58%
399,2009-06-19,1.3943,1.3905,1.4014,1.3884,0.27%
400,2009-06-18,1.3906,1.3944,1.4004,1.3872,-0.26%
401,2009-06-17,1.3942,1.3836,1.3986,1.3807,0.77%
402,2009-06-16,1.3836,1.3788,1.3933,1.3748,0.32%
403,2009-06-15,1.3792,1.3989,1.4004,1.3756,-1.65%
404,2009-06-12,1.4024,1.4101,1.4131,1.3937,-0.58%
405,2009-06-11,1.4106,1.3963,1.4179,1.3941,1.00%
406,2009-06-10,1.3967,1.4068,1.4146,1.3914,-0.70%
407,2009-06-09,1.4066,1.3895,1.4101,1.3851,1.21%
408,2009-06-08,1.3898,1.3945,1.4004,1.3806,-0.55%
409,2009-06-05,1.3975,1.4178,1.4269,1.3933,-1.50%
410,2009-06-04,1.4188,1.4146,1.4242,1.4068,0.25%
411,2009-06-03,1.4152,1.431,1.4339,1.4108,-1.07%
412,2009-06-02,1.4305,1.4149,1.4334,1.4102,0.99%
413,2009-06-01,1.4165,1.4123,1.4247,1.4099,0.08%
414,2009-05-29,1.4154,1.3937,1.4171,1.3926,1.56%
415,2009-05-28,1.3937,1.3832,1.3982,1.379,0.73%
416,2009-05-27,1.3836,1.3988,1.4002,1.3823,-1.11%
417,2009-05-26,1.3991,1.4011,1.4024,1.3858,-0.13%
418,2009-05-25,1.4009,1.4036,1.4038,1.396,0.11%
419,2009-05-22,1.3994,1.3895,1.4053,1.3894,0.73%
420,2009-05-21,1.3893,1.3761,1.3925,1.3727,0.89%
421,2009-05-20,1.3771,1.3626,1.383,1.3582,1.07%
422,2009-05-19,1.3625,1.3555,1.367,1.3531,0.50%
423,2009-05-18,1.3557,1.3486,1.3565,1.3422,0.45%
424,2009-05-15,1.3496,1.3637,1.3653,1.3464,-1.01%
425,2009-05-14,1.3634,1.3596,1.3664,1.3523,0.26%
426,2009-05-13,1.3599,1.3643,1.3722,1.3565,-0.33%
427,2009-05-12,1.3644,1.3571,1.3707,1.3563,0.51%
428,2009-05-11,1.3575,1.3647,1.3668,1.3554,-0.53%
429,2009-05-08,1.3647,1.339,1.3651,1.334,1.85%
430,2009-05-07,1.3399,1.3308,1.3471,1.325,0.60%
431,2009-05-06,1.3319,1.3306,1.3375,1.3247,-0.03%
432,2009-05-05,1.3323,1.3409,1.3438,1.3281,-0.61%
433,2009-05-04,1.3405,1.3288,1.3428,1.3212,1.05%
434,2009-05-01,1.3266,1.3228,1.333,1.3219,0.30%
435,2009-04-30,1.3226,1.3251,1.3384,1.319,-0.30%
436,2009-04-29,1.3266,1.314,1.3342,1.3121,0.91%
437,2009-04-28,1.3146,1.302,1.3168,1.2964,0.98%
438,2009-04-27,1.3019,1.3241,1.3246,1.2998,-1.78%
439,2009-04-24,1.3255,1.3139,1.3304,1.3114,0.82%
440,2009-04-23,1.3147,1.2994,1.3161,1.2979,1.14%
441,2009-04-22,1.2999,1.2948,1.3038,1.2885,0.49%
442,2009-04-21,1.2935,1.2922,1.2995,1.2898,0.15%
443,2009-04-20,1.2916,1.3046,1.3049,1.2884,-0.96%
444,2009-04-17,1.3041,1.3185,1.32,1.3019,-1.05%
445,2009-04-16,1.3179,1.3211,1.3268,1.3126,-0.31%
446,2009-04-15,1.322,1.3259,1.3297,1.3146,-0.26%
447,2009-04-14,1.3255,1.3369,1.3383,1.3228,-0.82%
448,2009-04-13,1.3365,1.3189,1.3393,1.3127,1.34%
449,2009-04-10,1.3188,1.3167,1.319,1.3091,0.17%
450,2009-04-09,1.3165,1.3265,1.3336,1.3125,-0.72%
451,2009-04-08,1.326,1.3267,1.3311,1.3146,-0.06%
452,2009-04-07,1.3268,1.3395,1.3408,1.3226,-1.04%
453,2009-04-06,1.3407,1.351,1.3582,1.3357,-0.56%
454,2009-04-03,1.3483,1.346,1.3498,1.3365,0.15%
455,2009-04-02,1.3463,1.3227,1.3518,1.3222,1.75%
456,2009-04-01,1.3232,1.3247,1.3287,1.3167,-0.14%
457,2009-03-31,1.3251,1.3202,1.3343,1.3173,0.33%
458,2009-03-30,1.3207,1.3225,1.3286,1.3112,-0.71%
459,2009-03-27,1.3301,1.3527,1.3594,1.3258,-1.72%
460,2009-03-26,1.3534,1.3588,1.364,1.3494,-0.38%
461,2009-03-25,1.3586,1.3474,1.3653,1.3419,0.94%
462,2009-03-24,1.346,1.3622,1.3678,1.3432,-1.25%
463,2009-03-23,1.363,1.3632,1.3737,1.3487,0.35%
464,2009-03-20,1.3583,1.3662,1.373,1.3517,-0.61%
465,2009-03-19,1.3666,1.3519,1.3739,1.3418,1.17%
466,2009-03-18,1.3508,1.3015,1.352,1.2987,3.80%
467,2009-03-17,1.3013,1.2982,1.3033,1.2929,0.36%
468,2009-03-16,1.2966,1.2884,1.3071,1.2835,0.32%
469,2009-03-13,1.2925,1.2916,1.2959,1.2864,0.10%
470,2009-03-12,1.2912,1.2842,1.2948,1.2732,0.65%
471,2009-03-11,1.2829,1.2683,1.2866,1.2617,1.25%
472,2009-03-10,1.2671,1.2603,1.2822,1.2577,0.48%
473,2009-03-09,1.2611,1.2668,1.2729,1.2553,-0.24%
474,2009-03-06,1.2641,1.2546,1.2755,1.253,0.64%
475,2009-03-05,1.2561,1.266,1.2664,1.2479,-0.60%
476,2009-03-04,1.2637,1.2557,1.2658,1.2456,0.56%
477,2009-03-03,1.2567,1.2578,1.2679,1.2521,-0.14%
478,2009-03-02,1.2584,1.2626,1.2636,1.2545,-0.67%
479,2009-02-27,1.2669,1.2744,1.2752,1.2603,-0.49%
480,2009-02-26,1.2731,1.2718,1.281,1.2682,0.17%
481,2009-02-25,1.271,1.2843,1.2904,1.2692,-1.01%
482,2009-02-24,1.284,1.2694,1.2877,1.2661,1.04%
483,2009-02-23,1.2708,1.2797,1.2992,1.2691,-1.05%
484,2009-02-20,1.2843,1.2671,1.2885,1.2558,1.42%
485,2009-02-19,1.2663,1.2534,1.276,1.2525,0.99%
486,2009-02-18,1.2539,1.2583,1.2641,1.2513,-0.41%
487,2009-02-17,1.2591,1.2792,1.2811,1.2563,-1.46%
488,2009-02-16,1.2778,1.2788,1.2826,1.2727,-0.65%
489,2009-02-13,1.2862,1.287,1.2944,1.2818,-0.02%
490,2009-02-12,1.2864,1.2902,1.2944,1.2723,-0.25%
491,2009-02-11,1.2896,1.2916,1.3,1.2832,-0.02%
492,2009-02-10,1.2898,1.3012,1.3075,1.2809,-0.86%
493,2009-02-09,1.301,1.2961,1.3094,1.2872,0.60%
494,2009-02-06,1.2933,1.2797,1.2994,1.2749,1.15%
495,2009-02-05,1.2786,1.2854,1.2906,1.2759,-0.34%
496,2009-02-04,1.283,1.3028,1.307,1.2812,-1.59%
497,2009-02-03,1.3037,1.2849,1.3058,1.2801,1.45%
498,2009-02-02,1.2851,1.2769,1.29,1.2706,0.54%
499,2009-01-30,1.2782,1.2954,1.2961,1.2778,-1.37%
500,2009-01-29,1.2959,1.3154,1.318,1.2933,-1.36%
501,2009-01-28,1.3138,1.3164,1.3327,1.3103,-0.30%
502,2009-01-27,1.3178,1.3181,1.333,1.3118,0.09%
503,2009-01-26,1.3166,1.2969,1.3207,1.286,1.34%
504,2009-01-23,1.2992,1.3004,1.3036,1.2766,0.05%
505,2009-01-22,1.2986,1.3051,1.3085,1.2908,-0.42%
506,2009-01-21,1.3041,1.2907,1.307,1.2826,1.18%
507,2009-01-20,1.2889,1.309,1.3105,1.2856,-1.70%
508,2009-01-19,1.3112,1.3327,1.3386,1.31,-1.44%
509,2009-01-16,1.3304,1.3127,1.3344,1.311,1.14%
510,2009-01-15,1.3154,1.3184,1.3242,1.3026,-0.06%
511,2009-01-14,1.3162,1.319,1.3336,1.3092,-0.26%
512,2009-01-13,1.3196,1.3361,1.3375,1.3142,-1.31%
513,2009-01-12,1.3371,1.3474,1.3476,1.3287,-0.51%
514,2009-01-09,1.344,1.371,1.3752,1.3415,-2.09%
515,2009-01-08,1.3727,1.3651,1.38,1.3533,0.68%
516,2009-01-07,1.3634,1.3529,1.3748,1.343,0.92%
517,2009-01-06,1.351,1.3611,1.3659,1.3312,-0.70%
518,2009-01-05,1.3605,1.3902,1.3965,1.3546,-1.97%
519,2009-01-02,1.3879,1.3993,1.4058,1.384,-0.79%
520,2009-01-01,1.399,1.3967,1.4002,1.3948,0.07%
521,2008-12-31,1.398,1.4067,1.4148,1.385,-0.65%
522,2008-12-30,1.4072,1.3946,1.4223,1.3918,0.68%
523,2008-12-29,1.3977,1.406,1.4362,1.3968,-0.61%
524,2008-12-26,1.4063,1.4009,1.4121,1.399,0.34%
525,2008-12-25,1.4015,1.4013,1.4051,1.3977,0.08%
526,2008-12-24,1.4004,1.3941,1.4022,1.3914,0.29%
527,2008-12-23,1.3963,1.3948,1.4021,1.3918,0.13%
528,2008-12-22,1.3945,1.3934,1.4126,1.3902,0.19%
529,2008-12-19,1.3919,1.4244,1.4312,1.3825,-2.05%
530,2008-12-18,1.4211,1.4406,1.4721,1.4187,-1.33%
531,2008-12-17,1.4403,1.4052,1.4438,1.3995,2.15%
532,2008-12-16,1.41,1.3703,1.4146,1.3631,2.83%
533,2008-12-15,1.3712,1.3368,1.3713,1.3365,2.53%
534,2008-12-12,1.3373,1.3356,1.3417,1.3251,0.10%
535,2008-12-11,1.3359,1.3013,1.3407,1.3001,2.62%
536,2008-12-10,1.3018,1.2927,1.3072,1.2902,0.81%
537,2008-12-09,1.2913,1.2953,1.3001,1.2796,-0.19%
538,2008-12-08,1.2937,1.2726,1.2964,1.2717,1.58%
539,2008-12-05,1.2736,1.2788,1.2801,1.2628,-0.27%
540,2008-12-04,1.2771,1.2702,1.2849,1.2549,0.44%
541,2008-12-03,1.2715,1.2712,1.2742,1.2602,0.00%
542,2008-12-02,1.2715,1.2611,1.277,1.2564,0.70%
543,2008-12-01,1.2626,1.271,1.2712,1.2581,-0.57%
544,2008-11-28,1.2698,1.2904,1.2961,1.2647,-1.51%
545,2008-11-27,1.2893,1.2881,1.297,1.2859,0.00%
546,2008-11-26,1.2893,1.3064,1.3073,1.2821,-1.26%
547,2008-11-25,1.3058,1.2929,1.3081,1.2805,1.12%
548,2008-11-24,1.2914,1.2592,1.293,1.2568,2.65%
549,2008-11-21,1.2581,1.2447,1.2643,1.2425,0.99%
550,2008-11-20,1.2458,1.2502,1.2595,1.2456,-0.52%
551,2008-11-19,1.2523,1.2616,1.2814,1.2517,-0.78%
552,2008-11-18,1.2622,1.2649,1.27,1.2567,-0.20%
553,2008-11-17,1.2647,1.2534,1.2742,1.2513,0.10%
554,2008-11-14,1.2634,1.2787,1.283,1.2617,-1.53%
555,2008-11-13,1.283,1.2505,1.2855,1.2389,2.87%
556,2008-11-12,1.2472,1.253,1.2636,1.247,-0.38%
557,2008-11-11,1.2519,1.2755,1.2801,1.2506,-1.68%
558,2008-11-10,1.2733,1.2821,1.293,1.2719,-0.05%
559,2008-11-07,1.2739,1.2718,1.2853,1.2654,0.29%
560,2008-11-06,1.2702,1.2961,1.2967,1.2702,-1.93%
561,2008-11-05,1.2952,1.298,1.3118,1.2792,-0.63%
562,2008-11-04,1.3034,1.2631,1.3038,1.2527,3.09%
563,2008-11-03,1.2643,1.275,1.29,1.2596,-0.71%
564,2008-10-31,1.2733,1.2855,1.2897,1.2668,-1.36%
565,2008-10-30,1.2908,1.2965,1.3295,1.2803,-0.42%
566,2008-10-29,1.2963,1.2768,1.2994,1.2627,1.95%
567,2008-10-28,1.2715,1.2475,1.2744,1.233,1.99%
568,2008-10-27,1.2467,1.2549,1.2686,1.2333,-1.24%
569,2008-10-24,1.2624,1.2973,1.298,1.2498,-2.74%
570,2008-10-23,1.298,1.2828,1.3003,1.2727,0.98%
571,2008-10-22,1.2854,1.3065,1.3078,1.2773,-1.57%
572,2008-10-21,1.3059,1.3332,1.3355,1.3051,-2.14%
573,2008-10-20,1.3344,1.3403,1.3532,1.3286,-0.48%
574,2008-10-17,1.3409,1.3483,1.3518,1.3387,-0.58%
575,2008-10-16,1.3487,1.3467,1.3539,1.3346,0.20%
576,2008-10-15,1.346,1.362,1.3685,1.3453,-1.20%
577,2008-10-14,1.3624,1.3594,1.3771,1.3586,0.23%
578,2008-10-13,1.3593,1.3559,1.3683,1.3458,1.33%
579,2008-10-10,1.3414,1.3589,1.3652,1.3259,-1.35%
580,2008-10-09,1.3597,1.3631,1.3785,1.358,-0.24%
581,2008-10-08,1.363,1.363,1.3758,1.3544,0.08%
582,2008-10-07,1.3619,1.3486,1.3741,1.3481,0.96%
583,2008-10-06,1.349,1.3665,1.3676,1.3443,-2.04%
584,2008-10-03,1.3771,1.3818,1.3907,1.3704,-0.34%
585,2008-10-02,1.3818,1.4026,1.4027,1.3745,-1.45%
586,2008-10-01,1.4021,1.4124,1.4176,1.3976,-0.59%
587,2008-09-30,1.4104,1.4418,1.4427,1.401,-2.18%
588,2008-09-29,1.4418,1.4522,1.4566,1.43,-1.35%
589,2008-09-26,1.4615,1.4617,1.4678,1.4554,-0.05%
590,2008-09-25,1.4622,1.461,1.4769,1.456,0.06%
591,2008-09-24,1.4613,1.4646,1.4748,1.4611,-0.22%
592,2008-09-23,1.4645,1.4795,1.4827,1.4623,-0.95%
593,2008-09-22,1.4786,1.4492,1.4867,1.4438,2.21%
594,2008-09-19,1.4466,1.4327,1.45,1.4151,0.89%
595,2008-09-18,1.4339,1.4319,1.4543,1.428,0.24%
596,2008-09-17,1.4305,1.4112,1.4385,1.4092,1.30%
597,2008-09-16,1.4121,1.4263,1.4285,1.4079,-1.02%
598,2008-09-15,1.4266,1.4315,1.4481,1.4086,0.27%
599,2008-09-12,1.4228,1.4019,1.4232,1.3971,1.41%
600,2008-09-11,1.403,1.3975,1.4036,1.388,0.31%
601,2008-09-10,1.3986,1.4111,1.4179,1.3972,-1.07%
602,2008-09-09,1.4137,1.4126,1.4227,1.4047,0.07%
603,2008-09-08,1.4127,1.4384,1.4429,1.4054,-1.00%
604,2008-09-05,1.4269,1.4234,1.4349,1.4197,0.13%
605,2008-09-04,1.4251,1.4493,1.4546,1.4217,-1.64%
606,2008-09-03,1.4489,1.4516,1.4531,1.4385,-0.19%
607,2008-09-02,1.4517,1.4607,1.4607,1.4466,-0.61%
608,2008-09-01,1.4606,1.4702,1.4719,1.4582,-0.46%
609,2008-08-29,1.4674,1.4704,1.477,1.4641,-0.17%
610,2008-08-28,1.4699,1.4712,1.4811,1.467,-0.16%
611,2008-08-27,1.4722,1.4647,1.4777,1.4633,0.49%
612,2008-08-26,1.465,1.4751,1.4761,1.4568,-0.68%
613,2008-08-25,1.4751,1.4787,1.4808,1.4696,-0.28%
614,2008-08-22,1.4793,1.4895,1.4902,1.4758,-0.76%
615,2008-08-21,1.4907,1.4742,1.4908,1.4731,1.11%
616,2008-08-20,1.4744,1.4786,1.4807,1.4673,-0.30%
617,2008-08-19,1.4789,1.4683,1.4796,1.463,0.63%
618,2008-08-18,1.4696,1.4682,1.4768,1.4672,0.05%
619,2008-08-15,1.4689,1.4802,1.4808,1.4657,-0.80%
620,2008-08-14,1.4808,1.4923,1.495,1.4778,-0.78%
621,2008-08-13,1.4924,1.4907,1.4979,1.484,0.03%
622,2008-08-12,1.492,1.4898,1.4965,1.4813,0.10%
623,2008-08-11,1.4905,1.4934,1.5084,1.4879,-0.67%
624,2008-08-08,1.5006,1.532,1.5335,1.4996,-2.06%
625,2008-08-07,1.5322,1.5414,1.5505,1.5309,-0.60%
626,2008-08-06,1.5414,1.5454,1.5518,1.5399,-0.28%
627,2008-08-05,1.5458,1.5574,1.5577,1.5447,-0.76%
628,2008-08-04,1.5577,1.557,1.5633,1.5554,0.07%
629,2008-08-01,1.5566,1.5598,1.56,1.5513,-0.22%
630,2008-07-31,1.5601,1.5577,1.5701,1.5568,0.15%
631,2008-07-30,1.5577,1.5583,1.5617,1.552,-0.08%
632,2008-07-29,1.5589,1.5739,1.576,1.5553,-1.00%
633,2008-07-28,1.5746,1.57,1.5769,1.5683,0.23%
634,2008-07-25,1.571,1.5676,1.5754,1.5662,0.22%
635,2008-07-24,1.5676,1.5683,1.5714,1.5628,-0.08%
636,2008-07-23,1.5688,1.5791,1.5798,1.5669,-0.61%
637,2008-07-22,1.5784,1.5926,1.5945,1.5757,-0.92%
638,2008-07-21,1.593,1.5837,1.5932,1.5827,0.52%
639,2008-07-18,1.5848,1.5859,1.5889,1.5805,-0.09%
640,2008-07-17,1.5863,1.5824,1.5895,1.5784,0.25%
641,2008-07-16,1.5824,1.5916,1.5949,1.58,-0.60%
642,2008-07-15,1.5919,1.59,1.6039,1.5865,0.09%
643,2008-07-14,1.5905,1.5964,1.5972,1.5841,-0.23%
644,2008-07-11,1.5942,1.5787,1.5948,1.5765,0.99%
645,2008-07-10,1.5785,1.574,1.5801,1.569,0.27%
646,2008-07-09,1.5742,1.5669,1.5753,1.5649,0.45%
647,2008-07-08,1.5672,1.5724,1.574,1.5634,-0.32%
648,2008-07-07,1.5722,1.5696,1.5753,1.5609,0.10%
649,2008-07-04,1.5706,1.5698,1.5729,1.5653,0.05%
650,2008-07-03,1.5698,1.5887,1.5911,1.5682,-1.15%
651,2008-07-02,1.588,1.5795,1.589,1.5775,0.57%
652,2008-07-01,1.579,1.5756,1.5828,1.5723,0.22%
653,2008-06-30,1.5756,1.5776,1.5837,1.573,-0.25%
654,2008-06-27,1.5795,1.5753,1.5795,1.5716,0.25%
655,2008-06-26,1.5755,1.5669,1.5768,1.5627,0.54%
656,2008-06-25,1.5671,1.5567,1.5688,1.5537,0.67%
657,2008-06-24,1.5566,1.5518,1.5623,1.5492,0.27%
658,2008-06-23,1.5524,1.563,1.5631,1.5468,-0.52%
659,2008-06-20,1.5605,1.5505,1.5652,1.5491,0.67%
660,2008-06-19,1.5501,1.5531,1.5587,1.5466,-0.21%
661,2008-06-18,1.5534,1.5506,1.5539,1.546,0.16%
662,2008-06-17,1.5509,1.5466,1.5552,1.546,0.27%
663,2008-06-16,1.5467,1.541,1.5518,1.5345,0.57%
664,2008-06-13,1.538,1.545,1.5484,1.5302,-0.43%
665,2008-06-12,1.5447,1.5557,1.5566,1.5379,-0.69%
666,2008-06-11,1.5554,1.5452,1.5587,1.5452,0.59%
667,2008-06-10,1.5463,1.5642,1.5654,1.5439,-1.16%
668,2008-06-09,1.5644,1.5793,1.5846,1.5617,-0.84%
669,2008-06-06,1.5777,1.5583,1.5777,1.557,1.23%
670,2008-06-05,1.5586,1.5423,1.5603,1.5366,0.99%
671,2008-06-04,1.5433,1.5434,1.5484,1.5419,-0.08%
672,2008-06-03,1.5446,1.5538,1.563,1.541,-0.63%
673,2008-06-02,1.5544,1.556,1.5591,1.5487,-0.06%
674,2008-05-30,1.5554,1.5517,1.5571,1.5462,0.24%
675,2008-05-29,1.5516,1.5646,1.5665,1.5486,-0.78%
676,2008-05-28,1.5638,1.5678,1.5762,1.5608,-0.30%
677,2008-05-27,1.5685,1.5774,1.5819,1.5681,-0.58%
678,2008-05-26,1.5776,1.5772,1.5794,1.5742,0.06%
679,2008-05-23,1.5766,1.5726,1.5796,1.5697,0.23%
680,2008-05-22,1.573,1.5795,1.5816,1.5692,-0.37%
681,2008-05-21,1.5789,1.565,1.5795,1.5631,0.84%
682,2008-05-20,1.5657,1.5518,1.568,1.5503,0.90%
683,2008-05-19,1.5518,1.5597,1.5633,1.5485,-0.38%
684,2008-05-16,1.5577,1.5442,1.5602,1.5437,0.86%
685,2008-05-15,1.5444,1.5482,1.5548,1.5419,-0.21%
686,2008-05-14,1.5476,1.5471,1.5487,1.5395,0.10%
687,2008-05-13,1.546,1.5541,1.5567,1.5431,-0.56%
688,2008-05-12,1.5547,1.5462,1.5571,1.5365,0.41%
689,2008-05-09,1.5483,1.5404,1.5491,1.5394,0.49%
690,2008-05-08,1.5407,1.5394,1.5441,1.5285,0.10%
691,2008-05-07,1.5391,1.5531,1.5539,1.5365,-0.90%
692,2008-05-06,1.5531,1.5498,1.5594,1.5451,0.25%
693,2008-05-05,1.5492,1.5433,1.5519,1.5422,0.41%
694,2008-05-02,1.5429,1.5467,1.5501,1.536,-0.27%
695,2008-05-01,1.547,1.5614,1.5644,1.5429,-0.94%
696,2008-04-30,1.5617,1.5568,1.5643,1.5517,0.31%
697,2008-04-29,1.5569,1.5651,1.5661,1.5541,-0.58%
698,2008-04-28,1.566,1.5617,1.5693,1.5593,0.22%
699,2008-04-25,1.5625,1.568,1.5709,1.5555,-0.37%
700,2008-04-24,1.5683,1.5883,1.5892,1.5638,-1.29%
701,2008-04-23,1.5888,1.6,1.6,1.5859,-0.63%
702,2008-04-22,1.5988,1.5912,1.6019,1.5834,0.52%
703,2008-04-21,1.5906,1.5812,1.5948,1.5791,0.58%
704,2008-04-18,1.5815,1.5895,1.5959,1.5712,-0.51%
705,2008-04-17,1.5896,1.594,1.5984,1.5846,-0.34%
706,2008-04-16,1.595,1.5791,1.5978,1.5758,1.00%
707,2008-04-15,1.5792,1.5841,1.5876,1.5751,-0.33%
708,2008-04-14,1.5845,1.5698,1.5887,1.5671,0.24%
709,2008-04-11,1.5807,1.5743,1.5857,1.5739,0.41%
710,2008-04-10,1.5743,1.583,1.5913,1.5724,-0.56%
711,2008-04-09,1.5832,1.5702,1.5866,1.5684,0.83%
712,2008-04-08,1.5701,1.571,1.5799,1.5674,-0.01%
713,2008-04-07,1.5703,1.5732,1.5737,1.5627,-0.22%
714,2008-04-04,1.5737,1.5683,1.5775,1.5637,0.36%
715,2008-04-03,1.568,1.5689,1.5694,1.551,-0.05%
716,2008-04-02,1.5688,1.5617,1.5703,1.5534,0.50%
717,2008-04-01,1.561,1.5764,1.5787,1.556,-1.04%
718,2008-03-31,1.5774,1.5812,1.5896,1.576,-0.18%
719,2008-03-28,1.5802,1.5779,1.5841,1.5741,0.13%
720,2008-03-27,1.5781,1.5842,1.5848,1.5726,-0.40%
721,2008-03-26,1.5845,1.563,1.586,1.5584,1.38%
722,2008-03-25,1.5629,1.5433,1.5659,1.5408,1.28%
723,2008-03-24,1.5432,1.5422,1.5458,1.5342,0.00%
724,2008-03-21,1.5432,1.5433,1.5474,1.5406,-0.01%
725,2008-03-20,1.5434,1.5641,1.5652,1.5397,-1.27%
726,2008-03-19,1.5633,1.5623,1.5787,1.5583,0.04%
727,2008-03-18,1.5626,1.5731,1.5834,1.5618,-0.65%
728,2008-03-17,1.5729,1.5725,1.5906,1.5685,0.34%
729,2008-03-14,1.5675,1.5627,1.569,1.5532,0.22%
730,2008-03-13,1.564,1.5566,1.5646,1.5522,0.44%
731,2008-03-12,1.5571,1.5337,1.5571,1.5334,1.55%
732,2008-03-11,1.5333,1.5346,1.5497,1.5283,-0.05%
733,2008-03-10,1.5341,1.5364,1.5404,1.5313,-0.07%
734,2008-03-07,1.5351,1.5388,1.5461,1.5314,-0.25%
735,2008-03-06,1.5389,1.5265,1.5396,1.5261,0.77%
736,2008-03-05,1.5271,1.5215,1.5303,1.5146,0.40%
737,2008-03-04,1.521,1.5206,1.525,1.5173,0.01%
738,2008-03-03,1.5208,1.5194,1.5276,1.5156,0.18%
739,2008-02-29,1.5181,1.5205,1.524,1.5144,-0.28%
740,2008-02-28,1.5223,1.5124,1.5231,1.5074,0.66%
741,2008-02-27,1.5123,1.498,1.5145,1.4972,0.99%
742,2008-02-26,1.4975,1.4829,1.4984,1.4779,0.98%
743,2008-02-25,1.4829,1.4839,1.4846,1.4795,-0.02%
744,2008-02-22,1.4832,1.4812,1.4864,1.4789,0.13%
745,2008-02-21,1.4813,1.4712,1.4838,1.4703,0.68%
746,2008-02-20,1.4713,1.4727,1.4732,1.4614,-0.10%
747,2008-02-19,1.4727,1.4655,1.4759,1.4642,0.46%
748,2008-02-18,1.4659,1.4679,1.4692,1.4611,-0.14%
749,2008-02-15,1.468,1.4638,1.4711,1.4632,0.29%
750,2008-02-14,1.4638,1.457,1.4648,1.4548,0.47%
751,2008-02-13,1.457,1.4579,1.46,1.4531,-0.09%
752,2008-02-12,1.4583,1.452,1.4615,1.4495,0.39%
753,2008-02-11,1.4526,1.4518,1.4579,1.4482,0.11%
754,2008-02-08,1.451,1.4482,1.4548,1.4449,0.17%
755,2008-02-07,1.4485,1.4636,1.4655,1.444,-0.94%
756,2008-02-06,1.4622,1.4645,1.4672,1.4591,-0.12%
757,2008-02-05,1.4639,1.4832,1.4836,1.4622,-1.27%
758,2008-02-04,1.4827,1.4807,1.4851,1.4794,0.18%
759,2008-02-01,1.48,1.486,1.4954,1.4787,-0.44%
760,2008-01-31,1.4866,1.4862,1.4915,1.4801,-0.09%
761,2008-01-30,1.488,1.4777,1.4907,1.4756,0.70%
762,2008-01-29,1.4777,1.4784,1.4798,1.4737,-0.06%
763,2008-01-28,1.4786,1.4681,1.4799,1.466,0.78%
764,2008-01-25,1.4672,1.4758,1.4777,1.4661,-0.65%
765,2008-01-24,1.4768,1.463,1.4781,1.4591,0.89%
766,2008-01-23,1.4638,1.4627,1.4684,1.451,0.08%
767,2008-01-22,1.4627,1.4446,1.4644,1.4365,1.25%
768,2008-01-21,1.4446,1.4605,1.4606,1.4422,-1.13%
769,2008-01-18,1.4611,1.4647,1.4697,1.4604,-0.33%
770,2008-01-17,1.4659,1.4651,1.4715,1.4588,0.00%
771,2008-01-16,1.4659,1.4802,1.486,1.4595,-1.01%
772,2008-01-15,1.4808,1.4867,1.4923,1.48,-0.40%
773,2008-01-14,1.4868,1.4783,1.4916,1.478,0.62%
774,2008-01-11,1.4777,1.4808,1.4821,1.4762,-0.20%
775,2008-01-10,1.4807,1.4658,1.4816,1.464,1.00%
776,2008-01-09,1.4661,1.4705,1.4745,1.464,-0.32%
777,2008-01-08,1.4708,1.4692,1.4746,1.468,0.13%
778,2008-01-07,1.4689,1.4747,1.4758,1.4659,-0.38%
779,2008-01-04,1.4745,1.4748,1.4825,1.4695,-0.02%
780,2008-01-03,1.4748,1.4726,1.4783,1.4687,0.14%
781,2008-01-02,1.4727,1.4593,1.4752,1.4589,0.95%
782,2008-01-01,1.4589,1.4587,1.461,1.4578,-0.01%
