,Date,Week day,ON,1W,1M,2M,3M,6M,12M
0,2010-11-30,Tue,0.44875,0.54125,0.75375,0.85,0.9675,1.205,1.4875
1,2010-11-29,Mon,0.38875,0.53875,0.75125,0.85,0.9675,1.20625,1.49
2,2010-11-26,Fri,0.3925,0.5425,0.7525,0.85125,0.96875,1.21,1.4925
3,2010-11-25,Thu,0.4,0.555,0.75125,0.85375,0.96875,1.21,1.49375
4,2010-11-24,Wed,0.4225,0.56625,0.755,0.85625,0.96875,1.21,1.49125
5,2010-11-23,Tue,0.44375,0.58375,0.76375,0.86,0.97375,1.21125,1.49375
6,2010-11-22,Mon,0.4525,0.60625,0.77,0.8606299999999999,0.97625,1.21688,1.49813
7,2010-11-19,Fri,0.5,0.6325,0.7775,0.86313,0.97875,1.21938,1.5
8,2010-11-18,Thu,0.5725,0.6675,0.7875,0.86625,0.97875,1.21938,1.5025
9,2010-11-17,Wed,0.66125,0.7075,0.7975,0.86813,0.98313,1.2231299999999998,1.50625
10,2010-11-16,Tue,0.7025,0.73375,0.80375,0.8718799999999999,0.98813,1.23,1.50875
11,2010-11-15,Mon,0.72625,0.74375,0.8075,0.8775,0.99125,1.2325,1.51125
12,2010-12-11,Fri,0.73125,0.75375,0.80875,0.8775,0.9925,1.23375,1.5125
13,2010-11-11,Thu,0.74,0.755,0.81,0.88,0.99313,1.23375,1.5131299999999999
14,2010-10-11,Wed,0.745,0.76,0.81,0.8775,0.99375,1.23125,1.51375
15,2010-09-11,Tue,0.76625,0.75875,0.81125,0.8775,0.995,1.23125,1.51375
16,2010-08-11,Mon,0.335,0.7475,0.80625,0.87625,0.9925,1.23125,1.5125
17,2010-05-11,Fri,0.3575,0.73875,0.8125,0.8725,0.99375,1.23125,1.50813
18,2010-04-11,Thu,0.45,0.7118800000000001,0.8075,0.8706299999999999,0.99,1.22813,1.50563
19,2010-03-11,Wed,0.58125,0.6975,0.80625,0.86813,0.99,1.22813,1.50563
20,2010-02-11,Tue,0.6375,0.715,0.80688,0.8643799999999999,0.9875,1.22625,1.50563
21,2010-01-11,Mon,0.6825,0.73375,0.80375,0.8625,0.98875,1.22438,1.50688
22,2010-10-29,Fri,0.6925,0.73875,0.80688,0.8606299999999999,0.98688,1.22438,1.50688
23,2010-10-28,Thu,0.70875,0.74875,0.80375,0.85625,0.985,1.22438,1.50594
24,2010-10-27,Wed,0.74875,0.755,0.8006300000000001,0.85125,0.9781299999999999,1.22125,1.50219
25,2010-10-26,Tue,0.75875,0.75688,0.79313,0.8493799999999999,0.975,1.21375,1.49594
26,2010-10-25,Mon,0.76125,0.755,0.78625,0.8456299999999999,0.9706299999999999,1.21125,1.4934399999999999
27,2010-10-22,Fri,0.77,0.7575,0.78875,0.84625,0.96875,1.2106299999999999,1.49031
28,2010-10-21,Thu,0.76,0.74125,0.775,0.82875,0.9625,1.2018799999999998,1.48094
29,2010-10-20,Wed,0.74625,0.73,0.7625,0.8106300000000001,0.9531299999999999,1.19594,1.47813
30,2010-10-19,Tue,0.7025,0.71125,0.74,0.79281,0.9443799999999999,1.1893799999999999,1.4734399999999999
31,2010-10-18,Mon,0.6775,0.695,0.73,0.78625,0.9368799999999999,1.18531,1.46969
32,2010-10-15,Fri,0.665,0.6925,0.72813,0.78438,0.9293799999999999,1.1828100000000001,1.46688
33,2010-10-14,Thu,0.65875,0.68875,0.72438,0.77813,0.925,1.18156,1.4625
34,2010-10-13,Wed,0.66375,0.69,0.725,0.77625,0.922,1.17875,1.46
35,2010-12-10,Tue,0.72625,0.68775,0.71875,0.76875,0.9175,1.175,1.45925
36,2010-11-10,Mon,0.3575,0.665,0.7065600000000001,0.76563,0.91438,1.1725,1.45675
37,2010-08-10,Fri,0.36375,0.64625,0.70125,0.76125,0.9081299999999999,1.17,1.4555
38,2010-07-10,Thu,0.3725,0.60875,0.6896899999999999,0.7525,0.9031299999999999,1.16375,1.44625
39,2010-06-10,Wed,0.395,0.595,0.68438,0.745,0.895,1.1575,1.44875
40,2010-05-10,Tue,0.5025,0.60625,0.68125,0.74,0.89375,1.16,1.44875
41,2010-04-10,Mon,0.59,0.61375,0.6775,0.73625,0.8925,1.16188,1.44875
42,2010-01-10,Fri,0.61875,0.61625,0.6725,0.73375,0.88875,1.16,1.44375
43,2010-09-30,Thu,0.60625,0.50375,0.60625,0.69375,0.8475,1.13188,1.42
44,2010-09-29,Wed,0.36125,0.475,0.57813,0.67875,0.8343799999999999,1.11625,1.40625
45,2010-09-28,Tue,0.36625,0.4725,0.5768800000000001,0.67813,0.82875,1.1135,1.40375
46,2010-09-27,Mon,0.37,0.47,0.57313,0.67438,0.82375,1.11188,1.4006299999999998
47,2010-09-24,Fri,0.3775,0.47,0.57375,0.6725,0.82375,1.11063,1.3981299999999999
48,2010-09-23,Thu,0.38,0.47,0.57438,0.6725,0.82375,1.1081299999999998,1.39875
49,2010-09-22,Wed,0.38188,0.46875,0.5768800000000001,0.675,0.82625,1.10625,1.4025
50,2010-09-21,Tue,0.38938,0.45625,0.5768800000000001,0.67375,0.82875,1.1125,1.40719
51,2010-09-20,Mon,0.39438,0.46,0.5765600000000001,0.67375,0.82875,1.115,1.4093799999999999
52,2010-09-17,Fri,0.39313000000000003,0.45625,0.57531,0.6725,0.82875,1.115,1.40313
53,2010-09-16,Thu,0.38938,0.45375,0.5765600000000001,0.6725,0.83,1.11625,1.40313
54,2010-09-15,Wed,0.37875,0.4475,0.57219,0.6706300000000001,0.8281299999999999,1.10875,1.4
55,2010-09-14,Tue,0.36313,0.44469,0.56938,0.66813,0.82463,1.10406,1.39631
56,2010-09-13,Mon,0.355,0.44483999999999996,0.56938,0.66813,0.8246899999999999,1.10531,1.39856
57,2010-10-09,Fri,0.35375,0.44483999999999996,0.56938,0.66813,0.82344,1.104,1.3975
58,2010-09-09,Thu,0.35375,0.44625,0.57313,0.6706300000000001,0.82594,1.10525,1.39663
59,2010-08-09,Wed,0.35625,0.45,0.57438,0.67188,0.82609,1.10275,1.3925
60,2010-07-09,Tue,0.6875,0.4525,0.57481,0.67188,0.82484,1.104,1.38675
61,2010-06-09,Mon,0.3475,0.45125,0.57231,0.67125,0.82625,1.104,1.38675
62,2010-03-09,Fri,0.35125,0.44906,0.57363,0.67125,0.82875,1.1065,1.38925
63,2010-02-09,Thu,0.35,0.44938,0.57363,0.67125,0.82875,1.10525,1.388
64,2010-01-09,Wed,0.3525,0.45063000000000003,0.5748800000000001,0.67125,0.83,1.104,1.3855
65,2010-08-31,Tue,0.3575,0.45438,0.575,0.6725,0.83,1.10779,1.38688
66,2010-08-30,Mon,0.35969,0.45593999999999996,0.57513,0.67313,0.83,1.10779,1.3881299999999999
67,2010-08-27,Fri,0.35969,0.4525,0.57763,0.67375,0.8275,1.1052899999999999,1.38688
68,2010-08-26,Thu,0.35969,0.455,0.57763,0.67375,0.82875,1.1052899999999999,1.38688
69,2010-08-25,Wed,0.36375,0.45875,0.57638,0.67188,0.82875,1.1052899999999999,1.38688
70,2010-08-24,Tue,0.36875,0.46625,0.57581,0.6706300000000001,0.8275,1.10531,1.3881299999999999
71,2010-08-23,Mon,0.37,0.4675,0.57594,0.66969,0.82781,1.10531,1.38594
72,2010-08-20,Fri,0.37125,0.47375,0.575,0.67,0.8293799999999999,1.11063,1.38688
73,2010-08-19,Thu,0.37,0.47875,0.57938,0.67313,0.83188,1.11188,1.3875
74,2010-08-18,Wed,0.37375,0.4875,0.58063,0.67188,0.83281,1.1125,1.3875
75,2010-08-17,Tue,0.38,0.49125,0.58063,0.67188,0.83406,1.11313,1.38875
76,2010-08-16,Mon,0.3825,0.49375,0.5818800000000001,0.67188,0.83188,1.10938,1.3875
77,2010-08-13,Fri,0.37625,0.49375,0.58063,0.6706300000000001,0.83188,1.10938,1.3875
78,2010-12-08,Thu,0.37125,0.5,0.58313,0.67313,0.8343799999999999,1.11063,1.3875
79,2010-11-08,Wed,0.37625,0.5,0.58375,0.67313,0.835,1.115,1.39125
80,2010-10-08,Tue,0.6875,0.505,0.5868800000000001,0.6706300000000001,0.83375,1.11375,1.39375
81,2010-09-08,Mon,0.34313,0.5025,0.5868800000000001,0.6706300000000001,0.83375,1.11563,1.39288
82,2010-06-08,Fri,0.34313,0.50375,0.5868800000000001,0.6706300000000001,0.8343799999999999,1.115,1.39463
83,2010-05-08,Thu,0.34375,0.5025,0.58563,0.66938,0.83219,1.1125,1.3941299999999999
84,2010-04-08,Wed,0.34438,0.4975,0.585,0.6675,0.83031,1.10875,1.38875
85,2010-03-08,Tue,0.35,0.50125,0.58625,0.66875,0.8315600000000001,1.10875,1.39
86,2010-02-08,Mon,0.35,0.50125,0.58625,0.66875,0.8315600000000001,1.1075,1.3875
87,2010-07-30,Fri,0.35625,0.5025,0.58625,0.6675,0.8325,1.10875,1.39
88,2010-07-29,Thu,0.38125,0.51375,0.58625,0.66719,0.83344,1.11063,1.391
89,2010-07-28,Wed,0.42125,0.52125,0.58438,0.665,0.83063,1.11,1.39
90,2010-07-27,Tue,0.42125,0.52,0.5825,0.66375,0.8275,1.10938,1.38863
91,2010-07-26,Mon,0.42875,0.51875,0.58063,0.66188,0.8231299999999999,1.10625,1.38375
92,2010-07-23,Fri,0.42875,0.51875,0.57875,0.66125,0.82125,1.10438,1.38063
93,2010-07-22,Thu,0.43,0.52,0.57875,0.66125,0.81625,1.1,1.37125
94,2010-07-21,Wed,0.43125,0.52,0.57563,0.65813,0.81438,1.0981299999999998,1.3728799999999999
95,2010-07-20,Tue,0.4425,0.5175,0.57125,0.655,0.81125,1.0968799999999999,1.37
96,2010-07-19,Mon,0.46125,0.5175,0.56625,0.65125,0.80813,1.0928799999999999,1.3693799999999998
97,2010-07-16,Fri,0.43375,0.495,0.55,0.6375,0.79375,1.085,1.36
98,2010-07-15,Thu,0.375,0.46375,0.52875,0.6175,0.78125,1.07375,1.34875
99,2010-07-14,Wed,0.32125,0.45,0.51688,0.6075,0.7743800000000001,1.0668799999999998,1.34
100,2010-07-13,Tue,0.6425,0.44625,0.51125,0.6025,0.775,1.06125,1.33375
101,2010-12-07,Mon,0.31625,0.44,0.505,0.59563,0.76625,1.0525,1.3325
102,2010-09-07,Fri,0.31375,0.43375,0.49875,0.59125,0.76,1.04875,1.32875
103,2010-08-07,Thu,0.31125,0.425,0.48938000000000004,0.58438,0.7525,1.03625,1.31713
104,2010-07-07,Wed,0.31625,0.41938000000000003,0.47688,0.57813,0.74188,1.03688,1.32063
105,2010-06-07,Tue,0.315,0.41,0.47,0.57125,0.74,1.02875,1.31813
106,2010-05-07,Mon,0.315,0.40625,0.46813,0.57063,0.73063,1.0231299999999999,1.30938
107,2010-02-07,Fri,0.3325,0.4,0.465,0.56688,0.72688,1.01938,1.3068799999999998
108,2010-01-07,Thu,0.35625,0.39125,0.46125,0.555,0.7175,1.0125,1.295
109,2010-06-30,Wed,0.35625,0.37625,0.45125,0.5475,0.70625,1.00125,1.28875
110,2010-06-29,Tue,0.275,0.3625,0.43313,0.53125,0.68813,0.9893799999999999,1.2775
111,2010-06-28,Mon,0.27375,0.3475,0.4275,0.5275,0.67875,0.98375,1.27375
112,2010-06-25,Fri,0.27375,0.33875,0.42,0.5175,0.67375,0.975,1.27
113,2010-06-24,Thu,0.27375,0.335,0.41438,0.51188,0.66938,0.9706299999999999,1.26875
114,2010-06-23,Wed,0.2725,0.33125,0.41313,0.50938,0.66813,0.9656299999999999,1.26625
115,2010-06-22,Tue,0.27375,0.3275,0.40938,0.50813,0.66688,0.96688,1.26625
116,2010-06-21,Mon,0.27375,0.3225,0.40875,0.5075,0.66438,0.9656299999999999,1.265
117,2010-06-18,Fri,0.27375,0.32125,0.40563,0.50563,0.66125,0.9625,1.26125
118,2010-06-17,Thu,0.27375,0.32,0.40375,0.5025,0.66125,0.96125,1.25813
119,2010-06-16,Wed,0.27375,0.32,0.40125,0.50125,0.65875,0.95875,1.25625
120,2010-06-15,Tue,0.595,0.32125,0.40125,0.50063,0.65563,0.95688,1.2531299999999999
121,2010-06-14,Mon,0.27375,0.32,0.4,0.4975,0.65375,0.95125,1.24875
122,2010-11-06,Fri,0.2725,0.32375,0.4025,0.49875,0.65188,0.9493799999999999,1.24688
123,2010-10-06,Thu,0.2725,0.32375,0.4025,0.49563,0.6543800000000001,0.95063,1.24688
124,2010-09-06,Wed,0.2725,0.3225,0.4025,0.495,0.6525,0.9493799999999999,1.24688
125,2010-08-06,Tue,0.27375,0.3225,0.4,0.49625,0.65,0.94625,1.2431299999999998
126,2010-07-06,Mon,0.27125,0.32125,0.3975,0.4925,0.6475,0.94563,1.24688
127,2010-04-06,Fri,0.2725,0.3175,0.395,0.49,0.64,0.94375,1.2475
128,2010-03-06,Thu,0.27375,0.31875,0.39625,0.49,0.64063,0.9431299999999999,1.24563
129,2010-02-06,Wed,0.275,0.32,0.39563000000000004,0.49,0.6375,0.94125,1.24375
130,2010-01-06,Tue,0.275,0.31875,0.39375,0.48875,0.63688,0.94125,1.24125
131,2010-05-28,Fri,0.275,0.31813,0.39438,0.48875,0.63438,0.9393799999999999,1.2375
132,2010-05-27,Thu,0.275,0.31875,0.39375,0.48813,0.635,0.93875,1.23875
133,2010-05-26,Wed,0.27875,0.32063,0.395,0.48813,0.635,0.94125,1.24125
134,2010-05-25,Tue,0.27875,0.3225,0.39625,0.49063,0.63875,0.945,1.245
135,2010-05-24,Mon,0.2775,0.32125,0.3925,0.49,0.63438,0.94063,1.2443799999999998
136,2010-05-21,Fri,0.2775,0.32125,0.39313000000000003,0.48875,0.63625,0.9375,1.24125
137,2010-05-20,Thu,0.2775,0.32,0.3925,0.48813,0.63563,0.93625,1.23875
138,2010-05-19,Wed,0.2775,0.32,0.39,0.48625,0.635,0.935,1.2375
139,2010-05-18,Tue,0.2775,0.32,0.3875,0.4825,0.63,0.93375,1.23875
140,2010-05-17,Mon,0.2775,0.32,0.39125,0.485,0.63125,0.93375,1.2375
141,2010-05-14,Fri,0.2775,0.31875,0.38625,0.4875,0.62875,0.93375,1.22875
142,2010-05-13,Thu,0.2775,0.31875,0.385,0.48688000000000003,0.62438,0.93,1.22875
143,2010-12-05,Wed,0.2775,0.32,0.38625,0.48688000000000003,0.62438,0.93125,1.23
144,2010-11-05,Tue,0.6125,0.3225,0.3875,0.48688000000000003,0.6275,0.9325,1.2325
145,2010-10-05,Mon,0.27875,0.325,0.39,0.48688000000000003,0.6275,0.93375,1.23438
146,2010-07-05,Fri,0.2775,0.33,0.39375,0.48938000000000004,0.63375,0.945,1.23688
147,2010-06-05,Thu,0.28,0.3175,0.385,0.48063,0.6231300000000001,0.93,1.2225
148,2010-05-05,Wed,0.27875,0.315,0.38188,0.4775,0.61875,0.92875,1.22
149,2010-04-05,Tue,0.2775,0.31375,0.37938,0.4725,0.615,0.9175,1.2218799999999999
150,2010-03-05,Mon,0.27875,0.31125,0.37813,0.47125,0.6125,0.9168799999999999,1.22281
151,2010-04-30,Fri,0.28,0.30875,0.37563,0.47125,0.6075,0.9131299999999999,1.21813
152,2010-04-29,Thu,0.27625,0.3075,0.37313,0.465,0.60438,0.9108799999999999,1.21563
153,2010-04-28,Wed,0.27688,0.30625,0.3725,0.46063000000000004,0.59775,0.9065,1.21125
154,2010-04-27,Tue,0.27938,0.30625,0.36875,0.45375,0.5875,0.895,1.20375
155,2010-04-26,Mon,0.27563000000000004,0.30625,0.3675,0.45125,0.585,0.8925,1.2075
156,2010-04-23,Fri,0.27688,0.30625,0.36875,0.45125,0.585,0.8925,1.20125
157,2010-04-22,Thu,0.27813000000000004,0.30688000000000004,0.36688000000000004,0.44813000000000003,0.58375,0.89,1.19625
158,2010-04-21,Wed,0.27813000000000004,0.30688000000000004,0.36813,0.44813000000000003,0.58375,0.88813,1.19313
159,2010-04-20,Tue,0.27813000000000004,0.30688000000000004,0.36688000000000004,0.44563,0.5818800000000001,0.88813,1.19313
160,2010-04-19,Mon,0.27813000000000004,0.30688000000000004,0.36625,0.44688,0.5818800000000001,0.88813,1.19313
161,2010-04-16,Fri,0.27813000000000004,0.30688000000000004,0.37063,0.45,0.5825,0.88875,1.1925
162,2010-04-15,Thu,0.27875,0.30938000000000004,0.36938000000000004,0.44875,0.5825,0.88875,1.1925
163,2010-04-14,Wed,0.27875,0.31188,0.36938000000000004,0.45,0.5825,0.88875,1.19313
164,2010-04-13,Tue,0.64625,0.30938000000000004,0.36688000000000004,0.4475,0.5825,0.88875,1.1893799999999999
165,2010-12-04,Mon,0.28063,0.30938000000000004,0.36688000000000004,0.44625,0.5825,0.88875,1.1893799999999999
166,2010-09-04,Fri,0.28,0.31313,0.36625,0.44438,0.58063,0.88813,1.1875
167,2010-08-04,Thu,0.28,0.31313,0.37,0.44188,0.58063,0.88813,1.18688
168,2010-07-04,Wed,0.28,0.30938000000000004,0.365,0.44313,0.58063,0.8868799999999999,1.1875
169,2010-06-04,Tue,0.28,0.31063,0.36563,0.44625,0.58313,0.8906299999999999,1.19
170,2010-01-04,Thu,0.28125,0.30563,0.36563,0.44625,0.57563,0.8818799999999999,1.18875
171,2010-03-31,Wed,0.28875,0.30563,0.36563,0.44625,0.5775,0.88375,1.18875
172,2010-03-30,Tue,0.27938,0.30563,0.36563,0.44625,0.58,0.885,1.18625
173,2010-03-29,Mon,0.27938,0.30688000000000004,0.36625,0.44688,0.58063,0.89,1.18875
174,2010-03-26,Fri,0.27938,0.30688000000000004,0.36625,0.44688,0.58063,0.89625,1.19
175,2010-03-25,Thu,0.27938,0.30938000000000004,0.36625,0.44813000000000003,0.58063,0.895,1.19
176,2010-03-24,Wed,0.27938,0.30875,0.36688000000000004,0.44938,0.5818800000000001,0.8975,1.19375
177,2010-03-23,Tue,0.27938,0.30875,0.36688000000000004,0.44938,0.5825,0.8975,1.1925
178,2010-03-22,Mon,0.28,0.30625,0.36813,0.44938,0.5825,0.8975,1.19375
179,2010-03-19,Fri,0.28063,0.30625,0.36438000000000004,0.44938,0.58375,0.8975,1.195
180,2010-03-18,Thu,0.27875,0.30625,0.36938000000000004,0.45188,0.585,0.89875,1.195
181,2010-03-17,Wed,0.27875,0.30625,0.37375,0.45813000000000004,0.58875,0.9025,1.19875
182,2010-03-16,Tue,0.2775,0.3075,0.37625,0.45938,0.59125,0.905,1.19875
183,2010-03-15,Mon,0.28,0.30625,0.3775,0.46063000000000004,0.595,0.9075,1.20125
184,2010-12-03,Fri,0.27875,0.30625,0.37625,0.45938,0.59438,0.9068799999999999,1.20125
185,2010-11-03,Thu,0.2825,0.3075,0.375,0.45813000000000004,0.5918800000000001,0.9056299999999999,1.19625
186,2010-10-03,Wed,0.28,0.3075,0.3775,0.46188,0.59563,0.9068799999999999,1.19625
187,2010-09-03,Tue,0.6375,0.31,0.3775,0.46188,0.59688,0.9081299999999999,1.1975
188,2010-08-03,Mon,0.2775,0.31375,0.37813,0.46375,0.59813,0.9081299999999999,1.19875
189,2010-05-03,Fri,0.27875,0.31625,0.38188,0.465,0.59813,0.9081299999999999,1.1975
190,2010-04-03,Thu,0.27875,0.31,0.38063,0.46625,0.59813,0.90938,1.19875
191,2010-03-03,Wed,0.28,0.31,0.38,0.46438,0.6,0.9106299999999999,1.19625
192,2010-02-03,Tue,0.28,0.31,0.38125,0.46688,0.59938,0.9106299999999999,1.19625
193,2010-01-03,Mon,0.28125,0.30875,0.3825,0.46813,0.6,0.91125,1.1975
194,2010-02-26,Fri,0.2825,0.3075,0.3825,0.46875,0.60125,0.9125,1.19625
195,2010-02-25,Thu,0.28,0.30875,0.3825,0.47,0.6025,0.91375,1.19625
196,2010-02-24,Wed,0.28125,0.31125,0.38375,0.47188,0.605,0.9181299999999999,1.2075
197,2010-02-23,Tue,0.28313,0.30875,0.38563000000000003,0.47438,0.6075,0.9181299999999999,1.20813
198,2010-02-22,Mon,0.28313,0.31125,0.38563000000000003,0.47438,0.60625,0.9181299999999999,1.20938
199,2010-02-19,Fri,0.28313,0.3125,0.38563000000000003,0.47438,0.60625,0.9168799999999999,1.2118799999999998
200,2010-02-18,Thu,0.28313,0.3125,0.38438,0.47313,0.6025,0.91125,1.20375
201,2010-02-17,Wed,0.285,0.31125,0.38438,0.47438,0.6025,0.91375,1.2075
202,2010-02-16,Tue,0.285,0.30875,0.38313,0.46938,0.59969,0.9125,1.2006299999999999
203,2010-02-15,Mon,0.285,0.30875,0.38313,0.46938,0.59719,0.91,1.1975
204,2010-12-02,Fri,0.2825,0.30875,0.38438,0.46938,0.59719,0.91125,1.20375
205,2010-11-02,Thu,0.2825,0.30875,0.38438,0.46688,0.59719,0.9131299999999999,1.205
206,2010-10-02,Wed,0.28438,0.31125,0.38438,0.46688,0.59719,0.91938,1.20125
207,2010-09-02,Tue,0.6175,0.31125,0.38438,0.46688,0.59813,0.91938,1.2
208,2010-08-02,Mon,0.28125,0.3125,0.38563000000000003,0.46813,0.60063,0.9218799999999999,1.1975
209,2010-05-02,Fri,0.28125,0.31125,0.38625,0.4675,0.60125,0.92375,1.19875
210,2010-04-02,Thu,0.28125,0.31,0.38563000000000003,0.4725,0.60625,0.92625,1.20625
211,2010-03-02,Wed,0.28125,0.30875,0.38563000000000003,0.4725,0.60625,0.92625,1.20625
212,2010-02-02,Tue,0.28125,0.31,0.38813000000000003,0.47625,0.60688,0.92625,1.205
213,2010-01-02,Mon,0.28125,0.30875,0.38938,0.4775,0.60688,0.9275,1.20375
214,2010-01-29,Fri,0.28688,0.30813,0.39,0.4775,0.60875,0.92625,1.2025
215,2010-01-28,Thu,0.28125,0.31,0.39,0.47875,0.61,0.92625,1.2025
216,2010-01-27,Wed,0.28125,0.3125,0.39,0.48125,0.61125,0.92625,1.19375
217,2010-01-26,Tue,0.28563,0.31688,0.39,0.4825,0.61125,0.9268799999999999,1.195
218,2010-01-25,Mon,0.285,0.3175,0.3925,0.48125,0.61375,0.93,1.19625
219,2010-01-22,Fri,0.28625,0.3175,0.3925,0.4825,0.61375,0.92875,1.19875
220,2010-01-21,Thu,0.28375,0.3175,0.3925,0.485,0.61625,0.9318799999999999,1.2
221,2010-01-20,Wed,0.2825,0.31625,0.3925,0.485,0.6175,0.9325,1.20125
222,2010-01-19,Tue,0.615,0.32,0.39625,0.49,0.62125,0.9343799999999999,1.20125
223,2010-01-18,Mon,0.27625,0.32,0.39625,0.49,0.62125,0.9368799999999999,1.2
224,2010-01-15,Fri,0.275,0.325,0.3975,0.49125,0.6275,0.9381299999999999,1.20375
225,2010-01-14,Thu,0.275,0.31875,0.39875,0.49125,0.63188,0.945,1.2131299999999998
226,2010-01-13,Wed,0.27625,0.31875,0.39875,0.49563,0.6325,0.94563,1.2131299999999998
227,2010-12-01,Tue,0.27625,0.32125,0.39875,0.49688000000000004,0.635,0.9493799999999999,1.2131299999999998
228,2010-11-01,Mon,0.275,0.3225,0.4,0.50063,0.6375,0.9543799999999999,1.21938
229,2010-08-01,Fri,0.27625,0.32375,0.41063,0.51375,0.64875,0.965,1.21625
230,2010-07-01,Thu,0.2775,0.32625,0.41063,0.51375,0.64875,0.965,1.21625
231,2010-06-01,Wed,0.27625,0.3275,0.41375,0.51375,0.65,0.9675,1.22125
232,2010-05-01,Tue,0.2775,0.3275,0.415,0.5125,0.65313,0.9725,1.22375
233,2010-04-01,Mon,0.28,0.33,0.415,0.51375,0.65375,0.97688,1.225
234,2009-12-31,Thu,0.29125,0.33875,0.41375,0.515,0.655,0.9731299999999999,1.2175
235,2009-12-30,Wed,0.28375,0.3475,0.42,0.5175,0.655,0.9706299999999999,1.22
236,2009-12-29,Tue,0.285,0.38625,0.43375,0.52313,0.66063,0.97188,1.2206299999999999
237,2009-12-28,Mon,0.28875,0.38125,0.435,0.5293800000000001,0.66813,0.9806299999999999,1.22438
238,2009-12-24,Thu,0.2875,0.39125,0.43625,0.52563,0.66563,0.97188,1.21938
239,2009-12-23,Wed,0.28875,0.3875,0.43625,0.52563,0.66563,0.97188,1.21813
240,2009-12-22,Tue,0.29125,0.33563000000000004,0.44438,0.5275,0.66875,0.975,1.2218799999999999
241,2009-12-21,Mon,0.29375,0.34063000000000004,0.44813000000000003,0.5275,0.67,0.975,1.2218799999999999
242,2009-12-18,Fri,0.29625,0.34313,0.44688,0.525,0.6675,0.975,1.21688
243,2009-12-17,Thu,0.3,0.35563,0.45313000000000003,0.53125,0.67188,0.9781299999999999,1.2231299999999998
244,2009-12-16,Wed,0.30875,0.36188000000000003,0.45813000000000004,0.53375,0.6775,0.98,1.22625
245,2009-12-15,Tue,0.31375,0.36063,0.45688,0.535,0.67625,0.97875,1.2275
246,2009-12-14,Mon,0.31375,0.36188000000000003,0.45688,0.53375,0.67625,0.97875,1.22625
247,2009-11-12,Fri,0.30875,0.36563,0.45563000000000003,0.53875,0.6775,0.97875,1.22625
248,2009-10-12,Thu,0.31,0.36625,0.45688,0.53875,0.6775,0.98,1.22375
249,2009-09-12,Wed,0.30875,0.3675,0.45563000000000003,0.54,0.67875,0.98125,1.22
250,2009-08-12,Tue,0.30875,0.365,0.45688,0.54125,0.68,0.98125,1.22125
251,2009-07-12,Mon,0.6925,0.36625,0.4575,0.54125,0.68,0.98125,1.225
252,2009-04-12,Fri,0.3025,0.365,0.455,0.53875,0.68125,0.98,1.2225
253,2009-03-12,Thu,0.3,0.36625,0.4525,0.53875,0.68,0.9825,1.2275
254,2009-02-12,Wed,0.30375,0.3625,0.4525,0.5375,0.68,0.98125,1.2225
255,2009-01-12,Tue,0.3075,0.3575,0.45125,0.54,0.68125,0.9825,1.2225
256,2009-11-30,Mon,0.38625,0.3575,0.4425,0.53875,0.68,0.98,1.22
257,2009-11-27,Fri,0.30875,0.355,0.44125,0.53875,0.68,0.97875,1.22
258,2009-11-26,Thu,0.30875,0.35375,0.4125,0.53813,0.67813,0.97875,1.22125
259,2009-11-25,Wed,0.3075,0.35375,0.41125,0.53688,0.67813,0.975,1.22125
260,2009-11-24,Tue,0.31,0.35375,0.4075,0.53938,0.67688,0.97625,1.22125
261,2009-11-23,Mon,0.31,0.35375,0.40375,0.53938,0.6756300000000001,0.97625,1.22
262,2009-11-20,Fri,0.31125,0.35125,0.40125,0.53688,0.67313,0.97625,1.21375
263,2009-11-19,Thu,0.3125,0.3525,0.4,0.53688,0.6756300000000001,0.97625,1.2125
264,2009-11-18,Wed,0.30563,0.35,0.39875,0.535,0.675,0.97625,1.21375
265,2009-11-17,Tue,0.30313,0.34875,0.39625,0.53375,0.67375,0.9775,1.2125
266,2009-11-16,Mon,0.29938000000000003,0.3475,0.395,0.52875,0.67125,0.97875,1.2125
267,2009-11-13,Fri,0.29563,0.345,0.39375,0.53,0.67125,0.97875,1.2125
268,2009-12-11,Thu,0.29438000000000003,0.345,0.39375,0.5275,0.67125,0.97875,1.21125
269,2009-11-11,Wed,0.29188000000000003,0.34625,0.395,0.52875,0.6725,0.98125,1.2175
270,2009-10-11,Tue,0.575,0.3475,0.3975,0.5275,0.6725,0.985,1.21938
271,2009-09-11,Mon,0.28063,0.345,0.395,0.52875,0.67625,0.98625,1.21813
272,2009-06-11,Fri,0.2825,0.3425,0.39625,0.53,0.67625,0.9875,1.2225
273,2009-05-11,Thu,0.28125,0.34125,0.39375,0.52875,0.675,0.98625,1.22
274,2009-04-11,Wed,0.28375,0.335,0.39375,0.52875,0.6725,0.9875,1.22375
275,2009-03-11,Tue,0.28375,0.33125,0.39,0.53125,0.67,0.985,1.22125
276,2009-02-11,Mon,0.28625,0.32875,0.38625,0.53375,0.66938,0.98625,1.2275
277,2009-10-30,Fri,0.3075,0.32625,0.38875,0.53375,0.67188,0.9893799999999999,1.23
278,2009-10-29,Thu,0.27875,0.3225,0.39125,0.5325,0.66938,0.98813,1.22375
279,2009-10-28,Wed,0.2775,0.325,0.3875,0.52375,0.67125,0.99313,1.2275
280,2009-10-27,Tue,0.27875,0.325,0.39,0.53,0.67875,0.99813,1.23625
281,2009-10-26,Mon,0.28375,0.32375,0.39125,0.53313,0.68313,1.00125,1.2375
282,2009-10-23,Fri,0.27875,0.3225,0.39125,0.53563,0.68813,1.0075,1.2425
283,2009-10-22,Thu,0.28125,0.325,0.395,0.53813,0.68813,1.0075,1.23875
284,2009-10-21,Wed,0.27875,0.32125,0.38625,0.53563,0.68938,1.0075,1.24
285,2009-10-20,Tue,0.28,0.3225,0.39,0.53688,0.69063,1.01125,1.24
286,2009-10-19,Mon,0.27875,0.32375,0.3925,0.53438,0.695,1.01125,1.24125
287,2009-10-16,Fri,0.27875,0.32125,0.3925,0.53313,0.69125,1.00875,1.24375
288,2009-10-15,Thu,0.2775,0.32375,0.3925,0.53438,0.69125,1.00875,1.23875
289,2009-10-14,Wed,0.27625,0.3225,0.3925,0.53625,0.69063,1.00625,1.2325
290,2009-10-13,Tue,0.5375,0.32375,0.39375,0.5375,0.69563,1.00875,1.23438
291,2009-12-10,Mon,0.272,0.32125,0.39375,0.5425,0.70125,1.01,1.23438
292,2009-09-10,Fri,0.27075,0.32125,0.39125,0.54375,0.7025,1.00813,1.22875
293,2009-08-10,Thu,0.272,0.3175,0.38625,0.54125,0.7018800000000001,1.0018799999999999,1.22625
294,2009-07-10,Wed,0.27075,0.31375,0.38625,0.53875,0.69875,0.99625,1.22
295,2009-06-10,Tue,0.27075,0.31625,0.38875,0.54188,0.69875,0.99875,1.2225
296,2009-05-10,Mon,0.27575,0.3175,0.3875,0.54063,0.69375,0.99313,1.2231299999999998
297,2009-02-10,Fri,0.28075,0.32125,0.39,0.54875,0.6975,0.9968799999999999,1.22563
298,2009-01-10,Thu,0.28225,0.3225,0.3925,0.55,0.70438,1.0031299999999999,1.23063
299,2009-09-30,Wed,0.45625,0.33375,0.395,0.555,0.7068800000000001,1.00688,1.23813
300,2009-09-29,Tue,0.28125,0.3325,0.395,0.55125,0.70375,1.00563,1.23563
301,2009-09-28,Mon,0.28,0.335,0.395,0.5525,0.69625,1.0025,1.2331299999999998
302,2009-09-25,Fri,0.2825,0.33,0.39625,0.55188,0.69875,1.00375,1.23375
303,2009-09-24,Thu,0.28375,0.33,0.39625,0.5525,0.70125,1.00625,1.23375
304,2009-09-23,Wed,0.28125,0.32875,0.39875,0.5575,0.705,1.0143799999999998,1.23938
305,2009-09-22,Tue,0.28375,0.32375,0.40125,0.55875,0.70938,1.015,1.24063
306,2009-09-21,Mon,0.27875,0.31625,0.405,0.565,0.71875,1.0175,1.23938
307,2009-09-18,Fri,0.27625,0.3075,0.39875,0.5625,0.71375,1.01938,1.24063
308,2009-09-17,Thu,0.275,0.30625,0.4,0.56938,0.72375,1.02063,1.23813
309,2009-09-16,Wed,0.27375,0.30375,0.39875,0.57063,0.72313,1.01938,1.23625
310,2009-09-15,Tue,0.275,0.30375,0.39875,0.57188,0.72063,1.0243799999999998,1.24125
311,2009-09-14,Mon,0.27375,0.3025,0.395,0.57375,0.72438,1.02688,1.245
312,2009-11-09,Fri,0.27,0.30625,0.40375,0.5768800000000001,0.73188,1.02625,1.24688
313,2009-10-09,Thu,0.26875,0.30625,0.41375,0.585,0.73875,1.03688,1.25625
314,2009-09-09,Wed,0.27,0.305,0.41625,0.5918800000000001,0.74563,1.04125,1.26063
315,2009-08-09,Tue,0.4825,0.3125,0.41875,0.59625,0.7525,1.04688,1.2675
316,2009-07-09,Mon,0.2725,0.30625,0.42125,0.6,0.75813,1.0568799999999998,1.27
317,2009-04-09,Fri,0.2725,0.305,0.41875,0.6025,0.7625,1.0568799999999998,1.27938
318,2009-03-09,Thu,0.275,0.30375,0.42375,0.6125,0.7775,1.0643799999999999,1.29125
319,2009-02-09,Wed,0.2725,0.30438000000000004,0.425,0.61938,0.78438,1.0668799999999998,1.28875
320,2009-01-09,Tue,0.27875,0.30625,0.42875,0.62438,0.78625,1.06813,1.29
321,2009-08-31,Mon,0.28188,0.31125,0.4325,0.635,0.79906,1.0768799999999998,1.2956299999999998
322,2009-08-28,Fri,0.26875,0.305,0.4275,0.63,0.7956300000000001,1.0768799999999998,1.3
323,2009-08-27,Thu,0.26875,0.3075,0.43375,0.63563,0.8025,1.08,1.30313
324,2009-08-26,Wed,0.26875,0.31,0.4475,0.64563,0.81125,1.08625,1.3043799999999999
325,2009-08-25,Tue,0.2675,0.31125,0.44375,0.64313,0.8106300000000001,1.09125,1.31313
326,2009-08-24,Mon,0.27,0.315,0.45,0.64875,0.8175,1.095,1.3156299999999999
327,2009-08-21,Fri,0.2725,0.31875,0.45375,0.655,0.825,1.0975,1.31313
328,2009-08-20,Thu,0.2725,0.3125,0.455,0.655,0.8225,1.10063,1.3175
329,2009-08-19,Wed,0.27,0.31625,0.45688,0.6575,0.8271299999999999,1.0975,1.31938
330,2009-08-18,Tue,0.27,0.31875,0.46375,0.66625,0.8343799999999999,1.10188,1.325
331,2009-08-17,Mon,0.2675,0.3225,0.4675,0.66438,0.8331299999999999,1.09875,1.32125
332,2009-08-14,Fri,0.27188,0.325,0.4625,0.66375,0.83188,1.11,1.3268799999999998
333,2009-08-13,Thu,0.27188,0.325,0.465,0.66375,0.83625,1.1075,1.32875
334,2009-12-08,Wed,0.2725,0.32375,0.4725,0.66563,0.8393799999999999,1.115,1.3356299999999999
335,2009-11-08,Tue,0.37125,0.32875,0.48625,0.67313,0.845,1.1193799999999998,1.33938
336,2009-10-08,Mon,0.2675,0.32163,0.48288000000000003,0.66938,0.8423799999999999,1.11913,1.3348799999999998
337,2009-07-08,Fri,0.26438,0.32125,0.48125,0.66625,0.8393799999999999,1.1175,1.33125
338,2009-06-08,Thu,0.2675,0.32288,0.4815,0.6665,0.8416299999999999,1.119,1.33125
339,2009-05-08,Wed,0.26813000000000003,0.32375,0.4825,0.67125,0.8406299999999999,1.1175,1.33
340,2009-04-08,Tue,0.26813000000000003,0.32375,0.485,0.67375,0.84875,1.12375,1.33625
341,2009-03-08,Mon,0.26813000000000003,0.32625,0.48625,0.675,0.8525,1.1281299999999999,1.34063
342,2009-07-31,Fri,0.28375,0.3275,0.49375,0.6825,0.86188,1.13125,1.35
343,2009-07-30,Thu,0.26813000000000003,0.33,0.49625,0.685,0.8706299999999999,1.13375,1.35938
344,2009-07-29,Wed,0.26938,0.33375,0.50125,0.69375,0.87875,1.14625,1.36188
345,2009-07-28,Tue,0.2675,0.3325,0.50375,0.69625,0.88313,1.15688,1.37
346,2009-07-27,Mon,0.2675,0.335,0.51125,0.70563,0.8918799999999999,1.16438,1.37438
347,2009-07-24,Fri,0.26938,0.335,0.51625,0.71,0.89875,1.1675,1.3768799999999999
348,2009-07-23,Thu,0.27313000000000004,0.335,0.51875,0.71563,0.9031299999999999,1.17188,1.3781299999999999
349,2009-07-22,Wed,0.27438,0.3375,0.5225,0.725,0.91375,1.1775,1.38438
350,2009-07-21,Tue,0.27438,0.3375,0.52875,0.735,0.92563,1.1875,1.39125
351,2009-07-20,Mon,0.27688,0.3425,0.53625,0.74125,0.9325,1.19688,1.3993799999999998
352,2009-07-17,Fri,0.27313000000000004,0.3425,0.5425,0.745,0.94,1.20313,1.40188
353,2009-07-16,Thu,0.28313,0.35125,0.5525,0.75875,0.95563,1.2106299999999999,1.41125
354,2009-07-15,Wed,0.28063,0.36,0.56188,0.7675,0.96125,1.21625,1.41875
355,2009-07-14,Tue,0.275,0.3625,0.57313,0.77375,0.9656299999999999,1.2206299999999999,1.415
356,2009-07-13,Mon,0.27625,0.36875,0.57875,0.77688,0.9693799999999999,1.22125,1.42563
357,2009-10-07,Fri,0.26875,0.3725,0.585,0.78188,0.97875,1.23,1.42688
358,2009-09-07,Thu,0.265,0.38125,0.58875,0.79625,0.9925,1.235,1.43125
359,2009-08-07,Wed,0.28125,0.39,0.6025,0.80625,1.0,1.2425,1.4375
360,2009-07-07,Tue,0.4325,0.40125,0.635,0.82875,1.01688,1.25375,1.4506299999999999
361,2009-06-07,Mon,0.2725,0.40875,0.66,0.84875,1.03625,1.265,1.45375
362,2009-03-07,Fri,0.26625,0.42,0.6675,0.8575,1.0375,1.2725,1.45625
363,2009-02-07,Thu,0.2725,0.43125,0.7025,0.87375,1.06,1.29,1.48
364,2009-01-07,Wed,0.27313000000000004,0.44,0.72125,0.8825,1.07375,1.30125,1.49125
365,2009-06-30,Tue,0.30875,0.465,0.73375,0.9075,1.095,1.31375,1.50125
366,2009-06-29,Mon,0.28938,0.46,0.75125,0.91875,1.10625,1.32875,1.51625
367,2009-06-26,Fri,0.31,0.48875,0.76375,0.92875,1.11625,1.33375,1.52
368,2009-06-25,Thu,0.34625,0.54,0.78375,0.955,1.1425,1.35375,1.53625
369,2009-06-24,Wed,1.275,0.71375,0.84375,1.0075,1.185,1.40625,1.57375
370,2009-06-23,Tue,0.685,0.8375,0.89938,1.0375,1.2106299999999999,1.42188,1.5956299999999999
371,2009-06-22,Mon,0.72,0.86125,0.9056299999999999,1.04125,1.21563,1.43375,1.60625
372,2009-06-19,Fri,0.74875,0.84875,0.92,1.05313,1.22563,1.44313,1.61875
373,2009-06-18,Thu,0.7875,0.86625,0.92125,1.06025,1.23438,1.45,1.62375
374,2009-06-17,Wed,0.8025,0.87875,0.92625,1.06588,1.23875,1.45313,1.6293799999999998
375,2009-06-16,Tue,0.8025,0.88625,0.93,1.07025,1.2475,1.46438,1.6393799999999998
376,2009-06-15,Mon,0.76625,0.87875,0.93375,1.07625,1.2525,1.475,1.65375
377,2009-12-06,Fri,0.75875,0.8975,0.93875,1.08225,1.25975,1.481,1.66113
378,2009-11-06,Thu,0.79,0.89625,0.93875,1.08463,1.27025,1.48925,1.6733799999999999
379,2009-10-06,Wed,0.79375,0.9,0.9468799999999999,1.08713,1.2791299999999999,1.496,1.68275
380,2009-09-06,Tue,0.7875,0.9125,0.94775,1.0935,1.28325,1.4975,1.68563
381,2009-08-06,Mon,0.5,0.87625,0.94163,1.093,1.28263,1.4958799999999999,1.68025
382,2009-05-06,Fri,0.54125,0.8543799999999999,0.93063,1.0825,1.27188,1.47813,1.6525
383,2009-04-06,Thu,0.5475,0.8343799999999999,0.9125,1.08063,1.2625,1.4631299999999998,1.625
384,2009-03-06,Wed,0.54125,0.77375,0.90875,1.07375,1.25625,1.4618799999999998,1.62
385,2009-02-06,Tue,0.62,0.81,0.9125,1.07813,1.25875,1.46938,1.635
386,2009-01-06,Mon,0.70375,0.85625,0.9268799999999999,1.08438,1.2625,1.47438,1.6375
387,2009-05-29,Fri,0.825,0.8675,0.92125,1.085,1.26875,1.47688,1.64063
388,2009-05-28,Thu,0.8525,0.8925,0.92875,1.08875,1.275,1.4831299999999998,1.64438
389,2009-05-27,Wed,0.9075,0.92,0.92875,1.0925,1.27375,1.4831299999999998,1.6425
390,2009-05-26,Tue,0.9775,0.94125,0.93125,1.0925,1.27,1.4775,1.6381299999999999
391,2009-05-25,Mon,0.99375,0.9218799999999999,0.9181299999999999,1.0881299999999998,1.26563,1.4718799999999999,1.63625
392,2009-05-22,Fri,0.93125,0.90625,0.89938,1.08,1.26188,1.46688,1.63
393,2009-05-21,Thu,0.9375,0.885,0.87875,1.07,1.2525,1.4625,1.62063
394,2009-05-20,Wed,0.83625,0.83375,0.8493799999999999,1.06188,1.24688,1.45313,1.61625
395,2009-05-19,Tue,0.63625,0.69813,0.81563,1.04625,1.2318799999999999,1.4406299999999999,1.5956299999999999
396,2009-05-18,Mon,0.56375,0.6675,0.8106300000000001,1.05188,1.2425,1.445,1.60625
397,2009-05-15,Fri,0.5475,0.66313,0.8175,1.0575,1.2475,1.49375,1.61875
398,2009-05-14,Thu,0.5575,0.66875,0.8225,1.06938,1.26188,1.5018799999999999,1.63125
399,2009-05-13,Wed,0.59125,0.67875,0.8356299999999999,1.07438,1.27125,1.515,1.64313
400,2009-12-05,Tue,0.725,0.6875,0.8475,1.09063,1.28688,1.525,1.65313
401,2009-11-05,Mon,0.41125,0.6825,0.855,1.09375,1.29625,1.52813,1.65688
402,2009-08-05,Fri,0.42625,0.685,0.86125,1.1075,1.30625,1.54625,1.67688
403,2009-07-05,Thu,0.44,0.69375,0.8725,1.1175,1.32125,1.56,1.695
404,2009-06-05,Wed,0.455,0.70875,0.88375,1.1268799999999999,1.32875,1.56938,1.70125
405,2009-05-05,Tue,0.4675,0.73625,0.9025,1.1393799999999998,1.34125,1.58188,1.71
406,2009-04-05,Mon,0.48125,0.75625,0.92,1.14438,1.34938,1.58875,1.715
407,2009-01-05,Fri,0.4975,0.77125,0.9375,1.1593799999999999,1.36188,1.6025,1.72875
408,2009-04-30,Thu,0.4975,0.7725,0.93,1.15688,1.36063,1.60125,1.72875
409,2009-04-29,Wed,0.47125,0.79625,0.94,1.16688,1.37125,1.6081299999999998,1.73125
410,2009-04-28,Tue,0.4975,0.84125,0.95875,1.17188,1.37875,1.6168799999999999,1.7425
411,2009-04-27,Mon,0.53625,0.87,0.9731299999999999,1.18563,1.39188,1.6281299999999999,1.7525
412,2009-04-24,Fri,0.61,0.8825,0.9875,1.19938,1.39625,1.63625,1.7631299999999999
413,2009-04-23,Thu,0.79875,0.92375,0.9925,1.20438,1.40438,1.64063,1.77063
414,2009-04-22,Wed,0.84625,0.93625,0.99875,1.20563,1.40438,1.64438,1.76813
415,2009-04-21,Tue,0.85,0.915,0.9975,1.20625,1.4081299999999999,1.64188,1.77063
416,2009-04-20,Mon,0.85875,0.90375,0.9925,1.20625,1.4075,1.6425,1.77188
417,2009-04-17,Fri,0.86375,0.88375,0.9893799999999999,1.2075,1.40688,1.635,1.77
418,2009-04-16,Thu,0.82875,0.86,0.9875,1.2106299999999999,1.41125,1.635,1.76875
419,2009-04-15,Wed,0.795,0.84688,0.98875,1.2125,1.4125,1.6381299999999999,1.76688
420,2009-04-14,Tue,0.79875,0.8425,0.9925,1.2225,1.4225,1.6475,1.7825
421,2009-09-04,Thu,0.84125,0.8425,0.99375,1.22875,1.42813,1.65438,1.785
422,2009-08-04,Wed,0.7725,0.85375,1.005,1.24563,1.4425,1.66313,1.7831299999999999
423,2009-07-04,Tue,0.79875,0.87375,1.01625,1.2525,1.45,1.675,1.7956299999999998
424,2009-06-04,Mon,0.76125,0.89875,1.045,1.275,1.4718799999999999,1.68875,1.8075
425,2009-03-04,Fri,0.80625,0.935,1.0675,1.2825,1.47875,1.69,1.80938
426,2009-02-04,Thu,0.85625,0.94625,1.07438,1.285,1.48,1.6825,1.79875
427,2009-01-04,Wed,0.8725,0.965,1.1068799999999999,1.30063,1.49375,1.69375,1.81375
428,2009-03-31,Tue,1.3175,0.98875,1.1175,1.31375,1.50625,1.705,1.8256299999999999
429,2009-03-30,Mon,0.91625,1.0,1.1268799999999999,1.3256299999999999,1.515,1.71375,1.83438
430,2009-03-27,Fri,0.885,1.00375,1.14375,1.34,1.525,1.72375,1.84625
431,2009-03-26,Thu,0.87375,1.00625,1.1506299999999998,1.34875,1.5325,1.735,1.855
432,2009-03-25,Wed,0.87625,1.005,1.1575,1.35625,1.5475,1.74,1.86125
433,2009-03-24,Tue,0.8675,0.99625,1.16188,1.36063,1.5543799999999999,1.74813,1.86375
434,2009-03-23,Mon,0.8343799999999999,0.98125,1.16625,1.36563,1.5568799999999998,1.74688,1.86375
435,2009-03-20,Fri,0.81625,0.91375,1.1725,1.3725,1.56625,1.76563,1.87438
436,2009-03-19,Thu,0.80375,0.9125,1.185,1.38188,1.58125,1.76563,1.885
437,2009-03-18,Wed,0.8025,0.92,1.1975,1.40625,1.60375,1.78688,1.9106299999999998
438,2009-03-17,Tue,0.77875,0.9175,1.21,1.41625,1.61188,1.8,1.91875
439,2009-03-16,Mon,0.7793800000000001,0.92625,1.225,1.4293799999999999,1.625,1.805,1.92625
440,2009-03-13,Fri,0.78688,0.94375,1.24,1.4518799999999998,1.6425,1.81813,1.93125
441,2009-12-03,Thu,0.79,0.965,1.265,1.47,1.64875,1.83125,1.94125
442,2009-11-03,Wed,0.77375,0.985,1.28875,1.4875,1.66563,1.84125,1.94625
443,2009-10-03,Tue,1.21375,1.02875,1.31188,1.50875,1.68563,1.85125,1.95125
444,2009-09-03,Mon,1.17375,1.075,1.36,1.54625,1.70875,1.8525,1.9525
445,2009-06-03,Fri,1.18688,1.15,1.38625,1.5668799999999998,1.7318799999999999,1.87875,1.97
446,2009-05-03,Thu,1.19375,1.225,1.4425,1.6025,1.7543799999999998,1.89625,1.98688
447,2009-04-03,Wed,1.2,1.26375,1.47125,1.6325,1.77938,1.91313,2.00188
448,2009-03-03,Tue,1.19375,1.29125,1.4925,1.65,1.79875,1.92875,2.01188
449,2009-02-03,Mon,1.19125,1.30875,1.50813,1.6625,1.81375,1.945,2.0293799999999997
450,2009-02-27,Fri,1.25,1.32,1.52375,1.67375,1.82813,1.9575,2.03625
451,2009-02-26,Thu,1.1925,1.32625,1.5375,1.6875,1.8356299999999999,1.96625,2.04875
452,2009-02-25,Wed,1.1825,1.33625,1.54875,1.70375,1.84938,1.975,2.05625
453,2009-02-24,Tue,1.19125,1.3375,1.55625,1.7131299999999998,1.85875,1.98813,2.06625
454,2009-02-23,Mon,1.18875,1.34,1.565,1.7231299999999998,1.8681299999999998,1.995,2.0725
455,2009-02-20,Fri,1.1775,1.3375,1.56938,1.7325,1.8775,1.99688,2.0775
456,2009-02-19,Thu,1.1825,1.3425,1.57375,1.7425,1.885,2.0025,2.08563
457,2009-02-18,Wed,1.1475,1.3325,1.58125,1.75,1.89875,2.00563,2.09
458,2009-02-17,Tue,1.14375,1.34625,1.59125,1.7631299999999999,1.91125,2.0181299999999998,2.10563
459,2009-02-16,Mon,1.13125,1.3375,1.5925,1.7775,1.92313,2.03875,2.1231299999999997
460,2009-02-13,Fri,1.145,1.35,1.61125,1.79,1.935,2.05063,2.13813
461,2009-12-02,Thu,1.15875,1.36375,1.63375,1.8075,1.95625,2.06,2.14938
462,2009-11-02,Wed,1.17375,1.3701299999999998,1.64988,1.82,1.9775,2.08188,2.17188
463,2009-10-02,Tue,1.21125,1.3625,1.65875,1.83,1.9925,2.09625,2.18
464,2009-09-02,Mon,1.1175,1.36375,1.67625,1.8481299999999998,2.00438,2.11,2.19625
465,2009-06-02,Fri,1.12125,1.34125,1.685,1.85375,2.02125,2.13,2.2075
466,2009-05-02,Thu,1.11625,1.35875,1.69,1.87125,2.03875,2.14938,2.22938
467,2009-04-02,Wed,1.1175,1.37375,1.705,1.87625,2.05125,2.1625,2.2375
468,2009-03-02,Tue,1.125,1.37875,1.72,1.89125,2.06125,2.17125,2.25
469,2009-02-02,Mon,1.1275,1.39375,1.73,1.9075,2.07625,2.18438,2.26
470,2009-01-30,Fri,1.175,1.39875,1.7425,1.92625,2.09063,2.20313,2.2825
471,2009-01-29,Thu,1.12125,1.39875,1.755,1.94375,2.10375,2.21813,2.2975
472,2009-01-28,Wed,1.10125,1.39625,1.76625,1.95,2.1175,2.24625,2.3225
473,2009-01-27,Tue,1.11125,1.3825,1.77,1.97,2.1325,2.25813,2.33875
474,2009-01-26,Mon,1.115,1.3875,1.8,1.99375,2.1425,2.27,2.3425
475,2009-01-23,Fri,1.125,1.42625,1.84375,2.0425,2.19,2.31,2.375
476,2009-01-22,Thu,1.14375,1.50375,1.89875,2.09625,2.25313,2.35588,2.4275
477,2009-01-21,Wed,1.40625,1.6375,1.95,2.1575,2.3075,2.4075,2.48
478,2009-01-20,Tue,2.0775,1.8175,2.01125,2.22375,2.36875,2.465,2.5325
479,2009-01-19,Mon,2.03625,1.87,2.04875,2.25813,2.4075,2.5025,2.5725
480,2009-01-16,Fri,2.03625,1.94625,2.10938,2.315,2.45,2.55125,2.61275
481,2009-01-15,Thu,2.04875,1.9975,2.18625,2.38688,2.5,2.58875,2.65375
482,2009-01-14,Wed,2.05875,2.11,2.26438,2.45,2.56125,2.64113,2.69625
483,2009-01-13,Tue,2.0625,2.145,2.317,2.49875,2.6075,2.6845,2.7368799999999998
484,2009-12-01,Mon,2.07,2.16875,2.36688,2.54375,2.64813,2.73113,2.78438
485,2009-09-01,Fri,2.07125,2.19813,2.40188,2.5775,2.68875,2.78125,2.84063
486,2009-08-01,Thu,2.09,2.225,2.43375,2.61125,2.71875,2.8218799999999997,2.8815
487,2009-07-01,Wed,2.1,2.26438,2.47,2.65313,2.75563,2.86313,2.93063
488,2009-06-01,Tue,2.10625,2.2925,2.50438,2.68375,2.7825,2.89738,2.95875
489,2009-05-01,Mon,2.11375,2.31625,2.52375,2.71125,2.81375,2.93025,2.99938
490,2009-02-01,Fri,2.1425,2.34875,2.555,2.73813,2.84875,2.96538,3.02688
491,2008-12-31,Wed,2.2075,2.36875,2.58875,2.7775,2.89375,2.9975,3.05875
492,2008-12-30,Tue,2.125,2.41125,2.62125,2.81,2.925,3.02125,3.0918799999999997
493,2008-12-29,Mon,2.14375,2.50625,2.68,2.8625,2.96438,3.05375,3.12375
494,2008-12-24,Wed,2.1775,2.5325,2.70938,2.88313,2.9868799999999998,3.07625,3.14375
495,2008-12-23,Tue,2.115,2.525,2.73063,2.91375,3.01125,3.10563,3.18375
496,2008-12-22,Mon,2.1425,2.285,2.7568799999999998,2.95063,3.0493799999999998,3.1543799999999997,3.21938
497,2008-12-19,Fri,2.135,2.2925,2.7975,2.97625,3.07625,3.18313,3.24938
498,2008-12-18,Thu,2.1625,2.31625,2.81625,3.015,3.11313,3.22188,3.2875
499,2008-12-17,Wed,2.195,2.34813,2.84875,3.055,3.145,3.26188,3.335
500,2008-12-16,Tue,2.20375,2.38638,2.905,3.10125,3.2025,3.3225,3.3968800000000003
501,2008-12-15,Mon,2.24375,2.405,2.94125,3.1475,3.2475,3.36,3.43375
502,2008-12-12,Fri,2.275,2.43,2.9725,3.1925,3.28875,3.39625,3.475
503,2008-11-12,Thu,2.2775,2.47,3.01125,3.22625,3.32875,3.43875,3.51875
504,2008-10-12,Wed,2.325,2.50375,3.045,3.2775,3.3775,3.49,3.57
505,2008-09-12,Tue,2.94,2.54875,3.09375,3.3225,3.42,3.5375,3.6175
506,2008-08-12,Mon,2.865,2.62625,3.15125,3.38375,3.4975,3.595,3.66875
507,2008-05-12,Fri,2.8725,2.7,3.215,3.46625,3.5675,3.6468800000000003,3.7025
508,2008-04-12,Thu,2.89,2.8575,3.32625,3.585,3.675,3.7331300000000005,3.785
509,2008-03-12,Wed,2.90375,3.015,3.415,3.6475,3.7475,3.81375,3.8631300000000004
510,2008-02-12,Tue,2.9,3.09125,3.47625,3.68625,3.785,3.84688,3.9
511,2008-01-12,Mon,2.925,3.12625,3.52375,3.72875,3.82375,3.87875,3.925
512,2008-11-28,Fri,2.94375,3.13875,3.56625,3.7625,3.85125,3.9125,3.9575
513,2008-11-27,Thu,2.90375,3.1425,3.58,3.79125,3.87375,3.9425,3.9825
514,2008-11-26,Wed,2.9,3.155,3.37125,3.8125,3.90625,3.97125,4.01375
515,2008-11-25,Tue,2.90125,3.16375,3.4225,3.85625,3.93,4.00375,4.05375
516,2008-11-24,Mon,2.9,3.17,3.46875,3.88375,3.97375,4.03375,4.08
517,2008-11-21,Fri,2.89,3.1875,3.52625,3.94875,4.00375,4.06375,4.1125
518,2008-11-20,Thu,2.90375,3.19875,3.60125,4.00125,4.06,4.11875,4.165
519,2008-11-19,Wed,2.93375,3.21,3.66625,4.03875,4.1075,4.175,4.22375
520,2008-11-18,Tue,2.97625,3.235,3.7125,4.08,4.14875,4.22125,4.28
521,2008-11-17,Mon,3.00625,3.24,3.7725,4.10875,4.1875,4.26625,4.325
522,2008-11-14,Fri,3.05125,3.2525,3.81625,4.14625,4.22125,4.29875,4.355
523,2008-11-13,Thu,3.07875,3.26875,3.83,4.16,4.23125,4.30625,4.3675
524,2008-12-11,Wed,3.16875,3.2975,3.885,4.19875,4.27375,4.34875,4.40125
525,2008-11-11,Tue,3.74875,3.32875,3.92625,4.24125,4.32125,4.405,4.45875
526,2008-10-11,Mon,3.435,3.36875,3.98375,4.30375,4.39125,4.4725,4.52875
527,2008-07-11,Fri,3.425,3.45625,4.0775,4.38375,4.4725,4.55125,4.59375
528,2008-06-11,Thu,3.4625,3.66375,4.2275,4.5125,4.59625,4.66875,4.705
529,2008-05-11,Wed,3.49375,3.75375,4.27875,4.565,4.65625,4.72625,4.76625
530,2008-04-11,Tue,3.5,3.79625,4.34875,4.61,4.70625,4.77188,4.8125
531,2008-03-11,Mon,3.5375,3.80375,4.38625,4.63813,4.7375,4.80375,4.845
532,2008-10-31,Fri,3.55375,3.8375,4.4225,4.65688,4.76875,4.82125,4.87125
533,2008-10-30,Thu,3.53375,3.8525,4.445,4.665,4.79375,4.864380000000001,4.91438
534,2008-10-29,Wed,3.54,3.8825,4.475,4.64125,4.8275,4.9125,4.95875
535,2008-10-28,Tue,3.53875,3.88875,4.51375,4.6825,4.85,4.95125,4.99375
536,2008-10-27,Mon,3.5625,3.9075,4.55625,4.71875,4.90313,4.98,5.02625
537,2008-10-24,Fri,3.54875,3.89875,4.58625,4.73538,4.9075,4.98963,5.04
538,2008-10-23,Thu,3.55625,3.9275,4.5875,4.73125,4.915,5.00875,5.055
539,2008-10-22,Wed,3.5675,3.8975,4.59625,4.74375,4.925,5.02625,5.08125
540,2008-10-21,Tue,3.555,3.90625,4.63125,4.7725,4.95875,5.04,5.115
541,2008-10-20,Mon,3.5725,3.9375,4.665,4.8075,4.98625,5.07625,5.15188
542,2008-10-17,Fri,3.66125,3.98875,4.7175,4.85,5.02,5.11125,5.19813
543,2008-10-16,Thu,3.75,4.02125,4.78375,4.905,5.08125,5.15625,5.23375
544,2008-10-15,Wed,3.73625,4.03125,4.87125,5.0025,5.175,5.2475,5.30875
545,2008-10-14,Tue,3.75,4.1375,4.92625,5.0475,5.225,5.2875,5.33375
546,2008-10-13,Mon,3.775,4.335,5.0175,5.1325,5.29875,5.35125,5.4
547,2008-10-10,Fri,3.8925,4.565,5.0825,5.205,5.36625,5.42625,5.47875
548,2008-09-10,Thu,3.93625,4.76375,5.10875,5.21625,5.38625,5.4375,5.4975
549,2008-08-10,Wed,4.35,4.99875,5.18625,5.2475,5.39125,5.435,5.485
550,2008-07-10,Tue,4.4875,4.96125,5.165,5.22625,5.37125,5.43375,5.4875
551,2008-06-10,Mon,4.27375,4.8475,5.1225,5.19625,5.3375,5.4125,5.4775
552,2008-03-10,Fri,4.105,4.83,5.10875,5.1925,5.3275,5.4125,5.49625
553,2008-02-10,Thu,4.16125,4.825,5.0925,5.17,5.3175,5.41375,5.51375
554,2008-01-10,Wed,4.26875,4.825,5.07375,5.1425,5.285,5.3925,5.4975
555,2008-09-30,Tue,4.44875,4.82875,5.0425,5.12875,5.27375,5.37,5.49375
556,2008-09-29,Mon,3.7125,4.7075,4.99625,5.06375,5.2225,5.30375,5.465
557,2008-09-26,Fri,4.06875,4.7925,4.99625,5.01875,5.13875,5.2875,5.47
558,2008-09-25,Thu,4.38,4.7775,4.9675,4.99725,5.11125,5.29375,5.4825
559,2008-09-24,Wed,4.375,4.7275,4.91,4.8975,5.0625,5.2675,5.4575
560,2008-09-23,Tue,4.4125,4.685,4.8425,4.8475,5.0525,5.2575,5.45
561,2008-09-22,Mon,4.40625,4.6525,4.7575,4.8275,5.025,5.245,5.4375
562,2008-09-19,Fri,4.43625,4.54875,4.645,4.7975,5.00375,5.23625,5.4075
563,2008-09-18,Thu,4.34875,4.5375,4.59,4.78875,4.995,5.225630000000001,5.381880000000001
564,2008-09-17,Wed,4.425,4.50113,4.5375,4.774380000000001,4.97375,5.2,5.35875
565,2008-09-16,Tue,4.4175,4.49063,4.53188,4.77313,4.96625,5.18938,5.34313
566,2008-09-15,Mon,4.49375,4.42938,4.524380000000001,4.76875,4.96563,5.18375,5.34063
567,2008-12-09,Fri,4.295,4.39625,4.511880000000001,4.755,4.95188,5.17625,5.335
568,2008-11-09,Thu,4.3,4.3975,4.51125,4.75625,4.9543800000000005,5.1725,5.3325
569,2008-10-09,Wed,4.30375,4.39875,4.50875,4.756880000000001,4.953130000000001,5.1675,5.33
570,2008-09-09,Tue,3.9625,4.3975,4.5125,4.756880000000001,4.955,5.16875,5.33125
571,2008-08-09,Mon,4.30375,4.39875,4.51,4.75813,4.955,5.16875,5.335
572,2008-05-09,Fri,4.31,4.39625,4.51063,4.755,4.955,5.16375,5.32
573,2008-04-09,Thu,4.3075,4.39875,4.5125,4.756880000000001,4.95625,5.16375,5.3275
574,2008-03-09,Wed,4.30813,4.39688,4.51125,4.75625,4.953130000000001,5.1575,5.32
575,2008-02-09,Tue,4.3025,4.39875,4.50813,4.75188,4.95188,5.154380000000001,5.32313
576,2008-01-09,Mon,4.30125,4.39688,4.50813,4.75438,4.9543800000000005,5.15563,5.32
577,2008-08-29,Fri,4.36875,4.395630000000001,4.50438,4.755,4.95938,5.16,5.32688
578,2008-08-28,Thu,4.2975,4.395630000000001,4.5025,4.75625,4.95938,5.15688,5.32375
579,2008-08-27,Wed,4.29375,4.40375,4.47688,4.755,4.96,5.15125,5.305
580,2008-08-26,Tue,4.27625,4.40813,4.47875,4.75563,4.9575,5.15188,5.3068800000000005
581,2008-08-25,Mon,4.27,4.40563,4.47938,4.75438,4.95563,5.15325,5.31238
582,2008-08-22,Fri,4.265630000000001,4.4,4.47375,4.7525,4.95188,5.15313,5.31125
583,2008-08-21,Thu,4.265,4.39625,4.47375,4.7525,4.95188,5.15188,5.305630000000001
584,2008-08-20,Wed,4.275,4.37875,4.47813,4.75563,4.95563,5.15563,5.31
585,2008-08-19,Tue,4.29625,4.38438,4.47938,4.756880000000001,4.95688,5.155,5.296880000000001
586,2008-08-18,Mon,4.295,4.386880000000001,4.48375,4.75625,4.95625,5.15688,5.30063
587,2008-08-15,Fri,4.29375,4.38875,4.4825,4.75563,4.958130000000001,5.154380000000001,5.305630000000001
588,2008-08-14,Thu,4.296880000000001,4.3875,4.480630000000001,4.75438,4.95625,5.15188,5.305
589,2008-08-13,Wed,4.30375,4.39,4.48188,4.75563,4.958130000000001,5.15188,5.30938
590,2008-12-08,Tue,4.32875,4.39,4.480630000000001,4.75625,4.95688,5.15188,5.3156300000000005
591,2008-11-08,Mon,4.3,4.39,4.48188,4.7575,4.95938,5.15188,5.32
592,2008-08-08,Fri,4.30625,4.39313,4.47813,4.75813,4.96063,5.15125,5.31188
593,2008-07-08,Thu,4.30875,4.3925,4.480630000000001,4.75813,4.96375,5.16375,5.34938
594,2008-06-08,Wed,4.3,4.39313,4.47813,4.75813,4.96438,5.1625,5.35313
595,2008-05-08,Tue,4.30125,4.395,4.4825,4.75813,4.966880000000001,5.15875,5.35688
596,2008-04-08,Mon,4.29,4.3918800000000005,4.48188,4.75813,4.965,5.15625,5.35625
597,2008-01-08,Fri,4.29125,4.386880000000001,4.47813,4.75563,4.9631300000000005,5.15125,5.3575
598,2008-07-31,Thu,4.3725,4.39125,4.47813,4.75438,4.9625,5.14875,5.36688
599,2008-07-30,Wed,4.29375,4.3918800000000005,4.47688,4.75375,4.96063,5.15313,5.37063
600,2008-07-29,Tue,4.29438,4.405,4.4775,4.74563,4.95938,5.14688,5.381880000000001
601,2008-07-28,Mon,4.29375,4.405,4.48125,4.74688,4.96,5.14688,5.38938
602,2008-07-25,Fri,4.29125,4.404380000000001,4.48625,4.74938,4.9631300000000005,5.14813,5.386880000000001
603,2008-07-24,Thu,4.2975,4.399380000000001,4.4825,4.74688,4.95938,5.15188,5.40688
604,2008-07-23,Wed,4.293130000000001,4.3975,4.48,4.748130000000001,4.95938,5.15563,5.42563
605,2008-07-22,Tue,4.28375,4.35688,4.4725,4.74563,4.955,5.15375,5.4125
606,2008-07-21,Mon,4.28375,4.355630000000001,4.46875,4.748130000000001,4.95563,5.149380000000001,5.41125
607,2008-07-18,Fri,4.27625,4.35625,4.466880000000001,4.74625,4.953130000000001,5.13625,5.37688
608,2008-07-17,Thu,4.285,4.35438,4.46813,4.74688,4.958130000000001,5.140630000000001,5.38063
609,2008-07-16,Wed,4.2825,4.35125,4.46563,4.74125,4.953130000000001,5.13438,5.37063
610,2008-07-15,Tue,4.28,4.34813,4.46563,4.7443800000000005,4.958130000000001,5.13875,5.37563
611,2008-07-14,Mon,4.27125,4.3475,4.46563,4.74375,4.9575,5.14313,5.385
612,2008-11-07,Fri,4.275,4.3468800000000005,4.465,4.74375,4.95938,5.140630000000001,5.3875
613,2008-10-07,Thu,4.28875,4.34625,4.46813,4.743130000000001,4.95688,5.13375,5.38438
614,2008-09-07,Wed,4.2875,4.34875,4.46875,4.7443800000000005,4.96063,5.1425,5.3925
615,2008-08-07,Tue,3.8125,4.3475,4.46875,4.743130000000001,4.958130000000001,5.136880000000001,5.37688
616,2008-07-07,Mon,3.92125,4.325,4.4675,4.74188,4.9543800000000005,5.14375,5.39313
617,2008-04-07,Fri,3.93125,4.27375,4.46625,4.74,4.95688,5.1425,5.395630000000001
618,2008-03-07,Thu,3.93375,4.22375,4.46375,4.74375,4.9631300000000005,5.16125,5.43688
619,2008-02-07,Wed,3.935,4.13,4.44313,4.7356300000000005,4.9543800000000005,5.14813,5.41938
620,2008-01-07,Tue,3.92875,4.1275,4.44688,4.7375,4.9543800000000005,5.14438,5.41625
621,2008-06-30,Mon,4.20875,4.13063,4.43938,4.735,4.949380000000001,5.12938,5.39375
622,2008-06-27,Fri,3.7425,4.13938,4.43688,4.7356300000000005,4.94875,5.13,5.3875
623,2008-06-26,Thu,3.91125,4.24375,4.46,4.74563,4.9543800000000005,5.12125,5.40813
624,2008-06-25,Wed,3.97,4.310630000000001,4.480630000000001,4.748130000000001,4.955,5.12375,5.41625
625,2008-06-24,Tue,4.00375,4.36875,4.489380000000001,4.74938,4.9575,5.125,5.41938
626,2008-06-23,Mon,4.0025,4.41125,4.489380000000001,4.75063,4.95563,5.12625,5.41625
627,2008-06-20,Fri,4.005,4.425,4.489380000000001,4.755,4.95688,5.125,5.42875
628,2008-06-19,Thu,4.01875,4.12,4.4925,4.75188,4.95938,5.125,5.4318800000000005
629,2008-06-18,Wed,4.025,4.12625,4.48,4.74875,4.95625,5.12375,5.4275
630,2008-06-17,Tue,4.03375,4.135,4.480630000000001,4.748130000000001,4.95875,5.125,5.43375
631,2008-06-16,Mon,4.03625,4.13,4.47125,4.748130000000001,4.958130000000001,5.125,5.435
632,2008-06-13,Fri,4.0325,4.12563,4.46875,4.7475,4.95688,5.12938,5.43625
633,2008-12-06,Thu,4.03875,4.140630000000001,4.4718800000000005,4.74688,4.955,5.12125,5.42125
634,2008-11-06,Wed,4.04625,4.145,4.47125,4.745,4.955,5.1193800000000005,5.41688
635,2008-10-06,Tue,4.1075,4.17938,4.47125,4.74688,4.95938,5.12063,5.435
636,2008-09-06,Mon,3.98125,4.171880000000001,4.47375,4.748130000000001,4.96125,5.12,5.43625
637,2008-06-06,Fri,3.98375,4.1575,4.47625,4.7525,4.96,5.1125,5.42
638,2008-05-06,Thu,4.0025,4.16688,4.45625,4.68688,4.864380000000001,4.93938,5.12688
639,2008-04-06,Wed,4.01125,4.17875,4.45938,4.68688,4.86188,4.93688,5.10625
640,2008-03-06,Tue,4.05,4.2043800000000005,4.465,4.68688,4.86281,4.92938,5.09938
641,2008-02-06,Mon,4.05375,4.21,4.4621900000000005,4.68688,4.86406,4.92875,5.09625
642,2008-05-30,Fri,4.15375,4.211880000000001,4.46,4.685630000000001,4.86,4.926880000000001,5.09125
643,2008-05-29,Thu,4.12625,4.21563,4.461880000000001,4.68438,4.8575,4.92375,5.0575
644,2008-05-28,Wed,4.08125,4.225630000000001,4.37125,4.67875,4.85625,4.92563,5.05438
645,2008-05-27,Tue,4.06125,4.22688,4.373130000000001,4.6775,4.8575,4.92438,5.046880000000001
646,2008-05-26,Mon,4.045,4.22063,4.37375,4.6775,4.855,4.9231300000000005,5.03938
647,2008-05-23,Fri,4.00875,4.21813,4.37438,4.67938,4.855630000000001,4.91688,5.024380000000001
648,2008-05-22,Thu,4.01,4.215,4.37438,4.67875,4.855,4.90875,4.99688
649,2008-05-21,Wed,3.99,4.18438,4.373130000000001,4.6775,4.85375,4.90375,4.9975
650,2008-05-20,Tue,3.99875,4.19125,4.37563,4.67813,4.85375,4.89688,4.9856300000000005
651,2008-05-19,Mon,4.00625,4.18813,4.37188,4.6775,4.8575,4.8975,4.9825
652,2008-05-16,Fri,4.00625,4.19,4.37063,4.675,4.855,4.89625,4.9825
653,2008-05-15,Thu,4.01375,4.19813,4.37688,4.67813,4.8575,4.89813,4.985
654,2008-05-14,Wed,4.02625,4.21375,4.38313,4.676880000000001,4.85625,4.88813,4.97
655,2008-05-13,Tue,4.02125,4.22625,4.38313,4.675,4.85188,4.8775,4.95063
656,2008-12-05,Mon,3.7275,4.20063,4.38125,4.67438,4.8525,4.87688,4.949380000000001
657,2008-09-05,Fri,3.84,4.21375,4.38313,4.67625,4.85375,4.873130000000001,4.945
658,2008-08-05,Thu,4.03125,4.23375,4.38438,4.67813,4.85313,4.8775,4.95625
659,2008-07-05,Wed,4.06125,4.25188,4.38313,4.67875,4.85375,4.8781300000000005,4.95688
660,2008-06-05,Tue,4.0775,4.2625,4.38625,4.68,4.855630000000001,4.881880000000001,4.9575
661,2008-05-05,Mon,4.08,4.27,4.38563,4.68,4.8575,4.88,4.95688
662,2008-02-05,Fri,4.0825,4.265630000000001,4.38625,4.68438,4.85625,4.88313,4.9525
663,2008-01-05,Thu,4.2375,4.26625,4.38813,4.68375,4.85375,4.885,4.95875
